pitcher,player_name,pitch_label,pitch_count,pitcher_total_pitches,pitch_ratio
434378,"Verlander, Justin",FF,1139,2525,0.4510891089108911
434378,"Verlander, Justin",SL,597,2525,0.23643564356435642
434378,"Verlander, Justin",CU,371,2525,0.14693069306930692
434378,"Verlander, Justin",CH,213,2525,0.08435643564356436
434378,"Verlander, Justin",ST,195,2525,0.07722772277227723
434378,"Verlander, Justin",SI,10,2525,0.0039603960396039604
445276,"Jansen, Kenley",FC,683,838,0.815035799522673
445276,"Jansen, Kenley",SI,75,838,0.08949880668257756
445276,"Jansen, Kenley",SL,53,838,0.06324582338902147
445276,"Jansen, Kenley",ST,27,838,0.032219570405727926
445926,"Chavez, Jesse",FC,53,130,0.4076923076923077
445926,"Chavez, Jesse",SI,47,130,0.36153846153846153
445926,"Chavez, Jesse",CH,20,130,0.15384615384615385
445926,"Chavez, Jesse",SL,8,130,0.06153846153846154
445926,"Chavez, Jesse",CU,2,130,0.015384615384615385
448179,"Hill, Rich",FF,63,171,0.3684210526315789
448179,"Hill, Rich",CU,59,171,0.34502923976608185
448179,"Hill, Rich",FC,27,171,0.15789473684210525
448179,"Hill, Rich",SI,11,171,0.06432748538011696
448179,"Hill, Rich",ST,10,171,0.05847953216374269
448179,"Hill, Rich",CH,1,171,0.005847953216374269
450203,"Morton, Charlie",CU,953,2468,0.38614262560777957
450203,"Morton, Charlie",FF,670,2468,0.2714748784440843
450203,"Morton, Charlie",SI,373,2468,0.15113452188006482
450203,"Morton, Charlie",CH,244,2468,0.09886547811993517
450203,"Morton, Charlie",FC,228,2468,0.09238249594813615
453286,"Scherzer, Max",FF,655,1345,0.48698884758364314
453286,"Scherzer, Max",SL,322,1345,0.23940520446096655
453286,"Scherzer, Max",CH,188,1345,0.13977695167286244
453286,"Scherzer, Max",CU,159,1345,0.11821561338289963
453286,"Scherzer, Max",FC,21,1345,0.015613382899628252
455119,"Martin, Chris",FC,213,593,0.3591905564924115
455119,"Martin, Chris",FF,179,593,0.30185497470489037
455119,"Martin, Chris",FS,105,593,0.17706576728499157
455119,"Martin, Chris",SI,84,593,0.14165261382799327
455119,"Martin, Chris",ST,12,593,0.02023608768971332
458677,"Wilson, Justin",FF,384,824,0.46601941747572817
458677,"Wilson, Justin",SL,277,824,0.33616504854368934
458677,"Wilson, Justin",FC,122,824,0.14805825242718446
458677,"Wilson, Justin",FS,41,824,0.04975728155339806
471911,"Carrasco, Carlos",SL,184,739,0.2489851150202977
471911,"Carrasco, Carlos",SI,164,739,0.2219215155615697
471911,"Carrasco, Carlos",CH,159,739,0.21515561569688768
471911,"Carrasco, Carlos",FF,153,739,0.2070365358592693
471911,"Carrasco, Carlos",CU,77,739,0.10419485791610285
471911,"Carrasco, Carlos",ST,2,739,0.0027063599458728013
472610,"García, Luis",SI,349,800,0.43625
472610,"García, Luis",ST,262,800,0.3275
472610,"García, Luis",FS,174,800,0.2175
472610,"García, Luis",FF,15,800,0.01875
476594,"Stock, Robert",FC,26,59,0.4406779661016949
476594,"Stock, Robert",SI,19,59,0.3220338983050847
476594,"Stock, Robert",FF,6,59,0.1016949152542373
476594,"Stock, Robert",ST,5,59,0.0847457627118644
476594,"Stock, Robert",CH,3,59,0.05084745762711865
477132,"Kershaw, Clayton",SL,732,1770,0.4135593220338983
477132,"Kershaw, Clayton",FF,612,1770,0.34576271186440677
477132,"Kershaw, Clayton",CU,316,1770,0.17853107344632768
477132,"Kershaw, Clayton",FS,98,1770,0.05536723163841808
477132,"Kershaw, Clayton",SI,9,1770,0.005084745762711864
477132,"Kershaw, Clayton",OTHER,3,1770,0.001694915254237288
489119,"Miley, Wade",FC,70,205,0.34146341463414637
489119,"Miley, Wade",CH,49,205,0.23902439024390243
489119,"Miley, Wade",FF,45,205,0.21951219512195122
489119,"Miley, Wade",SI,31,205,0.15121951219512195
489119,"Miley, Wade",ST,7,205,0.03414634146341464
489119,"Miley, Wade",SL,2,205,0.00975609756097561
489119,"Miley, Wade",CU,1,205,0.004878048780487805
489446,"Yates, Kirby",FF,413,715,0.5776223776223777
489446,"Yates, Kirby",FS,302,715,0.4223776223776224
493603,"Ottavino, Adam",SI,15,42,0.35714285714285715
493603,"Ottavino, Adam",ST,14,42,0.3333333333333333
493603,"Ottavino, Adam",FF,10,42,0.23809523809523808
493603,"Ottavino, Adam",FC,3,42,0.07142857142857142
500743,"Rojas, Miguel",OTHER,69,69,1.0
500779,"Quintana, Jose",SI,953,2174,0.43836246550137997
500779,"Quintana, Jose",CH,482,2174,0.22171113155473782
500779,"Quintana, Jose",CU,298,2174,0.13707451701931922
500779,"Quintana, Jose",FF,255,2174,0.11729530818767249
500779,"Quintana, Jose",SV,186,2174,0.08555657773689053
502043,"Gibson, Kyle",SI,100,280,0.35714285714285715
502043,"Gibson, Kyle",ST,53,280,0.18928571428571428
502043,"Gibson, Kyle",CH,36,280,0.12857142857142856
502043,"Gibson, Kyle",CU,31,280,0.11071428571428571
502043,"Gibson, Kyle",FC,29,280,0.10357142857142858
502043,"Gibson, Kyle",FF,26,280,0.09285714285714286
502043,"Gibson, Kyle",SL,5,280,0.017857142857142856
502085,"Robertson, David",FC,162,319,0.5078369905956113
502085,"Robertson, David",KC,108,319,0.3385579937304075
502085,"Robertson, David",SL,30,319,0.09404388714733543
502085,"Robertson, David",SI,16,319,0.050156739811912224
502085,"Robertson, David",CH,3,319,0.009404388714733543
506433,"Darvish, Yu",SI,236,1179,0.2001696352841391
506433,"Darvish, Yu",FF,198,1179,0.16793893129770993
506433,"Darvish, Yu",CU,180,1179,0.15267175572519084
506433,"Darvish, Yu",SL,163,1179,0.13825275657336725
506433,"Darvish, Yu",FC,139,1179,0.11789652247667515
506433,"Darvish, Yu",FS,121,1179,0.10262934690415607
506433,"Darvish, Yu",ST,117,1179,0.09923664122137404
506433,"Darvish, Yu",KC,15,1179,0.01272264631043257
506433,"Darvish, Yu",CH,8,1179,0.006785411365564037
506433,"Darvish, Yu",OTHER,2,1179,0.0016963528413910093
518397,"Alexander, Scott",SI,180,278,0.6474820143884892
518397,"Alexander, Scott",SL,59,278,0.21223021582733814
518397,"Alexander, Scott",CH,39,278,0.14028776978417265
518489,"Brasier, Ryan",FF,134,374,0.3582887700534759
518489,"Brasier, Ryan",SL,129,374,0.3449197860962567
518489,"Brasier, Ryan",SI,64,374,0.1711229946524064
518489,"Brasier, Ryan",FC,47,374,0.12566844919786097
518585,"Cruz, Fernando",FS,489,821,0.5956151035322778
518585,"Cruz, Fernando",FF,175,821,0.21315468940316687
518585,"Cruz, Fernando",SI,109,821,0.13276492082825822
518585,"Cruz, Fernando",SL,48,821,0.058465286236297195
518876,"Kelly, Merrill",CH,752,2748,0.27365356622998543
518876,"Kelly, Merrill",FF,624,2748,0.22707423580786026
518876,"Kelly, Merrill",FC,566,2748,0.2059679767103348
518876,"Kelly, Merrill",SI,355,2748,0.12918486171761281
518876,"Kelly, Merrill",CU,266,2748,0.09679767103347889
518876,"Kelly, Merrill",SL,185,2748,0.0673216885007278
518886,"Kimbrel, Craig",FF,148,230,0.6434782608695652
518886,"Kimbrel, Craig",KC,40,230,0.17391304347826086
518886,"Kimbrel, Craig",ST,29,230,0.12608695652173912
518886,"Kimbrel, Craig",CH,12,230,0.05217391304347826
518886,"Kimbrel, Craig",FC,1,230,0.004347826086956522
519008,"McFarland, T.J.",SI,124,237,0.5232067510548524
519008,"McFarland, T.J.",ST,86,237,0.3628691983122363
519008,"McFarland, T.J.",CH,26,237,0.10970464135021098
519008,"McFarland, T.J.",FF,1,237,0.004219409282700422
519141,"Pomeranz, Drew",FF,636,824,0.7718446601941747
519141,"Pomeranz, Drew",KC,188,824,0.22815533980582525
519151,"Pressly, Ryan",FF,226,604,0.3741721854304636
519151,"Pressly, Ryan",CU,147,604,0.2433774834437086
519151,"Pressly, Ryan",SL,123,604,0.20364238410596028
519151,"Pressly, Ryan",SI,75,604,0.12417218543046357
519151,"Pressly, Ryan",CH,33,604,0.054635761589403975
519242,"Sale, Chris",SL,925,1947,0.4750898818695429
519242,"Sale, Chris",FF,821,1947,0.4216743708269132
519242,"Sale, Chris",CH,136,1947,0.06985105290190036
519242,"Sale, Chris",SI,65,1947,0.03338469440164355
519326,"Strickland, Hunter",FF,114,332,0.3433734939759036
519326,"Strickland, Hunter",SL,108,332,0.3253012048192771
519326,"Strickland, Hunter",ST,44,332,0.13253012048192772
519326,"Strickland, Hunter",SI,38,332,0.1144578313253012
519326,"Strickland, Hunter",CH,28,332,0.08433734939759036
521230,"Hendriks, Liam",FF,128,232,0.5517241379310345
521230,"Hendriks, Liam",SL,76,232,0.3275862068965517
521230,"Hendriks, Liam",CU,27,232,0.11637931034482758
521230,"Hendriks, Liam",OTHER,1,232,0.004310344827586207
527048,"Pérez, Martín",SI,251,809,0.31025957972805934
527048,"Pérez, Martín",CH,233,809,0.2880098887515451
527048,"Pérez, Martín",FC,223,809,0.27564894932014833
527048,"Pérez, Martín",CU,70,809,0.0865265760197775
527048,"Pérez, Martín",FF,32,809,0.03955500618046971
534910,"Hahn, Jesse",SI,43,79,0.5443037974683544
534910,"Hahn, Jesse",ST,17,79,0.21518987341772153
534910,"Hahn, Jesse",CU,11,79,0.13924050632911392
534910,"Hahn, Jesse",FF,8,79,0.10126582278481013
541640,"Ramírez, Erasmo",FC,70,158,0.4430379746835443
541640,"Ramírez, Erasmo",SI,51,158,0.3227848101265823
541640,"Ramírez, Erasmo",CH,18,158,0.11392405063291139
541640,"Ramírez, Erasmo",FF,10,158,0.06329113924050633
541640,"Ramírez, Erasmo",CU,9,158,0.056962025316455694
542881,"Anderson, Tyler",FF,857,2248,0.38122775800711745
542881,"Anderson, Tyler",CH,767,2248,0.34119217081850534
542881,"Anderson, Tyler",FC,457,2248,0.20329181494661921
542881,"Anderson, Tyler",SI,84,2248,0.037366548042704624
542881,"Anderson, Tyler",SL,77,2248,0.03425266903914591
542881,"Anderson, Tyler",CU,6,2248,0.0026690391459074734
542888,"Armstrong, Shawn",FF,311,1071,0.2903828197945845
542888,"Armstrong, Shawn",FC,256,1071,0.23902894491129786
542888,"Armstrong, Shawn",SI,253,1071,0.23622782446311857
542888,"Armstrong, Shawn",ST,250,1071,0.2334267040149393
542888,"Armstrong, Shawn",SV,1,1071,0.0009337068160597573
542932,"Berti, Jon",OTHER,51,51,1.0
543056,"Coulombe, Danny",FC,281,703,0.39971550497866287
543056,"Coulombe, Danny",FF,141,703,0.20056899004267426
543056,"Coulombe, Danny",SI,135,703,0.19203413940256045
543056,"Coulombe, Danny",ST,125,703,0.17780938833570412
543056,"Coulombe, Danny",KC,20,703,0.02844950213371266
543056,"Coulombe, Danny",CH,1,703,0.001422475106685633
543101,"DeSclafani, Anthony",SL,140,634,0.22082018927444794
543101,"DeSclafani, Anthony",KC,136,634,0.21451104100946372
543101,"DeSclafani, Anthony",FS,129,634,0.20347003154574134
543101,"DeSclafani, Anthony",FF,114,634,0.17981072555205047
543101,"DeSclafani, Anthony",SI,113,634,0.17823343848580442
543101,"DeSclafani, Anthony",ST,2,634,0.0031545741324921135
543135,"Eovaldi, Nathan",FS,588,1832,0.32096069868995636
543135,"Eovaldi, Nathan",FF,406,1832,0.22161572052401746
543135,"Eovaldi, Nathan",FC,369,1832,0.20141921397379914
543135,"Eovaldi, Nathan",CU,357,1832,0.19486899563318777
543135,"Eovaldi, Nathan",SI,90,1832,0.04912663755458515
543135,"Eovaldi, Nathan",SL,22,1832,0.012008733624454149
543243,"Gray, Sonny",FF,582,2642,0.2202876608629826
543243,"Gray, Sonny",ST,507,2642,0.1919000757002271
543243,"Gray, Sonny",CU,482,2642,0.18243754731264195
543243,"Gray, Sonny",SI,467,2642,0.17676003028009085
543243,"Gray, Sonny",FC,332,2642,0.12566237698713095
543243,"Gray, Sonny",CH,224,2642,0.08478425435276306
543243,"Gray, Sonny",SL,45,2642,0.01703255109765329
543243,"Gray, Sonny",OTHER,3,2642,0.0011355034065102195
543294,"Hendricks, Kyle",CH,987,2573,0.3835989117761368
543294,"Hendricks, Kyle",SI,987,2573,0.3835989117761368
543294,"Hendricks, Kyle",FF,385,2573,0.14963078118927323
543294,"Hendricks, Kyle",CU,212,2573,0.08239409249902838
543294,"Hendricks, Kyle",OTHER,2,2573,0.000777302759424796
543391,"Kelly, Casey",FF,10,24,0.4166666666666667
543391,"Kelly, Casey",SL,5,24,0.20833333333333334
543391,"Kelly, Casey",CH,4,24,0.16666666666666666
543391,"Kelly, Casey",SI,4,24,0.16666666666666666
543391,"Kelly, Casey",CU,1,24,0.041666666666666664
543518,"McGough, Scott",FF,115,297,0.3872053872053872
543518,"McGough, Scott",FS,99,297,0.3333333333333333
543518,"McGough, Scott",SL,70,297,0.2356902356902357
543518,"McGough, Scott",SI,13,297,0.04377104377104377
543592,"Nola, Austin",OTHER,29,29,1.0
543859,"Tonkin, Michael",FF,226,397,0.5692695214105793
543859,"Tonkin, Michael",SL,103,397,0.2594458438287154
543859,"Tonkin, Michael",ST,36,397,0.0906801007556675
543859,"Tonkin, Michael",SI,32,397,0.08060453400503778
544150,"Suárez, Albert",FF,58,134,0.43283582089552236
544150,"Suárez, Albert",CU,22,134,0.16417910447761194
544150,"Suárez, Albert",FC,22,134,0.16417910447761194
544150,"Suárez, Albert",SV,17,134,0.12686567164179105
544150,"Suárez, Albert",CH,15,134,0.11194029850746269
547001,"Poteet, Cody",SL,24,68,0.35294117647058826
547001,"Poteet, Cody",SI,20,68,0.29411764705882354
547001,"Poteet, Cody",CH,13,68,0.19117647058823528
547001,"Poteet, Cody",FF,5,68,0.07352941176470588
547001,"Poteet, Cody",ST,4,68,0.058823529411764705
547001,"Poteet, Cody",CU,2,68,0.029411764705882353
547179,"Lorenzen, Michael",FF,511,2318,0.22044866264020707
547179,"Lorenzen, Michael",SI,418,2318,0.18032786885245902
547179,"Lorenzen, Michael",CH,401,2318,0.1729939603106126
547179,"Lorenzen, Michael",SL,277,2318,0.11949956859361519
547179,"Lorenzen, Michael",CU,261,2318,0.11259706643658327
547179,"Lorenzen, Michael",FC,251,2318,0.10828300258843832
547179,"Lorenzen, Michael",ST,199,2318,0.08584987057808456
547184,"Kelly, Michael",ST,332,658,0.5045592705167173
547184,"Kelly, Michael",FF,192,658,0.2917933130699088
547184,"Kelly, Michael",SL,94,658,0.14285714285714285
547184,"Kelly, Michael",SI,30,658,0.04559270516717325
547184,"Kelly, Michael",CH,10,658,0.015197568389057751
547973,"Chapman, Aroldis",FF,383,946,0.4048625792811839
547973,"Chapman, Aroldis",SI,312,946,0.3298097251585624
547973,"Chapman, Aroldis",SL,145,946,0.15327695560253699
547973,"Chapman, Aroldis",FS,106,946,0.11205073995771671
548384,"Raley, Brooks",ST,163,388,0.42010309278350516
548384,"Raley, Brooks",SI,94,388,0.2422680412371134
548384,"Raley, Brooks",FC,78,388,0.20103092783505155
548384,"Raley, Brooks",CH,53,388,0.13659793814432988
552640,"Kittredge, Andrew",SL,422,807,0.5229244114002478
552640,"Kittredge, Andrew",SI,294,807,0.3643122676579926
552640,"Kittredge, Andrew",FF,84,807,0.10408921933085502
552640,"Kittredge, Andrew",FS,7,807,0.008674101610904586
554340,"García, Yimi",FF,141,315,0.44761904761904764
554340,"García, Yimi",ST,59,315,0.1873015873015873
554340,"García, Yimi",CU,54,315,0.17142857142857143
554340,"García, Yimi",SI,41,315,0.13015873015873017
554340,"García, Yimi",CH,18,315,0.05714285714285714
554340,"García, Yimi",SL,2,315,0.006349206349206349
554430,"Wheeler, Zack",FF,939,2297,0.4087940792337832
554430,"Wheeler, Zack",SI,399,2297,0.173704832390074
554430,"Wheeler, Zack",ST,346,2297,0.15063125816282108
554430,"Wheeler, Zack",CU,222,2297,0.09664780148019156
554430,"Wheeler, Zack",FS,201,2297,0.08750544188071398
554430,"Wheeler, Zack",FC,190,2297,0.0827165868524162
554431,"Matzek, Tyler",FF,76,127,0.5984251968503937
554431,"Matzek, Tyler",SL,42,127,0.33070866141732286
554431,"Matzek, Tyler",SI,9,127,0.07086614173228346
570632,"Ureña, José",SI,339,934,0.36295503211991437
570632,"Ureña, José",SL,239,934,0.2558886509635974
570632,"Ureña, José",CH,230,934,0.2462526766595289
570632,"Ureña, José",FF,94,934,0.1006423982869379
570632,"Ureña, José",FS,32,934,0.034261241970021415
571466,"Barnhart, Tucker",OTHER,22,22,1.0
571510,"Boyd, Matthew",FF,1302,2742,0.474835886214442
571510,"Boyd, Matthew",CH,650,2742,0.23705324580598103
571510,"Boyd, Matthew",SL,395,2742,0.14405543398978848
571510,"Boyd, Matthew",CU,315,2742,0.11487964989059081
571510,"Boyd, Matthew",SI,80,2742,0.029175784099197667
571578,"Corbin, Patrick",SL,868,2588,0.33539412673879443
571578,"Corbin, Patrick",SI,748,2588,0.2890262751159196
571578,"Corbin, Patrick",FC,648,2588,0.250386398763524
571578,"Corbin, Patrick",CH,240,2588,0.09273570324574962
571578,"Corbin, Patrick",FF,69,2588,0.026661514683153014
571578,"Corbin, Patrick",CU,15,2588,0.005795981452859351
571657,"Farmer, Kyle",OTHER,7,7,1.0
571760,"Heaney, Andrew",FF,864,2003,0.4313529705441837
571760,"Heaney, Andrew",CH,345,2003,0.17224163754368446
571760,"Heaney, Andrew",SL,336,2003,0.16774837743384924
571760,"Heaney, Andrew",SI,234,2003,0.11682476285571643
571760,"Heaney, Andrew",CU,113,2003,0.056415376934598103
571760,"Heaney, Andrew",OTHER,111,2003,0.05541687468796805
571771,"Hernández, Enrique",OTHER,125,125,1.0
571912,"Maile, Luke",OTHER,13,13,1.0
571927,"Matz, Steven",SI,669,1146,0.5837696335078534
571927,"Matz, Steven",CU,248,1146,0.2164048865619546
571927,"Matz, Steven",CH,210,1146,0.18324607329842932
571927,"Matz, Steven",SL,18,1146,0.015706806282722512
571927,"Matz, Steven",OTHER,1,1146,0.0008726003490401396
571945,"Mikolas, Miles",FF,673,2403,0.28006658343736995
571945,"Mikolas, Miles",SL,556,2403,0.23137744486059092
571945,"Mikolas, Miles",CU,421,2403,0.17519766957969204
571945,"Mikolas, Miles",SI,397,2403,0.16521015397419891
571945,"Mikolas, Miles",CH,278,2403,0.11568872243029546
571945,"Mikolas, Miles",ST,69,2403,0.02871410736579276
571945,"Mikolas, Miles",OTHER,9,2403,0.003745318352059925
571946,"Miller, Shelby",FF,425,688,0.6177325581395349
571946,"Miller, Shelby",FS,199,688,0.28924418604651164
571946,"Miller, Shelby",ST,57,688,0.08284883720930232
571946,"Miller, Shelby",SL,6,688,0.00872093023255814
571946,"Miller, Shelby",FC,1,688,0.0014534883720930232
571948,"Milner, Hoby",ST,392,1117,0.35094001790510293
571948,"Milner, Hoby",SI,372,1117,0.333034914950761
571948,"Milner, Hoby",CH,197,1117,0.17636526410026857
571948,"Milner, Hoby",FF,156,1117,0.1396598030438675
572955,"Johnson, Pierce",CU,693,961,0.7211238293444329
572955,"Johnson, Pierce",FF,222,961,0.23100936524453694
572955,"Johnson, Pierce",FC,46,961,0.047866805411030174
573009,"Mantiply, Joe",SI,67,172,0.38953488372093026
573009,"Mantiply, Joe",CU,60,172,0.3488372093023256
573009,"Mantiply, Joe",CH,42,172,0.2441860465116279
573009,"Mantiply, Joe",FF,3,172,0.01744186046511628
573124,"Rogers, Taylor",ST,456,891,0.5117845117845118
573124,"Rogers, Taylor",SI,435,891,0.4882154882154882
573186,"Stroman, Marcus",SI,231,623,0.3707865168539326
573186,"Stroman, Marcus",SV,117,623,0.18780096308186195
573186,"Stroman, Marcus",FC,111,623,0.1781701444622793
573186,"Stroman, Marcus",FS,70,623,0.11235955056179775
573186,"Stroman, Marcus",CU,34,623,0.05457463884430177
573186,"Stroman, Marcus",SL,32,623,0.051364365971107544
573186,"Stroman, Marcus",FF,28,623,0.0449438202247191
573204,"Thielbar, Caleb",FF,351,817,0.42962056303549573
573204,"Thielbar, Caleb",CU,232,817,0.2839657282741738
573204,"Thielbar, Caleb",ST,122,817,0.14932680538555693
573204,"Thielbar, Caleb",SL,112,817,0.13708690330477355
573262,"Yastrzemski, Mike",OTHER,20,21,0.9523809523809523
573262,"Yastrzemski, Mike",CU,1,21,0.047619047619047616
579328,"Kikuchi, Yusei",SL,1089,3007,0.3621549717326239
579328,"Kikuchi, Yusei",FF,1047,3007,0.34818756235450615
579328,"Kikuchi, Yusei",CU,468,3007,0.15563684735616895
579328,"Kikuchi, Yusei",CH,365,3007,0.12138343864316595
579328,"Kikuchi, Yusei",SI,32,3007,0.010641835716661123
579328,"Kikuchi, Yusei",ST,6,3007,0.0019953441968739607
592094,"Adam, Jason",SL,370,1040,0.3557692307692308
592094,"Adam, Jason",CH,347,1040,0.33365384615384613
592094,"Adam, Jason",FF,234,1040,0.225
592094,"Adam, Jason",ST,86,1040,0.08269230769230769
592094,"Adam, Jason",FC,3,1040,0.0028846153846153848
592155,"Booser, Cam",FF,249,534,0.46629213483146065
592155,"Booser, Cam",ST,174,534,0.3258426966292135
592155,"Booser, Cam",FC,96,534,0.1797752808988764
592155,"Booser, Cam",CH,15,534,0.028089887640449437
592254,"De León, José",FF,48,101,0.4752475247524752
592254,"De León, José",SV,24,101,0.2376237623762376
592254,"De León, José",SL,16,101,0.15841584158415842
592254,"De León, José",CH,13,101,0.12871287128712872
592332,"Gausman, Kevin",FF,1612,3008,0.535904255319149
592332,"Gausman, Kevin",FS,1134,3008,0.37699468085106386
592332,"Gausman, Kevin",SL,260,3008,0.08643617021276596
592332,"Gausman, Kevin",SI,2,3008,0.0006648936170212766
592351,"Gray, Jon",FF,99,210,0.4714285714285714
592351,"Gray, Jon",SL,89,210,0.4238095238095238
592351,"Gray, Jon",CH,16,210,0.0761904761904762
592351,"Gray, Jon",CU,6,210,0.02857142857142857
592426,"Jackson, Luke",SL,354,735,0.4816326530612245
592426,"Jackson, Luke",FF,248,735,0.33741496598639453
592426,"Jackson, Luke",CU,123,735,0.1673469387755102
592426,"Jackson, Luke",FC,6,735,0.00816326530612245
592426,"Jackson, Luke",SI,3,735,0.004081632653061225
592426,"Jackson, Luke",CH,1,735,0.0013605442176870747
592454,"Kahnle, Tommy",CH,895,1044,0.85727969348659
592454,"Kahnle, Tommy",FF,145,1044,0.1388888888888889
592454,"Kahnle, Tommy",SL,4,1044,0.0038314176245210726
592662,"Ray, Robbie",FF,1546,2991,0.516883985289201
592662,"Ray, Robbie",SL,673,2991,0.225008358408559
592662,"Ray, Robbie",CH,389,2991,0.13005683717820127
592662,"Ray, Robbie",KC,369,2991,0.12337011033099297
592662,"Ray, Robbie",ST,12,2991,0.004012036108324975
592662,"Ray, Robbie",SI,2,2991,0.0006686726847208291
592773,"Stanek, Ryne",FF,596,1046,0.5697896749521989
592773,"Stanek, Ryne",SL,228,1046,0.2179732313575526
592773,"Stanek, Ryne",FS,126,1046,0.12045889101338432
592773,"Stanek, Ryne",ST,96,1046,0.09177820267686425
592779,"Stewart, Brock",FF,332,610,0.5442622950819672
592779,"Stewart, Brock",ST,87,610,0.14262295081967213
592779,"Stewart, Brock",SI,67,610,0.10983606557377049
592779,"Stewart, Brock",CH,66,610,0.10819672131147541
592779,"Stewart, Brock",FC,58,610,0.09508196721311475
592791,"Taillon, Jameson",FF,736,1959,0.37570188871873406
592791,"Taillon, Jameson",ST,313,1959,0.15977539561000512
592791,"Taillon, Jameson",FC,285,1959,0.14548238897396631
592791,"Taillon, Jameson",CU,252,1959,0.12863705972434916
592791,"Taillon, Jameson",CH,226,1959,0.1153649821337417
592791,"Taillon, Jameson",SI,147,1959,0.07503828483920368
592836,"Walker, Taijuan",FC,621,2061,0.30131004366812225
592836,"Walker, Taijuan",FS,463,2061,0.22464822901504125
592836,"Walker, Taijuan",SI,416,2061,0.20184376516254246
592836,"Walker, Taijuan",SL,232,2061,0.11256671518680253
592836,"Walker, Taijuan",FF,196,2061,0.09509946627850557
592836,"Walker, Taijuan",CU,133,2061,0.06453178068898593
592866,"Williams, Trevor",FF,613,1448,0.4233425414364641
592866,"Williams, Trevor",ST,398,1448,0.27486187845303867
592866,"Williams, Trevor",CH,186,1448,0.12845303867403315
592866,"Williams, Trevor",SL,127,1448,0.08770718232044199
592866,"Williams, Trevor",SI,124,1448,0.0856353591160221
593423,"Montas, Frankie",FF,178,708,0.2514124293785311
593423,"Montas, Frankie",FS,146,708,0.2062146892655367
593423,"Montas, Frankie",SI,124,708,0.1751412429378531
593423,"Montas, Frankie",SL,99,708,0.13983050847457626
593423,"Montas, Frankie",ST,89,708,0.12570621468926554
593423,"Montas, Frankie",FC,72,708,0.1016949152542373
593576,"Neris, Héctor",FS,216,504,0.42857142857142855
593576,"Neris, Héctor",FF,206,504,0.4087301587301587
593576,"Neris, Héctor",SI,36,504,0.07142857142857142
593576,"Neris, Héctor",CH,31,504,0.061507936507936505
593576,"Neris, Héctor",SL,15,504,0.02976190476190476
593833,"Suero, Wander",FC,108,142,0.7605633802816901
593833,"Suero, Wander",CH,32,142,0.22535211267605634
593833,"Suero, Wander",CU,2,142,0.014084507042253521
593958,"Rodriguez, Eduardo",FF,1179,2504,0.47084664536741216
593958,"Rodriguez, Eduardo",CH,498,2504,0.1988817891373802
593958,"Rodriguez, Eduardo",FC,391,2504,0.15615015974440893
593958,"Rodriguez, Eduardo",SI,224,2504,0.08945686900958466
593958,"Rodriguez, Eduardo",CU,121,2504,0.04832268370607029
593958,"Rodriguez, Eduardo",SL,90,2504,0.035942492012779555
593958,"Rodriguez, Eduardo",OTHER,1,2504,0.00039936102236421724
593974,"Peralta, Wandy",SI,520,1142,0.4553415061295972
593974,"Peralta, Wandy",CH,393,1142,0.34413309982486867
593974,"Peralta, Wandy",SL,192,1142,0.1681260945709282
593974,"Peralta, Wandy",FF,37,1142,0.03239929947460595
594580,"Moll, Sam",ST,141,303,0.46534653465346537
594580,"Moll, Sam",SI,66,303,0.21782178217821782
594580,"Moll, Sam",FF,64,303,0.21122112211221122
594580,"Moll, Sam",CH,32,303,0.10561056105610561
594798,"deGrom, Jacob",FF,1177,2541,0.46320346320346323
594798,"deGrom, Jacob",SL,954,2541,0.3754427390791027
594798,"deGrom, Jacob",CH,284,2541,0.11176702085792994
594798,"deGrom, Jacob",CU,126,2541,0.049586776859504134
594902,"Lively, Ben",FF,216,652,0.3312883435582822
594902,"Lively, Ben",SI,161,652,0.2469325153374233
594902,"Lively, Ben",ST,76,652,0.1165644171779141
594902,"Lively, Ben",SL,57,652,0.08742331288343558
594902,"Lively, Ben",CH,53,652,0.08128834355828221
594902,"Lively, Ben",FC,52,652,0.07975460122699386
594902,"Lively, Ben",CU,37,652,0.05674846625766871
595014,"Treinen, Blake",ST,220,480,0.4583333333333333
595014,"Treinen, Blake",SI,147,480,0.30625
595014,"Treinen, Blake",FF,58,480,0.12083333333333333
595014,"Treinen, Blake",FC,55,480,0.11458333333333333
595345,"Okert, Steven",SL,601,1040,0.5778846153846153
595345,"Okert, Steven",FF,430,1040,0.41346153846153844
595345,"Okert, Steven",FC,7,1040,0.006730769230769231
595345,"Okert, Steven",CH,1,1040,0.0009615384615384616
595345,"Okert, Steven",OTHER,1,1040,0.0009615384615384616
595897,"Burdi, Nick",SI,36,83,0.43373493975903615
595897,"Burdi, Nick",SL,26,83,0.3132530120481928
595897,"Burdi, Nick",FF,19,83,0.2289156626506024
595897,"Burdi, Nick",CH,2,83,0.024096385542168676
595928,"Curtiss, John",FF,291,545,0.5339449541284403
595928,"Curtiss, John",FC,168,545,0.30825688073394497
595928,"Curtiss, John",SL,49,545,0.08990825688073395
595928,"Curtiss, John",CH,37,545,0.06788990825688074
595978,"Hedges, Austin",OTHER,56,56,1.0
596001,"Junis, Jakob",ST,455,1023,0.4447702834799609
596001,"Junis, Jakob",SI,268,1023,0.2619745845552297
596001,"Junis, Jakob",CH,210,1023,0.20527859237536658
596001,"Junis, Jakob",FF,90,1023,0.08797653958944282
596103,"Slater, Austin",OTHER,10,10,1.0
596112,"Stephenson, Robert",FC,101,147,0.6870748299319728
596112,"Stephenson, Robert",FF,23,147,0.1564625850340136
596112,"Stephenson, Robert",FS,12,147,0.08163265306122448
596112,"Stephenson, Robert",SL,11,147,0.07482993197278912
596133,"Weaver, Luke",FF,627,1056,0.59375
596133,"Weaver, Luke",CH,317,1056,0.3001893939393939
596133,"Weaver, Luke",FC,99,1056,0.09375
596133,"Weaver, Luke",SL,13,1056,0.01231060606060606
596142,"Sánchez, Gary",OTHER,19,19,1.0
596271,"Lawrence, Casey",SI,110,276,0.39855072463768115
596271,"Lawrence, Casey",ST,68,276,0.2463768115942029
596271,"Lawrence, Casey",CH,60,276,0.21739130434782608
596271,"Lawrence, Casey",FF,19,276,0.06884057971014493
596271,"Lawrence, Casey",SL,13,276,0.04710144927536232
596271,"Lawrence, Casey",FC,4,276,0.014492753623188406
596271,"Lawrence, Casey",CU,2,276,0.007246376811594203
596295,"Gomber, Austin",FF,340,999,0.34034034034034033
596295,"Gomber, Austin",KC,248,999,0.24824824824824826
596295,"Gomber, Austin",CH,164,999,0.16416416416416416
596295,"Gomber, Austin",SL,153,999,0.15315315315315314
596295,"Gomber, Austin",FC,46,999,0.04604604604604605
596295,"Gomber, Austin",FS,45,999,0.04504504504504504
596295,"Gomber, Austin",SI,3,999,0.003003003003003003
600917,"Leclerc, José",FF,50,164,0.3048780487804878
600917,"Leclerc, José",SL,37,164,0.22560975609756098
600917,"Leclerc, José",CH,32,164,0.1951219512195122
600917,"Leclerc, José",FC,27,164,0.16463414634146342
600917,"Leclerc, José",SI,15,164,0.09146341463414634
600917,"Leclerc, José",CU,3,164,0.018292682926829267
601713,"Pivetta, Nick",FF,1357,2854,0.4754730203223546
601713,"Pivetta, Nick",CU,624,2854,0.21864050455501052
601713,"Pivetta, Nick",ST,527,2854,0.1846531184302733
601713,"Pivetta, Nick",FC,250,2854,0.08759635599159075
601713,"Pivetta, Nick",SI,77,2854,0.02697967764540995
601713,"Pivetta, Nick",SL,14,2854,0.004905395935529082
601713,"Pivetta, Nick",FS,5,2854,0.001751927119831815
605130,"Barlow, Scott",ST,364,1280,0.284375
605130,"Barlow, Scott",FF,277,1280,0.21640625
605130,"Barlow, Scott",SL,232,1280,0.18125
605130,"Barlow, Scott",CU,218,1280,0.1703125
605130,"Barlow, Scott",SI,186,1280,0.1453125
605130,"Barlow, Scott",OTHER,2,1280,0.0015625
605130,"Barlow, Scott",CH,1,1280,0.00078125
605135,"Bassitt, Chris",SI,1137,2723,0.4175541681968417
605135,"Bassitt, Chris",FC,457,2723,0.1678295997062064
605135,"Bassitt, Chris",CU,443,2723,0.1626882115313992
605135,"Bassitt, Chris",FF,260,2723,0.0954829232464194
605135,"Bassitt, Chris",ST,154,2723,0.056555269922879174
605135,"Bassitt, Chris",CH,104,2723,0.03819316929856775
605135,"Bassitt, Chris",FS,88,2723,0.032317297098788104
605135,"Bassitt, Chris",SL,80,2723,0.029379360998898273
605154,"Brebbia, John",FF,221,449,0.4922048997772829
605154,"Brebbia, John",SL,195,449,0.43429844097995546
605154,"Brebbia, John",CH,29,449,0.0645879732739421
605154,"Brebbia, John",CU,4,449,0.008908685968819599
605177,"Chafin, Andrew",SI,250,614,0.40716612377850164
605177,"Chafin, Andrew",SL,237,614,0.38599348534201955
605177,"Chafin, Andrew",FF,123,614,0.2003257328990228
605177,"Chafin, Andrew",CH,4,614,0.006514657980456026
605182,"Clevinger, Mike",FF,36,85,0.4235294117647059
605182,"Clevinger, Mike",CH,17,85,0.2
605182,"Clevinger, Mike",ST,17,85,0.2
605182,"Clevinger, Mike",FC,11,85,0.12941176470588237
605182,"Clevinger, Mike",SI,3,85,0.03529411764705882
605182,"Clevinger, Mike",CU,1,85,0.011764705882352941
605218,"Edwards Jr., Carl",FF,46,90,0.5111111111111111
605218,"Edwards Jr., Carl",CU,31,90,0.34444444444444444
605218,"Edwards Jr., Carl",CH,13,90,0.14444444444444443
605242,"Fulmer, Michael",FC,39,90,0.43333333333333335
605242,"Fulmer, Michael",FF,21,90,0.23333333333333334
605242,"Fulmer, Michael",CH,9,90,0.1
605242,"Fulmer, Michael",SI,9,90,0.1
605242,"Fulmer, Michael",CU,8,90,0.08888888888888889
605242,"Fulmer, Michael",ST,4,90,0.044444444444444446
605280,"Holmes, Clay",SI,1085,2675,0.405607476635514
605280,"Holmes, Clay",ST,500,2675,0.18691588785046728
605280,"Holmes, Clay",CH,430,2675,0.16074766355140188
605280,"Holmes, Clay",SL,288,2675,0.10766355140186916
605280,"Holmes, Clay",FC,225,2675,0.08411214953271028
605280,"Holmes, Clay",FF,147,2675,0.05495327102803738
605288,"Houser, Adrian",SI,868,1892,0.4587737843551797
605288,"Houser, Adrian",SL,292,1892,0.1543340380549683
605288,"Houser, Adrian",CH,289,1892,0.15274841437632136
605288,"Houser, Adrian",FF,222,1892,0.11733615221987315
605288,"Houser, Adrian",CU,221,1892,0.11680761099365751
605347,"López, Jorge",SI,105,382,0.27486910994764396
605347,"López, Jorge",FF,94,382,0.24607329842931938
605347,"López, Jorge",SL,80,382,0.2094240837696335
605347,"López, Jorge",KC,65,382,0.17015706806282724
605347,"López, Jorge",CH,37,382,0.0968586387434555
605347,"López, Jorge",OTHER,1,382,0.002617801047120419
605400,"Nola, Aaron",FF,443,1473,0.30074677528852684
605400,"Nola, Aaron",KC,435,1473,0.2953156822810591
605400,"Nola, Aaron",SI,268,1473,0.18194161575016973
605400,"Nola, Aaron",CH,222,1473,0.15071283095723015
605400,"Nola, Aaron",FC,105,1473,0.07128309572301425
605447,"Romano, Jordan",SL,418,661,0.632375189107413
605447,"Romano, Jordan",FF,243,661,0.367624810892587
605452,"Ross, Joe",FF,299,824,0.3628640776699029
605452,"Ross, Joe",SI,234,824,0.28398058252427183
605452,"Ross, Joe",SL,179,824,0.21723300970873785
605452,"Ross, Joe",CH,70,824,0.08495145631067962
605452,"Ross, Joe",CU,42,824,0.050970873786407765
605463,"Scott, Tayler",FF,253,524,0.48282442748091603
605463,"Scott, Tayler",FS,152,524,0.2900763358778626
605463,"Scott, Tayler",ST,69,524,0.1316793893129771
605463,"Scott, Tayler",SL,35,524,0.06679389312977099
605463,"Scott, Tayler",SI,15,524,0.02862595419847328
605483,"Snell, Blake",FF,449,1027,0.4371957156767283
605483,"Snell, Blake",CH,252,1027,0.2453748782862707
605483,"Snell, Blake",CU,213,1027,0.2074001947419669
605483,"Snell, Blake",SL,113,1027,0.11002921129503408
605488,"Springs, Jeffrey",FF,1170,2764,0.4232995658465991
605488,"Springs, Jeffrey",CH,698,2764,0.25253256150506515
605488,"Springs, Jeffrey",SL,560,2764,0.20260492040520983
605488,"Springs, Jeffrey",ST,172,2764,0.06222865412445731
605488,"Springs, Jeffrey",FC,164,2764,0.059334298118668596
605507,"Thompson, Zach",FF,24,60,0.4
605507,"Thompson, Zach",FC,16,60,0.26666666666666666
605507,"Thompson, Zach",CU,9,60,0.15
605507,"Thompson, Zach",CH,8,60,0.13333333333333333
605507,"Thompson, Zach",SI,3,60,0.05
605513,"Turnbull, Spencer",FF,47,125,0.376
605513,"Turnbull, Spencer",ST,28,125,0.224
605513,"Turnbull, Spencer",CU,19,125,0.152
605513,"Turnbull, Spencer",CH,14,125,0.112
605513,"Turnbull, Spencer",SL,9,125,0.072
605513,"Turnbull, Spencer",SI,8,125,0.064
605540,"Woodruff, Brandon",SI,299,964,0.31016597510373445
605540,"Woodruff, Brandon",FF,296,964,0.3070539419087137
605540,"Woodruff, Brandon",CH,170,964,0.17634854771784234
605540,"Woodruff, Brandon",FC,151,964,0.1566390041493776
605540,"Woodruff, Brandon",CU,36,964,0.03734439834024896
605540,"Woodruff, Brandon",ST,12,964,0.012448132780082987
606160,"Montero, Rafael",FS,514,1075,0.4781395348837209
606160,"Montero, Rafael",FF,428,1075,0.39813953488372095
606160,"Montero, Rafael",SL,80,1075,0.07441860465116279
606160,"Montero, Rafael",SI,53,1075,0.04930232558139535
606303,"Payamps, Joel",ST,196,414,0.47342995169082125
606303,"Payamps, Joel",FF,150,414,0.36231884057971014
606303,"Payamps, Joel",SI,62,414,0.1497584541062802
606303,"Payamps, Joel",CH,4,414,0.00966183574879227
606303,"Payamps, Joel",FC,2,414,0.004830917874396135
606930,"Barnes, Jacob",FC,61,93,0.6559139784946236
606930,"Barnes, Jacob",FF,26,93,0.27956989247311825
606930,"Barnes, Jacob",FS,6,93,0.06451612903225806
606965,"Devenski, Chris",CH,102,262,0.3893129770992366
606965,"Devenski, Chris",FF,56,262,0.21374045801526717
606965,"Devenski, Chris",ST,55,262,0.2099236641221374
606965,"Devenski, Chris",FC,45,262,0.1717557251908397
606965,"Devenski, Chris",SI,3,262,0.011450381679389313
606965,"Devenski, Chris",SL,1,262,0.003816793893129771
606996,"Hart, Kyle",ST,209,611,0.34206219312602293
606996,"Hart, Kyle",SI,135,611,0.220949263502455
606996,"Hart, Kyle",FF,98,611,0.16039279869067102
606996,"Hart, Kyle",CH,75,611,0.12274959083469722
606996,"Hart, Kyle",SL,61,611,0.09983633387888707
606996,"Hart, Kyle",FS,33,611,0.054009819967266774
607067,"Rea, Colin",FF,1041,2505,0.4155688622754491
607067,"Rea, Colin",CH,304,2505,0.12135728542914172
607067,"Rea, Colin",SI,267,2505,0.10658682634730539
607067,"Rea, Colin",SL,248,2505,0.09900199600798404
607067,"Rea, Colin",CU,233,2505,0.09301397205588822
607067,"Rea, Colin",ST,232,2505,0.09261477045908184
607067,"Rea, Colin",FC,179,2505,0.07145708582834331
607067,"Rea, Colin",OTHER,1,2505,0.0003992015968063872
607074,"Rodón, Carlos",FF,1354,3214,0.4212818917237088
607074,"Rodón, Carlos",SL,908,3214,0.28251400124455506
607074,"Rodón, Carlos",CH,525,3214,0.16334785314250155
607074,"Rodón, Carlos",SI,309,3214,0.09614187927815805
607074,"Rodón, Carlos",CU,113,3214,0.035158680771624144
607074,"Rodón, Carlos",FC,5,3214,0.0015556938394523958
607179,"Weems, Jordan",FF,57,98,0.5816326530612245
607179,"Weems, Jordan",SL,28,98,0.2857142857142857
607179,"Weems, Jordan",FS,11,98,0.11224489795918367
607179,"Weems, Jordan",CU,2,98,0.02040816326530612
607192,"Glasnow, Tyler",FF,504,1435,0.35121951219512193
607192,"Glasnow, Tyler",SL,320,1435,0.2229965156794425
607192,"Glasnow, Tyler",CU,314,1435,0.21881533101045297
607192,"Glasnow, Tyler",SI,297,1435,0.2069686411149826
607200,"Fedde, Erick",SI,766,2296,0.3336236933797909
607200,"Fedde, Erick",FC,636,2296,0.2770034843205575
607200,"Fedde, Erick",ST,603,2296,0.2626306620209059
607200,"Fedde, Erick",CH,270,2296,0.11759581881533102
607200,"Fedde, Erick",FF,21,2296,0.009146341463414634
607259,"Martinez, Nick",FF,532,2512,0.21178343949044587
607259,"Martinez, Nick",FC,528,2512,0.21019108280254778
607259,"Martinez, Nick",CH,505,2512,0.20103503184713375
607259,"Martinez, Nick",SI,420,2512,0.16719745222929935
607259,"Martinez, Nick",CU,276,2512,0.10987261146496816
607259,"Martinez, Nick",SL,250,2512,0.09952229299363058
607259,"Martinez, Nick",OTHER,1,2512,0.0003980891719745223
607455,"Banda, Anthony",SL,509,1034,0.4922630560928433
607455,"Banda, Anthony",SI,251,1034,0.24274661508704062
607455,"Banda, Anthony",FF,234,1034,0.2263056092843327
607455,"Banda, Anthony",CH,40,1034,0.03868471953578337
607481,"Bummer, Aaron",CU,324,898,0.36080178173719374
607481,"Bummer, Aaron",SI,312,898,0.34743875278396436
607481,"Bummer, Aaron",ST,149,898,0.16592427616926503
607481,"Bummer, Aaron",FF,112,898,0.12472160356347439
607481,"Bummer, Aaron",FC,1,898,0.0011135857461024498
607536,"Freeland, Kyle",FF,818,2415,0.33871635610766043
607536,"Freeland, Kyle",KC,637,2415,0.263768115942029
607536,"Freeland, Kyle",FC,379,2415,0.15693581780538302
607536,"Freeland, Kyle",ST,304,2415,0.125879917184265
607536,"Freeland, Kyle",CH,144,2415,0.05962732919254658
607536,"Freeland, Kyle",SI,133,2415,0.05507246376811594
607625,"Lugo, Seth",FF,482,2294,0.2101133391455972
607625,"Lugo, Seth",CU,415,2294,0.1809067131647777
607625,"Lugo, Seth",SI,338,2294,0.14734088927637315
607625,"Lugo, Seth",FC,318,2294,0.13862249346120314
607625,"Lugo, Seth",SV,223,2294,0.0972101133391456
607625,"Lugo, Seth",CH,213,2294,0.0928509154315606
607625,"Lugo, Seth",SL,132,2294,0.05754141238012206
607625,"Lugo, Seth",OTHER,112,2294,0.04882301656495205
607625,"Lugo, Seth",ST,48,2294,0.020924149956408022
607625,"Lugo, Seth",FS,13,2294,0.005666957279860506
607732,"Stallings, Jacob",OTHER,23,26,0.8846153846153846
607732,"Stallings, Jacob",CH,3,26,0.11538461538461539
608032,"Estévez, Carlos",FF,541,1013,0.5340572556762093
608032,"Estévez, Carlos",SL,314,1013,0.3099703849950642
608032,"Estévez, Carlos",CH,158,1013,0.15597235932872655
608331,"Fried, Max",FC,893,3168,0.28188131313131315
608331,"Fried, Max",SI,558,3168,0.17613636363636365
608331,"Fried, Max",CU,557,3168,0.17582070707070707
608331,"Fried, Max",FF,389,3168,0.12279040404040405
608331,"Fried, Max",ST,364,3168,0.1148989898989899
608331,"Fried, Max",CH,354,3168,0.11174242424242424
608331,"Fried, Max",SL,53,3168,0.01672979797979798
608334,"Fulmer, Carson",CH,130,461,0.28199566160520606
608334,"Fulmer, Carson",FF,114,461,0.2472885032537961
608334,"Fulmer, Carson",SI,106,461,0.2299349240780911
608334,"Fulmer, Carson",SL,82,461,0.17787418655097614
608334,"Fulmer, Carson",CU,28,461,0.06073752711496746
608334,"Fulmer, Carson",OTHER,1,461,0.0021691973969631237
608337,"Giolito, Lucas",FF,1145,2368,0.48353040540540543
608337,"Giolito, Lucas",SL,606,2368,0.25591216216216217
608337,"Giolito, Lucas",CH,534,2368,0.22550675675675674
608337,"Giolito, Lucas",CU,82,2368,0.03462837837837838
608337,"Giolito, Lucas",OTHER,1,2368,0.0004222972972972973
608371,"Sims, Lucas",FF,112,243,0.4609053497942387
608371,"Sims, Lucas",ST,111,243,0.4567901234567901
608371,"Sims, Lucas",CU,11,243,0.04526748971193416
608371,"Sims, Lucas",FC,4,243,0.01646090534979424
608371,"Sims, Lucas",SL,4,243,0.01646090534979424
608371,"Sims, Lucas",SI,1,243,0.00411522633744856
608372,"Sugano, Tomoyuki",FS,587,2492,0.235553772070626
608372,"Sugano, Tomoyuki",ST,499,2492,0.20024077046548958
608372,"Sugano, Tomoyuki",FF,472,2492,0.18940609951845908
608372,"Sugano, Tomoyuki",SI,396,2492,0.15890850722311398
608372,"Sugano, Tomoyuki",FC,297,2492,0.11918138041733548
608372,"Sugano, Tomoyuki",CU,241,2492,0.09670947030497593
608379,"Wacha, Michael",FF,679,2578,0.26338246702870444
608379,"Wacha, Michael",CH,648,2578,0.2513576415826222
608379,"Wacha, Michael",FC,398,2578,0.15438324282389448
608379,"Wacha, Michael",SI,333,2578,0.1291698991466253
608379,"Wacha, Michael",SL,320,2578,0.12412723041117145
608379,"Wacha, Michael",CU,200,2578,0.07757951900698215
608566,"Márquez, Germán",FF,699,2002,0.34915084915084915
608566,"Márquez, Germán",KC,644,2002,0.32167832167832167
608566,"Márquez, Germán",SI,403,2002,0.2012987012987013
608566,"Márquez, Germán",SL,211,2002,0.10539460539460539
608566,"Márquez, Germán",CH,45,2002,0.022477522477522476
608650,"Enns, Dietrich",FF,340,741,0.45883940620782726
608650,"Enns, Dietrich",CH,219,741,0.29554655870445345
608650,"Enns, Dietrich",FC,123,741,0.1659919028340081
608650,"Enns, Dietrich",CU,36,741,0.048582995951417005
608650,"Enns, Dietrich",SI,23,741,0.0310391363022942
608665,"Graveman, Kendall",SI,128,324,0.3950617283950617
608665,"Graveman, Kendall",SL,71,324,0.2191358024691358
608665,"Graveman, Kendall",CH,66,324,0.2037037037037037
608665,"Graveman, Kendall",FF,52,324,0.16049382716049382
608665,"Graveman, Kendall",CU,7,324,0.021604938271604937
608671,"Jankowski, Travis",OTHER,9,13,0.6923076923076923
608671,"Jankowski, Travis",CU,4,13,0.3076923076923077
608717,"Stratton, Chris",FF,142,364,0.3901098901098901
608717,"Stratton, Chris",CU,77,364,0.21153846153846154
608717,"Stratton, Chris",SL,67,364,0.18406593406593408
608717,"Stratton, Chris",CH,66,364,0.1813186813186813
608717,"Stratton, Chris",SI,11,364,0.03021978021978022
608717,"Stratton, Chris",ST,1,364,0.0027472527472527475
608718,"Suter, Brent",FF,468,1119,0.41823056300268097
608718,"Suter, Brent",SI,271,1119,0.2421805183199285
608718,"Suter, Brent",CH,246,1119,0.21983914209115282
608718,"Suter, Brent",SL,134,1119,0.11974977658623771
612434,"Castro, Miguel",FF,50,105,0.47619047619047616
612434,"Castro, Miguel",SL,30,105,0.2857142857142857
612434,"Castro, Miguel",SI,13,105,0.12380952380952381
612434,"Castro, Miguel",CH,12,105,0.11428571428571428
614179,"Ruiz, José",FF,107,271,0.3948339483394834
614179,"Ruiz, José",CU,81,271,0.2988929889298893
614179,"Ruiz, José",SI,42,271,0.15498154981549817
614179,"Ruiz, José",CH,39,271,0.14391143911439114
614179,"Ruiz, José",SL,2,271,0.007380073800738007
615698,"Quantrill, Cal",SI,434,1914,0.22675026123301986
615698,"Quantrill, Cal",FC,422,1914,0.22048066875653083
615698,"Quantrill, Cal",FS,387,1914,0.20219435736677116
615698,"Quantrill, Cal",FF,289,1914,0.1509926854754441
615698,"Quantrill, Cal",CU,224,1914,0.11703239289446186
615698,"Quantrill, Cal",SL,150,1914,0.07836990595611286
615698,"Quantrill, Cal",CH,5,1914,0.002612330198537095
615698,"Quantrill, Cal",OTHER,3,1914,0.001567398119122257
620443,"Torrens, Luis",OTHER,22,23,0.9565217391304348
620443,"Torrens, Luis",CH,1,23,0.043478260869565216
620454,"Castillo, José",SL,237,543,0.43646408839779005
620454,"Castillo, José",SI,211,543,0.3885819521178637
620454,"Castillo, José",FF,81,543,0.14917127071823205
620454,"Castillo, José",CH,14,543,0.02578268876611418
621028,"Newman, Kevin",OTHER,34,34,1.0
621051,"Wilson, Steven",ST,568,974,0.5831622176591376
621051,"Wilson, Steven",FF,325,974,0.3336755646817248
621051,"Wilson, Steven",CH,71,974,0.0728952772073922
621051,"Wilson, Steven",FC,10,974,0.01026694045174538
621053,"Ferguson, Tyler",FF,366,956,0.38284518828451886
621053,"Ferguson, Tyler",ST,304,956,0.3179916317991632
621053,"Ferguson, Tyler",SI,144,956,0.1506276150627615
621053,"Ferguson, Tyler",FC,105,956,0.1098326359832636
621053,"Ferguson, Tyler",CH,37,956,0.038702928870292884
621057,"Garza, Justin",FC,43,86,0.5
621057,"Garza, Justin",FF,32,86,0.37209302325581395
621057,"Garza, Justin",CU,8,86,0.09302325581395349
621057,"Garza, Justin",FS,3,86,0.03488372093023256
621107,"Eflin, Zach",FC,225,1049,0.21448999046711154
621107,"Eflin, Zach",SI,188,1049,0.17921830314585319
621107,"Eflin, Zach",CH,179,1049,0.17063870352716873
621107,"Eflin, Zach",CU,169,1049,0.16110581506196378
621107,"Eflin, Zach",FF,145,1049,0.13822688274547187
621107,"Eflin, Zach",ST,143,1049,0.1363203050524309
621111,"Buehler, Walker",FF,540,2109,0.25604551920341395
621111,"Buehler, Walker",FC,353,2109,0.16737790422000948
621111,"Buehler, Walker",SI,339,2109,0.16073968705547653
621111,"Buehler, Walker",SL,323,2109,0.15315315315315314
621111,"Buehler, Walker",KC,277,2109,0.13134186818397345
621111,"Buehler, Walker",CH,142,2109,0.06733048838311996
621111,"Buehler, Walker",ST,135,2109,0.06401137980085349
621112,"Blackburn, Paul",SI,215,702,0.30626780626780625
621112,"Blackburn, Paul",FC,194,702,0.27635327635327633
621112,"Blackburn, Paul",ST,110,702,0.15669515669515668
621112,"Blackburn, Paul",CU,85,702,0.12108262108262108
621112,"Blackburn, Paul",CH,69,702,0.09829059829059829
621112,"Blackburn, Paul",FF,26,702,0.037037037037037035
621112,"Blackburn, Paul",SL,3,702,0.004273504273504274
621114,"Burr, Ryan",SL,30,39,0.7692307692307693
621114,"Burr, Ryan",FF,9,39,0.23076923076923078
621121,"McCullers Jr., Lance",ST,367,1147,0.3199651264167393
621121,"McCullers Jr., Lance",SI,283,1147,0.24673060156931126
621121,"McCullers Jr., Lance",CH,195,1147,0.17000871839581516
621121,"McCullers Jr., Lance",KC,188,1147,0.16390584132519617
621121,"McCullers Jr., Lance",FF,62,1147,0.05405405405405406
621121,"McCullers Jr., Lance",FC,52,1147,0.045335658238884045
621139,"Kriske, Brooks",FS,204,381,0.5354330708661418
621139,"Kriske, Brooks",FF,133,381,0.34908136482939633
621139,"Kriske, Brooks",FC,42,381,0.11023622047244094
621139,"Kriske, Brooks",SL,2,381,0.005249343832020997
621199,"Bowman, Matt",SI,181,419,0.431980906921241
621199,"Bowman, Matt",FC,107,419,0.2553699284009546
621199,"Bowman, Matt",ST,81,419,0.19331742243436753
621199,"Bowman, Matt",FS,37,419,0.0883054892601432
621199,"Bowman, Matt",FF,13,419,0.031026252983293555
621237,"Alvarado, José",SI,263,420,0.6261904761904762
621237,"Alvarado, José",FC,130,420,0.30952380952380953
621237,"Alvarado, José",CU,19,420,0.04523809523809524
621237,"Alvarado, José",FF,8,420,0.01904761904761905
621242,"Díaz, Edwin",FF,553,1052,0.5256653992395437
621242,"Díaz, Edwin",SL,498,1052,0.47338403041825095
621242,"Díaz, Edwin",CH,1,1052,0.0009505703422053232
621244,"Berríos, José",SI,842,2494,0.3376102646351243
621244,"Berríos, José",SV,643,2494,0.2578187650360866
621244,"Berríos, José",FF,445,2494,0.1784282277465918
621244,"Berríos, José",CH,421,2494,0.16880513231756214
621244,"Berríos, José",FC,142,2494,0.05693664795509222
621244,"Berríos, José",OTHER,1,2494,0.00040096230954290296
621345,"Minter, A.J.",FC,83,166,0.5
621345,"Minter, A.J.",FF,69,166,0.41566265060240964
621345,"Minter, A.J.",CH,14,166,0.08433734939759036
621363,"Poche, Colin",FF,141,191,0.7382198952879581
621363,"Poche, Colin",SL,50,191,0.2617801047120419
621366,"Borucki, Ryan",SL,228,557,0.40933572710951527
621366,"Borucki, Ryan",SI,145,557,0.26032315978456017
621366,"Borucki, Ryan",FS,97,557,0.1741472172351885
621366,"Borucki, Ryan",ST,87,557,0.1561938958707361
621381,"Strahm, Matt",FF,373,977,0.38178096212896623
621381,"Strahm, Matt",SL,312,977,0.3193449334698055
621381,"Strahm, Matt",SI,147,977,0.150460593654043
621381,"Strahm, Matt",FC,142,977,0.14534288638689866
621381,"Strahm, Matt",CH,3,977,0.0030706243602865915
621383,"Banks, Tanner",SL,380,1055,0.36018957345971564
621383,"Banks, Tanner",ST,254,1055,0.24075829383886255
621383,"Banks, Tanner",FF,223,1055,0.21137440758293838
621383,"Banks, Tanner",SI,130,1055,0.12322274881516587
621383,"Banks, Tanner",CH,68,1055,0.06445497630331753
621512,"Nido, Tomás",SL,7,9,0.7777777777777778
621512,"Nido, Tomás",CU,2,9,0.2222222222222222
622253,"Tate, Dillon",ST,60,139,0.4316546762589928
622253,"Tate, Dillon",SI,47,139,0.3381294964028777
622253,"Tate, Dillon",CH,29,139,0.20863309352517986
622253,"Tate, Dillon",FF,3,139,0.02158273381294964
622379,"Castillo, Luis F.",FF,77,168,0.4583333333333333
622379,"Castillo, Luis F.",ST,42,168,0.25
622379,"Castillo, Luis F.",SI,27,168,0.16071428571428573
622379,"Castillo, Luis F.",CH,22,168,0.13095238095238096
622491,"Castillo, Luis",FF,1391,2990,0.4652173913043478
622491,"Castillo, Luis",SI,657,2990,0.2197324414715719
622491,"Castillo, Luis",SL,613,2990,0.20501672240802676
622491,"Castillo, Luis",CH,329,2990,0.11003344481605351
622503,"Crismatt, Nabil",CH,203,534,0.3801498127340824
622503,"Crismatt, Nabil",SI,135,534,0.25280898876404495
622503,"Crismatt, Nabil",CU,83,534,0.15543071161048688
622503,"Crismatt, Nabil",FF,83,534,0.15543071161048688
622503,"Crismatt, Nabil",SL,30,534,0.056179775280898875
622554,"Domínguez, Seranthony",FF,472,1087,0.43422263109475623
622554,"Domínguez, Seranthony",ST,231,1087,0.2125114995400184
622554,"Domínguez, Seranthony",FS,193,1087,0.17755289788408463
622554,"Domínguez, Seranthony",SI,142,1087,0.13063477460901565
622554,"Domínguez, Seranthony",CU,48,1087,0.04415823367065318
622554,"Domínguez, Seranthony",OTHER,1,1087,0.0009199632014719411
622569,"Reyes, Pablo",OTHER,18,18,1.0
622608,"Senzatela, Antonio",FF,1253,2206,0.5679963735267453
622608,"Senzatela, Antonio",SL,394,2206,0.1786038077969175
622608,"Senzatela, Antonio",CU,332,2206,0.15049864007252947
622608,"Senzatela, Antonio",CH,173,2206,0.07842248413417952
622608,"Senzatela, Antonio",FC,42,2206,0.019038984587488667
622608,"Senzatela, Antonio",SI,12,2206,0.005439709882139619
622663,"Severino, Luis",FF,736,2632,0.2796352583586626
622663,"Severino, Luis",ST,644,2632,0.24468085106382978
622663,"Severino, Luis",SI,531,2632,0.20174772036474165
622663,"Severino, Luis",FC,470,2632,0.17857142857142858
622663,"Severino, Luis",CH,143,2632,0.054331306990881456
622663,"Severino, Luis",SL,108,2632,0.041033434650455926
622761,"Mateo, Jorge",OTHER,35,35,1.0
622780,"Perdomo, Angel",FF,48,72,0.6666666666666666
622780,"Perdomo, Angel",SL,21,72,0.2916666666666667
622780,"Perdomo, Angel",CH,3,72,0.041666666666666664
622786,"Tinoco, Jesus",SL,118,278,0.4244604316546763
622786,"Tinoco, Jesus",SI,85,278,0.3057553956834532
622786,"Tinoco, Jesus",CH,45,278,0.1618705035971223
622786,"Tinoco, Jesus",FF,30,278,0.1079136690647482
623149,"Sewald, Paul",FF,170,289,0.5882352941176471
623149,"Sewald, Paul",ST,119,289,0.4117647058823529
623167,"Flexen, Chris",FF,277,673,0.4115898959881129
623167,"Flexen, Chris",FC,190,673,0.2823179791976226
623167,"Flexen, Chris",CU,115,673,0.17087667161961367
623167,"Flexen, Chris",SL,60,673,0.08915304606240713
623167,"Flexen, Chris",SV,17,673,0.02526002971768202
623167,"Flexen, Chris",CH,14,673,0.020802377414561663
623168,"Heineman, Tyler",OTHER,58,58,1.0
623211,"Brazobán, Huascar",CH,368,949,0.38777660695468913
623211,"Brazobán, Huascar",SI,358,949,0.3772391991570074
623211,"Brazobán, Huascar",FF,113,949,0.11907270811380401
623211,"Brazobán, Huascar",FC,76,949,0.08008429926238145
623211,"Brazobán, Huascar",SL,34,949,0.03582718651211802
623352,"Hader, Josh",SI,428,798,0.5363408521303258
623352,"Hader, Josh",SL,334,798,0.41854636591478694
623352,"Hader, Josh",CH,36,798,0.045112781954887216
623433,"Anderson, Nick",FF,116,241,0.48132780082987553
623433,"Anderson, Nick",CU,71,241,0.2946058091286307
623433,"Anderson, Nick",CH,51,241,0.21161825726141079
623433,"Anderson, Nick",SI,3,241,0.012448132780082987
623437,"Topa, Justin",SI,336,936,0.358974358974359
623437,"Topa, Justin",ST,279,936,0.2980769230769231
623437,"Topa, Justin",FC,182,936,0.19444444444444445
623437,"Topa, Justin",CH,138,936,0.14743589743589744
623437,"Topa, Justin",OTHER,1,936,0.0010683760683760685
623465,"Phillips, Evan",ST,49,92,0.532608695652174
623465,"Phillips, Evan",FF,29,92,0.31521739130434784
623465,"Phillips, Evan",FC,7,92,0.07608695652173914
623465,"Phillips, Evan",SI,7,92,0.07608695652173914
623474,"Herget, Jimmy",ST,389,1265,0.3075098814229249
623474,"Herget, Jimmy",SL,357,1265,0.28221343873517785
623474,"Herget, Jimmy",SI,350,1265,0.2766798418972332
623474,"Herget, Jimmy",FF,96,1265,0.07588932806324111
623474,"Herget, Jimmy",CH,71,1265,0.05612648221343874
623474,"Herget, Jimmy",CU,1,1265,0.0007905138339920949
623474,"Herget, Jimmy",OTHER,1,1265,0.0007905138339920949
624133,"Suarez, Ranger",SI,696,2430,0.28641975308641976
624133,"Suarez, Ranger",CH,464,2430,0.19094650205761318
624133,"Suarez, Ranger",FC,427,2430,0.1757201646090535
624133,"Suarez, Ranger",CU,391,2430,0.16090534979423868
624133,"Suarez, Ranger",FF,352,2430,0.1448559670781893
624133,"Suarez, Ranger",SL,100,2430,0.0411522633744856
624431,"Trevino, Jose",OTHER,47,47,1.0
624512,"McGuire, Reese",SL,12,17,0.7058823529411765
624512,"McGuire, Reese",CU,5,17,0.29411764705882354
628317,"Maeda, Kenta",FS,54,141,0.3829787234042553
628317,"Maeda, Kenta",SL,27,141,0.19148936170212766
628317,"Maeda, Kenta",FF,22,141,0.15602836879432624
628317,"Maeda, Kenta",ST,22,141,0.15602836879432624
628317,"Maeda, Kenta",SI,13,141,0.09219858156028368
628317,"Maeda, Kenta",SV,2,141,0.014184397163120567
628317,"Maeda, Kenta",FC,1,141,0.0070921985815602835
628452,"Iglesias, Raisel",FF,382,949,0.40252897787144365
628452,"Iglesias, Raisel",CH,262,949,0.2760800842992624
628452,"Iglesias, Raisel",SI,213,949,0.2244467860906217
628452,"Iglesias, Raisel",SL,92,949,0.09694415173867228
640448,"Finnegan, Kyle",FF,510,896,0.5691964285714286
640448,"Finnegan, Kyle",FS,347,896,0.3872767857142857
640448,"Finnegan, Kyle",SL,39,896,0.04352678571428571
640451,"Harvey, Hunter",FF,75,142,0.528169014084507
640451,"Harvey, Hunter",SL,28,142,0.19718309859154928
640451,"Harvey, Hunter",FS,27,142,0.19014084507042253
640451,"Harvey, Hunter",CU,12,142,0.08450704225352113
640454,"Krook, Matt",SI,23,71,0.323943661971831
640454,"Krook, Matt",ST,19,71,0.2676056338028169
640454,"Krook, Matt",FC,17,71,0.23943661971830985
640454,"Krook, Matt",CH,12,71,0.16901408450704225
640455,"Manaea, Sean",FF,663,1095,0.6054794520547945
640455,"Manaea, Sean",ST,371,1095,0.33881278538812787
640455,"Manaea, Sean",CH,61,1095,0.05570776255707763
640462,"Puk, A.J.",FF,79,128,0.6171875
640462,"Puk, A.J.",SL,47,128,0.3671875
640462,"Puk, A.J.",SI,2,128,0.015625
640902,"Pereda, Jhonny",OTHER,47,53,0.8867924528301887
640902,"Pereda, Jhonny",FF,6,53,0.11320754716981132
641154,"López, Pablo",FF,482,1172,0.4112627986348123
641154,"López, Pablo",ST,250,1172,0.21331058020477817
641154,"López, Pablo",CH,249,1172,0.21245733788395904
641154,"López, Pablo",CU,119,1172,0.1015358361774744
641154,"López, Pablo",SI,71,1172,0.060580204778156996
641154,"López, Pablo",OTHER,1,1172,0.0008532423208191126
641302,"Alexander, Tyler",FF,396,1522,0.26018396846254926
641302,"Alexander, Tyler",ST,349,1522,0.22930354796320632
641302,"Alexander, Tyler",SI,287,1522,0.1885676741130092
641302,"Alexander, Tyler",FC,249,1522,0.1636005256241787
641302,"Alexander, Tyler",CH,241,1522,0.1583442838370565
641312,"Anderson, Shaun",SL,67,216,0.3101851851851852
641312,"Anderson, Shaun",FF,60,216,0.2777777777777778
641312,"Anderson, Shaun",CH,48,216,0.2222222222222222
641312,"Anderson, Shaun",ST,34,216,0.1574074074074074
641312,"Anderson, Shaun",SI,7,216,0.032407407407407406
641329,"Baker, Bryan",FF,498,1057,0.47114474929044464
641329,"Baker, Bryan",CH,297,1057,0.28098391674550616
641329,"Baker, Bryan",SL,262,1057,0.2478713339640492
641343,"Bauers, Jake",OTHER,50,52,0.9615384615384616
641343,"Bauers, Jake",FF,2,52,0.038461538461538464
641386,"Bowden, Ben",FF,110,187,0.5882352941176471
641386,"Bowden, Ben",SL,53,187,0.28342245989304815
641386,"Bowden, Ben",CH,22,187,0.11764705882352941
641386,"Bowden, Ben",CU,2,187,0.0106951871657754
641401,"Brogdon, Connor",CH,352,840,0.41904761904761906
641401,"Brogdon, Connor",FF,352,840,0.41904761904761906
641401,"Brogdon, Connor",FC,136,840,0.1619047619047619
641482,"Cortes, Nestor",FF,198,535,0.37009345794392523
641482,"Cortes, Nestor",FC,185,535,0.34579439252336447
641482,"Cortes, Nestor",ST,76,535,0.14205607476635515
641482,"Cortes, Nestor",CH,75,535,0.14018691588785046
641482,"Cortes, Nestor",SI,1,535,0.001869158878504673
641540,"Dunning, Dane",FC,147,372,0.3951612903225806
641540,"Dunning, Dane",SI,111,372,0.29838709677419356
641540,"Dunning, Dane",CH,67,372,0.18010752688172044
641540,"Dunning, Dane",SL,34,372,0.0913978494623656
641540,"Dunning, Dane",KC,11,372,0.02956989247311828
641540,"Dunning, Dane",FF,2,372,0.005376344086021506
641585,"France, J.P.",FC,30,76,0.39473684210526316
641585,"France, J.P.",FF,27,76,0.35526315789473684
641585,"France, J.P.",CU,14,76,0.18421052631578946
641585,"France, J.P.",CH,4,76,0.05263157894736842
641585,"France, J.P.",ST,1,76,0.013157894736842105
641656,"Hamilton, Ian",SI,314,641,0.48985959438377535
641656,"Hamilton, Ian",SL,244,641,0.38065522620904835
641656,"Hamilton, Ian",FF,83,641,0.1294851794071763
641658,"Hampson, Garrett",SL,2,3,0.6666666666666666
641658,"Hampson, Garrett",CU,1,3,0.3333333333333333
641672,"Hatch, Thomas",FC,160,586,0.27303754266211605
641672,"Hatch, Thomas",SL,108,586,0.18430034129692832
641672,"Hatch, Thomas",SI,103,586,0.1757679180887372
641672,"Hatch, Thomas",CH,102,586,0.17406143344709898
641672,"Hatch, Thomas",FF,70,586,0.11945392491467577
641672,"Hatch, Thomas",ST,43,586,0.07337883959044368
641745,"Keller, Brad",FF,472,1117,0.42256042972247093
641745,"Keller, Brad",SL,189,1117,0.1692032229185318
641745,"Keller, Brad",SI,170,1117,0.1521933751119069
641745,"Keller, Brad",ST,161,1117,0.144136078782453
641745,"Keller, Brad",CH,125,1117,0.11190689346463742
641755,"Kinley, Tyler",SL,763,1189,0.6417157275021026
641755,"Kinley, Tyler",FF,269,1189,0.22624053826745164
641755,"Kinley, Tyler",CU,146,1189,0.12279226240538267
641755,"Kinley, Tyler",CH,11,1189,0.009251471825063078
641778,"Lauer, Eric",FF,789,1698,0.46466431095406363
641778,"Lauer, Eric",FC,355,1698,0.20906949352179033
641778,"Lauer, Eric",CU,245,1698,0.14428739693757361
641778,"Lauer, Eric",SL,174,1698,0.10247349823321555
641778,"Lauer, Eric",CH,134,1698,0.07891637220259129
641778,"Lauer, Eric",SI,1,1698,0.0005889281507656066
641793,"Littell, Zack",FS,752,2753,0.2731565564838358
641793,"Littell, Zack",SL,751,2753,0.2727933163821286
641793,"Littell, Zack",FF,669,2753,0.24300762804213585
641793,"Littell, Zack",SI,437,2753,0.15873592444605886
641793,"Littell, Zack",ST,144,2753,0.0523065746458409
641816,"Mahle, Tyler",FF,644,1320,0.48787878787878786
641816,"Mahle, Tyler",FS,370,1320,0.2803030303030303
641816,"Mahle, Tyler",FC,171,1320,0.12954545454545455
641816,"Mahle, Tyler",SL,135,1320,0.10227272727272728
641835,"Mayza, Tim",SI,173,261,0.6628352490421456
641835,"Mayza, Tim",SL,79,261,0.30268199233716475
641835,"Mayza, Tim",FF,9,261,0.034482758620689655
641927,"Ober, Bailey",FF,812,2279,0.3562966213251426
641927,"Ober, Bailey",CH,660,2279,0.28960070206230804
641927,"Ober, Bailey",SL,406,2279,0.1781483106625713
641927,"Ober, Bailey",ST,250,2279,0.10969723562966213
641927,"Ober, Bailey",CU,78,2279,0.03422553751645459
641927,"Ober, Bailey",SI,73,2279,0.03203159280386134
641941,"Pagán, Emilio",FF,633,1041,0.6080691642651297
641941,"Pagán, Emilio",FS,214,1041,0.20557156580211336
641941,"Pagán, Emilio",FC,194,1041,0.18635926993275698
642016,"Robert, Daniel",ST,106,255,0.41568627450980394
642016,"Robert, Daniel",FC,66,255,0.25882352941176473
642016,"Robert, Daniel",FF,60,255,0.23529411764705882
642016,"Robert, Daniel",SI,23,255,0.09019607843137255
642048,"Saucedo, Tayler",SI,85,173,0.4913294797687861
642048,"Saucedo, Tayler",CH,30,173,0.17341040462427745
642048,"Saucedo, Tayler",ST,26,173,0.15028901734104047
642048,"Saucedo, Tayler",SL,22,173,0.12716763005780346
642048,"Saucedo, Tayler",FF,10,173,0.057803468208092484
642100,"Speier, Gabe",FF,423,940,0.45
642100,"Speier, Gabe",SI,277,940,0.2946808510638298
642100,"Speier, Gabe",SL,240,940,0.2553191489361702
642121,"Sulser, Cole",FF,153,387,0.3953488372093023
642121,"Sulser, Cole",CH,151,387,0.39018087855297157
642121,"Sulser, Cole",FC,81,387,0.20930232558139536
642121,"Sulser, Cole",ST,2,387,0.00516795865633075
642133,"Tellez, Rowdy",OTHER,23,23,1.0
642152,"Trivino, Lou",FC,194,822,0.2360097323600973
642152,"Trivino, Lou",SI,184,822,0.22384428223844283
642152,"Trivino, Lou",ST,168,822,0.20437956204379562
642152,"Trivino, Lou",CH,137,822,0.16666666666666666
642152,"Trivino, Lou",FF,129,822,0.15693430656934307
642152,"Trivino, Lou",CU,10,822,0.012165450121654502
642180,"Wade, Tyler",OTHER,18,18,1.0
642207,"Williams, Devin",CH,573,1109,0.5166816952209198
642207,"Williams, Devin",FF,534,1109,0.48151487826871053
642207,"Williams, Devin",FC,2,1109,0.0018034265103697023
642215,"Wilson, Weston",OTHER,36,36,1.0
642216,"Winans, Allan",CH,56,171,0.32748538011695905
642216,"Winans, Allan",SI,53,171,0.30994152046783624
642216,"Winans, Allan",ST,32,171,0.1871345029239766
642216,"Winans, Allan",FF,25,171,0.14619883040935672
642216,"Winans, Allan",CU,5,171,0.029239766081871343
642232,"Yarbrough, Ryan",FC,262,1005,0.2606965174129353
642232,"Yarbrough, Ryan",CH,209,1005,0.20796019900497512
642232,"Yarbrough, Ryan",SI,203,1005,0.2019900497512438
642232,"Yarbrough, Ryan",ST,191,1005,0.1900497512437811
642232,"Yarbrough, Ryan",FF,140,1005,0.13930348258706468
642239,"Zastryzny, Rob",FF,154,347,0.4438040345821326
642239,"Zastryzny, Rob",FC,115,347,0.3314121037463977
642239,"Zastryzny, Rob",ST,50,347,0.1440922190201729
642239,"Zastryzny, Rob",FS,18,347,0.05187319884726225
642239,"Zastryzny, Rob",CH,10,347,0.02881844380403458
642397,"Soto, Gregory",SI,525,999,0.5255255255255256
642397,"Soto, Gregory",SL,327,999,0.32732732732732733
642397,"Soto, Gregory",ST,78,999,0.07807807807807808
642397,"Soto, Gregory",FF,66,999,0.06606606606606606
642397,"Soto, Gregory",FS,3,999,0.003003003003003003
642520,"Garabito, Gerson",FF,16,51,0.3137254901960784
642520,"Garabito, Gerson",SL,10,51,0.19607843137254902
642520,"Garabito, Gerson",SI,9,51,0.17647058823529413
642520,"Garabito, Gerson",CH,8,51,0.1568627450980392
642520,"Garabito, Gerson",CU,8,51,0.1568627450980392
642528,"Loáisiga, Jonathan",SI,270,467,0.5781584582441114
642528,"Loáisiga, Jonathan",CH,88,467,0.18843683083511778
642528,"Loáisiga, Jonathan",CU,77,467,0.16488222698072805
642528,"Loáisiga, Jonathan",FC,18,467,0.03854389721627409
642528,"Loáisiga, Jonathan",FF,14,467,0.029978586723768737
642547,"Peralta, Freddy",FF,1640,3088,0.5310880829015544
642547,"Peralta, Freddy",CH,655,3088,0.21211139896373057
642547,"Peralta, Freddy",CU,385,3088,0.12467616580310881
642547,"Peralta, Freddy",SL,298,3088,0.09650259067357513
642547,"Peralta, Freddy",OTHER,77,3088,0.02493523316062176
642547,"Peralta, Freddy",ST,33,3088,0.010686528497409326
642585,"Bautista, Félix",SI,357,579,0.616580310880829
642585,"Bautista, Félix",FS,169,579,0.2918825561312608
642585,"Bautista, Félix",SL,51,579,0.08808290155440414
642585,"Bautista, Félix",FC,1,579,0.0017271157167530224
642585,"Bautista, Félix",OTHER,1,579,0.0017271157167530224
642701,"Santana, Dennis",SL,450,972,0.46296296296296297
642701,"Santana, Dennis",FF,276,972,0.2839506172839506
642701,"Santana, Dennis",FC,101,972,0.10390946502057613
642701,"Santana, Dennis",SI,85,972,0.0874485596707819
642701,"Santana, Dennis",CH,60,972,0.06172839506172839
642708,"Rosario, Amed",OTHER,28,28,1.0
642759,"Fernández, Julian",FF,52,76,0.6842105263157895
642759,"Fernández, Julian",CH,24,76,0.3157894736842105
643338,"Green, Chad",FF,340,679,0.5007363770250368
643338,"Green, Chad",SL,322,679,0.4742268041237113
643338,"Green, Chad",SI,16,679,0.023564064801178203
643338,"Green, Chad",OTHER,1,679,0.0014727540500736377
643361,"Herget, Kevin",FF,95,216,0.4398148148148148
643361,"Herget, Kevin",CH,79,216,0.36574074074074076
643361,"Herget, Kevin",FC,40,216,0.18518518518518517
643361,"Herget, Kevin",CU,2,216,0.009259259259259259
643377,"Jax, Griffin",ST,479,1072,0.4468283582089552
643377,"Jax, Griffin",CH,238,1072,0.22201492537313433
643377,"Jax, Griffin",FF,184,1072,0.17164179104477612
643377,"Jax, Griffin",SI,126,1072,0.11753731343283583
643377,"Jax, Griffin",FC,44,1072,0.041044776119402986
643377,"Jax, Griffin",CU,1,1072,0.0009328358208955224
643396,"Kiner-Falefa, Isiah",OTHER,7,7,1.0
643410,"Leiter Jr., Mark",SI,314,806,0.38957816377171217
643410,"Leiter Jr., Mark",FS,242,806,0.3002481389578164
643410,"Leiter Jr., Mark",CU,205,806,0.2543424317617866
643410,"Leiter Jr., Mark",FC,25,806,0.031017369727047148
643410,"Leiter Jr., Mark",SL,16,806,0.019851116625310174
643410,"Leiter Jr., Mark",FF,4,806,0.004962779156327543
643511,"Rogers, Tyler",SI,707,943,0.7497348886532343
643511,"Rogers, Tyler",SL,236,943,0.25026511134676566
645261,"Alcantara, Sandy",SI,717,2800,0.25607142857142856
645261,"Alcantara, Sandy",CH,652,2800,0.23285714285714285
645261,"Alcantara, Sandy",SL,490,2800,0.175
645261,"Alcantara, Sandy",FF,476,2800,0.17
645261,"Alcantara, Sandy",FC,465,2800,0.16607142857142856
645305,"Sánchez, Ali",OTHER,18,18,1.0
645444,"Herrera, Jose",OTHER,27,27,1.0
646242,"Díaz, Jhonathan",SL,12,26,0.46153846153846156
646242,"Díaz, Jhonathan",CH,5,26,0.19230769230769232
646242,"Díaz, Jhonathan",CU,3,26,0.11538461538461539
646242,"Díaz, Jhonathan",FF,3,26,0.11538461538461539
646242,"Díaz, Jhonathan",SI,3,26,0.11538461538461539
647315,"Pop, Zach",SI,70,127,0.5511811023622047
647315,"Pop, Zach",FC,26,127,0.2047244094488189
647315,"Pop, Zach",SL,26,127,0.2047244094488189
647315,"Pop, Zach",ST,5,127,0.03937007874015748
647336,"Soroka, Michael",FF,667,1489,0.44795164539959703
647336,"Soroka, Michael",SV,516,1489,0.3465413028878442
647336,"Soroka, Michael",SI,156,1489,0.10476830087306917
647336,"Soroka, Michael",CH,149,1489,0.10006715916722633
647336,"Soroka, Michael",OTHER,1,1489,0.000671591672263264
647351,"Toro, Abraham",OTHER,15,15,1.0
650556,"Abreu, Bryan",FF,574,1145,0.5013100436681223
650556,"Abreu, Bryan",SL,553,1145,0.4829694323144105
650556,"Abreu, Bryan",SI,14,1145,0.01222707423580786
650556,"Abreu, Bryan",CH,4,1145,0.0034934497816593887
650633,"King, Michael",SI,341,1162,0.29345955249569705
650633,"King, Michael",FF,284,1162,0.24440619621342513
650633,"King, Michael",CH,244,1162,0.2099827882960413
650633,"King, Michael",ST,227,1162,0.19535283993115318
650633,"King, Michael",SL,66,1162,0.05679862306368331
650644,"Civale, Aaron",FC,595,1734,0.3431372549019608
650644,"Civale, Aaron",CU,344,1734,0.19838523644752018
650644,"Civale, Aaron",SI,281,1734,0.16205305651672433
650644,"Civale, Aaron",FF,280,1734,0.16147635524798154
650644,"Civale, Aaron",SL,135,1734,0.07785467128027682
650644,"Civale, Aaron",FS,99,1734,0.05709342560553633
650671,"Quijada, José",FF,37,41,0.9024390243902439
650671,"Quijada, José",CH,4,41,0.0975609756097561
650893,"Cabrera, Génesis",SI,174,715,0.24335664335664337
650893,"Cabrera, Génesis",FF,163,715,0.22797202797202798
650893,"Cabrera, Génesis",FC,146,715,0.2041958041958042
650893,"Cabrera, Génesis",CU,139,715,0.1944055944055944
650893,"Cabrera, Génesis",FS,93,715,0.13006993006993006
650911,"Sánchez, Cristopher",SI,1330,2897,0.4590956161546427
650911,"Sánchez, Cristopher",CH,1082,2897,0.37348981705212286
650911,"Sánchez, Cristopher",SL,485,2897,0.16741456679323438
655889,"Rodríguez, Manuel",SL,204,408,0.5
655889,"Rodríguez, Manuel",SI,135,408,0.33088235294117646
655889,"Rodríguez, Manuel",FF,69,408,0.16911764705882354
656186,"Altavilla, Dan",FF,121,456,0.26535087719298245
656186,"Altavilla, Dan",SI,114,456,0.25
656186,"Altavilla, Dan",SL,114,456,0.25
656186,"Altavilla, Dan",CH,107,456,0.23464912280701755
656222,"Beeks, Jalen",FF,473,894,0.529082774049217
656222,"Beeks, Jalen",CH,334,894,0.37360178970917224
656222,"Beeks, Jalen",FC,87,894,0.09731543624161074
656234,"Bird, Jake",ST,379,925,0.4097297297297297
656234,"Bird, Jake",SI,309,925,0.33405405405405403
656234,"Bird, Jake",CU,213,925,0.23027027027027028
656234,"Bird, Jake",FC,24,925,0.025945945945945945
656240,"Blewett, Scott",SL,314,711,0.44163150492264414
656240,"Blewett, Scott",FF,256,711,0.360056258790436
656240,"Blewett, Scott",FS,135,711,0.189873417721519
656240,"Blewett, Scott",SI,6,711,0.008438818565400843
656257,"Brigham, Jeff",FF,26,63,0.4126984126984127
656257,"Brigham, Jeff",FC,22,63,0.3492063492063492
656257,"Brigham, Jeff",ST,15,63,0.23809523809523808
656271,"Burke, Brock",FF,417,985,0.4233502538071066
656271,"Burke, Brock",SL,276,985,0.2802030456852792
656271,"Burke, Brock",CH,214,985,0.21725888324873097
656271,"Burke, Brock",SI,78,985,0.07918781725888324
656288,"Canning, Griffin",FF,448,1256,0.35668789808917195
656288,"Canning, Griffin",SL,365,1256,0.2906050955414013
656288,"Canning, Griffin",CH,296,1256,0.2356687898089172
656288,"Canning, Griffin",KC,86,1256,0.06847133757961783
656288,"Canning, Griffin",FC,47,1256,0.037420382165605094
656288,"Canning, Griffin",ST,14,1256,0.011146496815286623
656302,"Cease, Dylan",FF,1287,3020,0.42615894039735097
656302,"Cease, Dylan",SL,1226,3020,0.4059602649006622
656302,"Cease, Dylan",KC,253,3020,0.0837748344370861
656302,"Cease, Dylan",SI,118,3020,0.0390728476821192
656302,"Cease, Dylan",ST,109,3020,0.03609271523178808
656302,"Cease, Dylan",CH,27,3020,0.008940397350993378
656420,"Feyereisen, J.P.",CH,36,81,0.4444444444444444
656420,"Feyereisen, J.P.",FF,28,81,0.345679012345679
656420,"Feyereisen, J.P.",SL,17,81,0.20987654320987653
656427,"Flaherty, Jack",FF,1311,2822,0.46456413890857545
656427,"Flaherty, Jack",KC,721,2822,0.2554925584691708
656427,"Flaherty, Jack",SL,672,2822,0.23812898653437278
656427,"Flaherty, Jack",CH,73,2822,0.0258681785967399
656427,"Flaherty, Jack",SI,45,2822,0.015946137491141033
656457,"Gilbert, Tyler",SI,263,839,0.3134684147794994
656457,"Gilbert, Tyler",ST,254,839,0.30274135876042907
656457,"Gilbert, Tyler",FC,154,839,0.1835518474374255
656457,"Gilbert, Tyler",FF,102,839,0.12157330154946365
656457,"Gilbert, Tyler",FS,66,839,0.07866507747318235
656458,"Gilbreath, Lucas",SL,8,18,0.4444444444444444
656458,"Gilbreath, Lucas",FF,7,18,0.3888888888888889
656458,"Gilbreath, Lucas",FS,3,18,0.16666666666666666
656464,"Ginkel, Kevin",FF,248,491,0.505091649694501
656464,"Ginkel, Kevin",SL,209,491,0.4256619144602851
656464,"Ginkel, Kevin",SI,34,491,0.06924643584521385
656546,"Hoffman, Jeff",FF,419,1107,0.3785004516711834
656546,"Hoffman, Jeff",SL,330,1107,0.2981029810298103
656546,"Hoffman, Jeff",FS,259,1107,0.23396567299006324
656546,"Hoffman, Jeff",SI,98,1107,0.08852755194218609
656546,"Hoffman, Jeff",OTHER,1,1107,0.0009033423667570009
656550,"Holmes, Grant",SL,677,1866,0.3628081457663451
656550,"Holmes, Grant",FF,601,1866,0.3220793140407288
656550,"Holmes, Grant",FC,294,1866,0.15755627009646303
656550,"Holmes, Grant",CU,273,1866,0.14630225080385853
656550,"Holmes, Grant",CH,19,1866,0.010182207931404072
656550,"Holmes, Grant",SI,2,1866,0.0010718113612004287
656557,"Houck, Tanner",SI,262,660,0.396969696969697
656557,"Houck, Tanner",ST,237,660,0.35909090909090907
656557,"Houck, Tanner",FS,123,660,0.18636363636363637
656557,"Houck, Tanner",FF,38,660,0.05757575757575758
656577,"Jackson, Alex",OTHER,24,24,1.0
656605,"Keller, Mitch",FF,965,2784,0.34662356321839083
656605,"Keller, Mitch",ST,534,2784,0.19181034482758622
656605,"Keller, Mitch",SI,502,2784,0.18031609195402298
656605,"Keller, Mitch",SL,385,2784,0.13829022988505746
656605,"Keller, Mitch",CU,206,2784,0.07399425287356322
656605,"Keller, Mitch",CH,189,2784,0.06788793103448276
656605,"Keller, Mitch",FC,3,2784,0.0010775862068965517
656629,"Kopech, Michael",FF,191,231,0.8268398268398268
656629,"Kopech, Michael",FC,38,231,0.1645021645021645
656629,"Kopech, Michael",CH,2,231,0.008658008658008658
656638,"Lange, Alex",SL,12,20,0.6
656638,"Lange, Alex",CH,3,20,0.15
656638,"Lange, Alex",SI,3,20,0.15
656638,"Lange, Alex",FF,2,20,0.1
656641,"Latz, Jacob",FF,685,1388,0.4935158501440922
656641,"Latz, Jacob",CH,324,1388,0.2334293948126801
656641,"Latz, Jacob",SL,290,1388,0.20893371757925072
656641,"Latz, Jacob",CU,89,1388,0.06412103746397695
656686,"Martin, Corbin",FF,147,332,0.4427710843373494
656686,"Martin, Corbin",SL,108,332,0.3253012048192771
656686,"Martin, Corbin",CU,67,332,0.20180722891566266
656686,"Martin, Corbin",CH,10,332,0.030120481927710843
656716,"McKinstry, Zach",OTHER,2,2,1.0
656730,"Megill, Trevor",FF,453,749,0.6048064085447263
656730,"Megill, Trevor",KC,296,749,0.3951935914552737
656731,"Megill, Tylor",FF,483,1157,0.41745894554883317
656731,"Megill, Tylor",SL,266,1157,0.22990492653414002
656731,"Megill, Tylor",SI,225,1157,0.1944684528954192
656731,"Megill, Tylor",CH,86,1157,0.07433016421780467
656731,"Megill, Tylor",CU,84,1157,0.07260155574762317
656731,"Megill, Tylor",ST,13,1157,0.011235955056179775
656794,"Newcomb, Sean",FF,453,1482,0.305668016194332
656794,"Newcomb, Sean",SV,332,1482,0.22402159244264508
656794,"Newcomb, Sean",SI,322,1482,0.21727395411605938
656794,"Newcomb, Sean",FC,195,1482,0.13157894736842105
656794,"Newcomb, Sean",CH,102,1482,0.06882591093117409
656794,"Newcomb, Sean",CU,78,1482,0.05263157894736842
656848,"Petersen, Michael",FF,183,327,0.5596330275229358
656848,"Petersen, Michael",SL,135,327,0.41284403669724773
656848,"Petersen, Michael",SI,8,327,0.024464831804281346
656848,"Petersen, Michael",CH,1,327,0.0030581039755351682
656849,"Peterson, David",SI,769,2610,0.2946360153256705
656849,"Peterson, David",FF,582,2610,0.22298850574712645
656849,"Peterson, David",SL,504,2610,0.19310344827586207
656849,"Peterson, David",CH,392,2610,0.15019157088122606
656849,"Peterson, David",CU,363,2610,0.13908045977011493
656876,"Rasmussen, Drew",FF,805,2246,0.35841495992876227
656876,"Rasmussen, Drew",FC,695,2246,0.30943900267141583
656876,"Rasmussen, Drew",SI,513,2246,0.2284060552092609
656876,"Rasmussen, Drew",ST,106,2246,0.04719501335707925
656876,"Rasmussen, Drew",CU,94,2246,0.041852181656277826
656876,"Rasmussen, Drew",CH,28,2246,0.012466607301869992
656876,"Rasmussen, Drew",SL,5,2246,0.002226179875333927
656896,"Rivera, Emmanuel",OTHER,44,45,0.9777777777777777
656896,"Rivera, Emmanuel",CH,1,45,0.022222222222222223
656945,"Scott, Tanner",FF,448,862,0.5197215777262181
656945,"Scott, Tanner",SL,412,862,0.4779582366589327
656945,"Scott, Tanner",SI,2,862,0.002320185614849188
656986,"Sousa, Bennett",SL,418,728,0.5741758241758241
656986,"Sousa, Bennett",FF,295,728,0.4052197802197802
656986,"Sousa, Bennett",SI,10,728,0.013736263736263736
656986,"Sousa, Bennett",FC,5,728,0.006868131868131868
657006,"Steele, Justin",FF,109,169,0.6449704142011834
657006,"Steele, Justin",SL,39,169,0.23076923076923078
657006,"Steele, Justin",CU,10,169,0.05917159763313609
657006,"Steele, Justin",SI,6,169,0.03550295857988166
657006,"Steele, Justin",CH,5,169,0.029585798816568046
657024,"Swanson, Erik",FF,59,128,0.4609375
657024,"Swanson, Erik",FS,56,128,0.4375
657024,"Swanson, Erik",SL,13,128,0.1015625
657044,"Thompson, Ryan",SI,330,629,0.5246422893481717
657044,"Thompson, Ryan",SL,247,629,0.39268680445151033
657044,"Thompson, Ryan",FF,50,629,0.0794912559618442
657044,"Thompson, Ryan",FS,2,629,0.003179650238473768
657053,"Toussaint, Touki",SI,21,37,0.5675675675675675
657053,"Toussaint, Touki",FS,9,37,0.24324324324324326
657053,"Toussaint, Touki",CU,7,37,0.1891891891891892
657097,"Webb, Jacob",FF,419,943,0.4443266171792153
657097,"Webb, Jacob",CH,327,943,0.34676564156945916
657097,"Webb, Jacob",ST,197,943,0.20890774125132555
657240,"Merryweather, Julian",SL,164,329,0.49848024316109424
657240,"Merryweather, Julian",FF,158,329,0.48024316109422494
657240,"Merryweather, Julian",ST,5,329,0.015197568389057751
657240,"Merryweather, Julian",CH,2,329,0.0060790273556231
657277,"Webb, Logan",SI,1067,3204,0.33302122347066165
657277,"Webb, Logan",ST,856,3204,0.2671660424469413
657277,"Webb, Logan",CH,783,3204,0.2443820224719101
657277,"Webb, Logan",FF,256,3204,0.07990012484394507
657277,"Webb, Logan",FC,242,3204,0.07553058676654183
657376,"Schmidt, Clarke",FC,501,1226,0.4086460032626427
657376,"Schmidt, Clarke",KC,223,1226,0.18189233278955955
657376,"Schmidt, Clarke",SL,158,1226,0.12887438825448613
657376,"Schmidt, Clarke",ST,149,1226,0.12153344208809136
657376,"Schmidt, Clarke",SI,102,1226,0.08319738988580751
657376,"Schmidt, Clarke",FF,93,1226,0.07585644371941272
657424,"Gage, Matt",SL,270,531,0.5084745762711864
657424,"Gage, Matt",FF,146,531,0.2749529190207156
657424,"Gage, Matt",SI,50,531,0.09416195856873823
657424,"Gage, Matt",CH,47,531,0.08851224105461393
657424,"Gage, Matt",ST,18,531,0.03389830508474576
657514,"Bernardino, Brennan",SI,367,818,0.44865525672371637
657514,"Bernardino, Brennan",CU,218,818,0.2665036674816626
657514,"Bernardino, Brennan",FC,99,818,0.12102689486552567
657514,"Bernardino, Brennan",CH,98,818,0.1198044009779951
657514,"Bernardino, Brennan",SL,34,818,0.04156479217603912
657514,"Bernardino, Brennan",FF,2,818,0.0024449877750611247
657571,"Ferguson, Caleb",FF,313,1011,0.3095944609297725
657571,"Ferguson, Caleb",SI,239,1011,0.23639960435212662
657571,"Ferguson, Caleb",FC,236,1011,0.2334322453016815
657571,"Ferguson, Caleb",SV,223,1011,0.2205736894164194
657585,"Garrett, Reed",FC,271,961,0.28199791883454733
657585,"Garrett, Reed",SI,233,961,0.24245577523413112
657585,"Garrett, Reed",FS,217,961,0.22580645161290322
657585,"Garrett, Reed",ST,202,961,0.21019771071800208
657585,"Garrett, Reed",FF,38,961,0.03954214360041623
657612,"Hill, Tim",SI,729,889,0.8200224971878515
657612,"Hill, Tim",FF,120,889,0.13498312710911137
657612,"Hill, Tim",FC,40,889,0.04499437570303712
657649,"Koenig, Jared",SI,584,1032,0.5658914728682171
657649,"Koenig, Jared",FC,173,1032,0.16763565891472867
657649,"Koenig, Jared",CU,162,1032,0.1569767441860465
657649,"Koenig, Jared",CH,98,1032,0.09496124031007752
657649,"Koenig, Jared",FF,15,1032,0.014534883720930232
657746,"Ryan, Joe",FF,1352,2714,0.49815770081061167
657746,"Ryan, Joe",ST,362,2714,0.13338246131171702
657746,"Ryan, Joe",SI,337,2714,0.12417096536477525
657746,"Ryan, Joe",FS,298,2714,0.10980103168754606
657746,"Ryan, Joe",SL,255,2714,0.09395725865880619
657746,"Ryan, Joe",KC,109,2714,0.04016212232866617
657746,"Ryan, Joe",OTHER,1,2714,0.00036845983787767134
657756,"Seabold, Connor",FF,94,185,0.5081081081081081
657756,"Seabold, Connor",CH,49,185,0.2648648648648649
657756,"Seabold, Connor",FC,35,185,0.1891891891891892
657756,"Seabold, Connor",SL,4,185,0.021621621621621623
657756,"Seabold, Connor",ST,3,185,0.016216216216216217
660271,"Ohtani, Shohei",FF,328,842,0.38954869358669836
660271,"Ohtani, Shohei",ST,181,842,0.21496437054631828
660271,"Ohtani, Shohei",SL,101,842,0.11995249406175772
660271,"Ohtani, Shohei",CU,82,842,0.09738717339667459
660271,"Ohtani, Shohei",SI,55,842,0.06532066508313539
660271,"Ohtani, Shohei",FC,51,842,0.060570071258907364
660271,"Ohtani, Shohei",FS,44,842,0.052256532066508314
660604,"Rangel, Alan",FF,76,174,0.4367816091954023
660604,"Rangel, Alan",CH,54,174,0.3103448275862069
660604,"Rangel, Alan",SL,33,174,0.1896551724137931
660604,"Rangel, Alan",CU,11,174,0.06321839080459771
660644,"Bruján, Vidal",OTHER,23,23,1.0
660730,"Rodríguez, Elvin",FF,124,271,0.4575645756457565
660730,"Rodríguez, Elvin",CU,64,271,0.23616236162361623
660730,"Rodríguez, Elvin",FC,33,271,0.12177121771217712
660730,"Rodríguez, Elvin",ST,30,271,0.11070110701107011
660730,"Rodríguez, Elvin",CH,20,271,0.07380073800738007
660761,"Suarez, José",FF,104,252,0.4126984126984127
660761,"Suarez, José",CH,70,252,0.2777777777777778
660761,"Suarez, José",SL,52,252,0.20634920634920634
660761,"Suarez, José",SI,20,252,0.07936507936507936
660761,"Suarez, José",ST,5,252,0.01984126984126984
660761,"Suarez, José",CU,1,252,0.003968253968253968
660787,"De los Santos, Yerry",SI,306,590,0.5186440677966102
660787,"De los Santos, Yerry",CH,163,590,0.27627118644067794
660787,"De los Santos, Yerry",FF,65,590,0.11016949152542373
660787,"De los Santos, Yerry",SL,56,590,0.09491525423728814
660825,"Bazardo, Eduard",ST,503,1166,0.43138936535162953
660825,"Bazardo, Eduard",SI,494,1166,0.4236706689536878
660825,"Bazardo, Eduard",FF,145,1166,0.12435677530017153
660825,"Bazardo, Eduard",FS,23,1166,0.01972555746140652
660825,"Bazardo, Eduard",FC,1,1166,0.0008576329331046312
660844,"Rivas, Leo",OTHER,18,18,1.0
660853,"De Los Santos, Enyel",FF,523,1071,0.488328664799253
660853,"De Los Santos, Enyel",SL,385,1071,0.35947712418300654
660853,"De Los Santos, Enyel",CH,163,1071,0.15219421101774042
660896,"Alcala, Jorge",FF,486,1046,0.4646271510516252
660896,"Alcala, Jorge",CU,244,1046,0.2332695984703633
660896,"Alcala, Jorge",SL,162,1046,0.15487571701720843
660896,"Alcala, Jorge",SI,137,1046,0.13097514340344169
660896,"Alcala, Jorge",CH,17,1046,0.016252390057361378
661395,"Duran, Jhoan",FS,425,1065,0.39906103286384975
661395,"Duran, Jhoan",FF,376,1065,0.3530516431924883
661395,"Duran, Jhoan",KC,201,1065,0.18873239436619718
661395,"Duran, Jhoan",ST,63,1065,0.059154929577464786
661403,"Clase, Emmanuel",FC,496,714,0.6946778711484594
661403,"Clase, Emmanuel",SL,212,714,0.2969187675070028
661403,"Clase, Emmanuel",SI,6,714,0.008403361344537815
661527,"Martinez, Seth",ST,44,120,0.36666666666666664
661527,"Martinez, Seth",FF,32,120,0.26666666666666666
661527,"Martinez, Seth",FC,20,120,0.16666666666666666
661527,"Martinez, Seth",CH,13,120,0.10833333333333334
661527,"Martinez, Seth",SI,11,120,0.09166666666666666
661563,"Gil, Luis",FF,521,1018,0.5117878192534381
661563,"Gil, Luis",SL,261,1018,0.25638506876227896
661563,"Gil, Luis",CH,236,1018,0.2318271119842829
662253,"Muñoz, Andrés",SL,541,1047,0.5167144221585482
662253,"Muñoz, Andrés",FF,358,1047,0.3419293218720153
662253,"Muñoz, Andrés",SI,126,1047,0.12034383954154727
662253,"Muñoz, Andrés",CH,22,1047,0.021012416427889206
663158,"Suarez, Robert",FF,692,1087,0.6366145354185833
663158,"Suarez, Robert",CH,254,1087,0.23367065317387303
663158,"Suarez, Robert",SI,139,1087,0.12787488500459981
663158,"Suarez, Robert",FC,2,1087,0.0018399264029438822
663321,"Hernandez, Nick",SL,101,221,0.45701357466063347
663321,"Hernandez, Nick",FF,95,221,0.4298642533936652
663321,"Hernandez, Nick",FS,25,221,0.11312217194570136
663362,"Waldron, Matt",OTHER,77,104,0.7403846153846154
663362,"Waldron, Matt",FF,15,104,0.14423076923076922
663362,"Waldron, Matt",SI,9,104,0.08653846153846154
663362,"Waldron, Matt",ST,3,104,0.028846153846153848
663372,"Feltner, Ryan",FF,146,439,0.3325740318906606
663372,"Feltner, Ryan",SL,77,439,0.17539863325740318
663372,"Feltner, Ryan",CH,74,439,0.16856492027334852
663372,"Feltner, Ryan",ST,60,439,0.1366742596810934
663372,"Feltner, Ryan",SI,53,439,0.12072892938496584
663372,"Feltner, Ryan",CU,29,439,0.06605922551252848
663399,"Waddell, Brandon",ST,121,512,0.236328125
663399,"Waddell, Brandon",FF,116,512,0.2265625
663399,"Waddell, Brandon",SI,111,512,0.216796875
663399,"Waddell, Brandon",SL,89,512,0.173828125
663399,"Waddell, Brandon",CH,75,512,0.146484375
663423,"Thornton, Trent",FF,208,630,0.33015873015873015
663423,"Thornton, Trent",FC,143,630,0.22698412698412698
663423,"Thornton, Trent",CU,120,630,0.19047619047619047
663423,"Thornton, Trent",ST,118,630,0.1873015873015873
663423,"Thornton, Trent",FS,15,630,0.023809523809523808
663423,"Thornton, Trent",SI,11,630,0.01746031746031746
663423,"Thornton, Trent",CH,9,630,0.014285714285714285
663423,"Thornton, Trent",SL,6,630,0.009523809523809525
663432,"Rainey, Tanner",FF,106,201,0.527363184079602
663432,"Rainey, Tanner",SL,95,201,0.472636815920398
663436,"Martin, Davis",FF,742,2218,0.3345356176735798
663436,"Martin, Davis",CH,533,2218,0.24030658250676284
663436,"Martin, Davis",SL,476,2218,0.2146077547339946
663436,"Martin, Davis",SI,234,2218,0.1055004508566276
663436,"Martin, Davis",CU,108,2218,0.04869251577998197
663436,"Martin, Davis",ST,82,2218,0.0369702434625789
663436,"Martin, Davis",FC,41,2218,0.01848512173128945
663436,"Martin, Davis",OTHER,2,2218,0.0009017132551848512
663455,"Pilkington, Konnor",FF,295,500,0.59
663455,"Pilkington, Konnor",CH,108,500,0.216
663455,"Pilkington, Konnor",SL,97,500,0.194
663460,"Bubic, Kris",FF,636,1700,0.37411764705882355
663460,"Bubic, Kris",CH,368,1700,0.2164705882352941
663460,"Bubic, Kris",ST,351,1700,0.20647058823529413
663460,"Bubic, Kris",SL,231,1700,0.13588235294117648
663460,"Bubic, Kris",SI,114,1700,0.06705882352941177
663462,"Campbell, Isaiah",SL,46,109,0.42201834862385323
663462,"Campbell, Isaiah",FF,20,109,0.1834862385321101
663462,"Campbell, Isaiah",ST,19,109,0.1743119266055046
663462,"Campbell, Isaiah",CU,13,109,0.11926605504587157
663462,"Campbell, Isaiah",SI,11,109,0.10091743119266056
663465,"Allard, Kolby",FF,389,1000,0.389
663465,"Allard, Kolby",CH,200,1000,0.2
663465,"Allard, Kolby",FC,193,1000,0.193
663465,"Allard, Kolby",CU,132,1000,0.132
663465,"Allard, Kolby",SI,86,1000,0.086
663474,"McKenzie, Triston",FF,79,97,0.8144329896907216
663474,"McKenzie, Triston",CU,13,97,0.13402061855670103
663474,"McKenzie, Triston",SL,5,97,0.05154639175257732
663485,"Sands, Cole",FF,299,1129,0.26483613817537643
663485,"Sands, Cole",FC,264,1129,0.23383525243578387
663485,"Sands, Cole",FS,246,1129,0.2178919397697077
663485,"Sands, Cole",CU,213,1129,0.1886625332152347
663485,"Sands, Cole",SI,103,1129,0.0912311780336581
663485,"Sands, Cole",SL,4,1129,0.00354295837023915
663542,"Hudson, Bryan",FF,171,264,0.6477272727272727
663542,"Hudson, Bryan",ST,61,264,0.23106060606060605
663542,"Hudson, Bryan",SI,20,264,0.07575757575757576
663542,"Hudson, Bryan",FC,10,264,0.03787878787878788
663542,"Hudson, Bryan",CH,2,264,0.007575757575757576
663546,"Hjelle, Sean",SI,127,254,0.5
663546,"Hjelle, Sean",KC,91,254,0.35826771653543305
663546,"Hjelle, Sean",FC,36,254,0.14173228346456693
663554,"Mize, Casey",FF,813,2415,0.33664596273291925
663554,"Mize, Casey",FS,589,2415,0.24389233954451345
663554,"Mize, Casey",SL,400,2415,0.16563146997929606
663554,"Mize, Casey",SV,314,2415,0.1300207039337474
663554,"Mize, Casey",SI,299,2415,0.12380952380952381
663558,"Morán, Jovani",CH,31,80,0.3875
663558,"Morán, Jovani",FF,29,80,0.3625
663558,"Morán, Jovani",FC,14,80,0.175
663558,"Morán, Jovani",ST,5,80,0.0625
663558,"Morán, Jovani",CU,1,80,0.0125
663559,"Falter, Bailey",FF,948,1864,0.5085836909871244
663559,"Falter, Bailey",SL,339,1864,0.18186695278969958
663559,"Falter, Bailey",CU,225,1864,0.12070815450643776
663559,"Falter, Bailey",SI,187,1864,0.10032188841201717
663559,"Falter, Bailey",FS,148,1864,0.07939914163090128
663559,"Falter, Bailey",SV,17,1864,0.009120171673819743
663562,"Davis, Noah",SI,93,251,0.3705179282868526
663562,"Davis, Noah",ST,79,251,0.3147410358565737
663562,"Davis, Noah",FC,47,251,0.18725099601593626
663562,"Davis, Noah",FF,19,251,0.07569721115537849
663562,"Davis, Noah",OTHER,7,251,0.027888446215139442
663562,"Davis, Noah",SL,5,251,0.0199203187250996
663562,"Davis, Noah",CU,1,251,0.00398406374501992
663568,"Kolek, Stephen",FF,433,1689,0.25636471284783896
663568,"Kolek, Stephen",SI,407,1689,0.24097098875074008
663568,"Kolek, Stephen",SL,279,1689,0.16518650088809947
663568,"Kolek, Stephen",FC,256,1689,0.15156897572528122
663568,"Kolek, Stephen",CH,196,1689,0.11604499703966845
663568,"Kolek, Stephen",ST,117,1689,0.06927175843694494
663568,"Kolek, Stephen",CU,1,1689,0.0005920663114268798
663574,"Santillan, Tony",FF,797,1234,0.6458670988654781
663574,"Santillan, Tony",SV,274,1234,0.22204213938411668
663574,"Santillan, Tony",SL,162,1234,0.1312803889789303
663574,"Santillan, Tony",CH,1,1234,0.0008103727714748784
663623,"Irvin, Jake",FF,920,2862,0.3214535290006988
663623,"Irvin, Jake",CU,847,2862,0.29594689028651294
663623,"Irvin, Jake",SI,640,2862,0.2236198462613557
663623,"Irvin, Jake",CH,207,2862,0.07232704402515723
663623,"Irvin, Jake",FC,125,2862,0.043675751222921035
663623,"Irvin, Jake",SL,122,2862,0.04262753319357093
663623,"Irvin, Jake",OTHER,1,2862,0.00034940600978336826
663671,"Enright, Nic",FF,353,532,0.6635338345864662
663671,"Enright, Nic",SL,135,532,0.25375939849624063
663671,"Enright, Nic",CU,43,532,0.08082706766917293
663671,"Enright, Nic",CH,1,532,0.0018796992481203006
663687,"Harris, Hogan",FF,633,1113,0.568733153638814
663687,"Harris, Hogan",CU,253,1113,0.22731356693620844
663687,"Harris, Hogan",CH,145,1113,0.1302785265049416
663687,"Harris, Hogan",ST,35,1113,0.031446540880503145
663687,"Harris, Hogan",FC,29,1113,0.02605570530098832
663687,"Harris, Hogan",SL,18,1113,0.016172506738544475
663738,"Lynch IV, Daniel",SL,298,1037,0.28736740597878496
663738,"Lynch IV, Daniel",FF,230,1037,0.22179363548698167
663738,"Lynch IV, Daniel",CH,203,1037,0.19575699132111862
663738,"Lynch IV, Daniel",SI,201,1037,0.19382835101253615
663738,"Lynch IV, Daniel",KC,105,1037,0.10125361620057859
663765,"Woodford, Jake",SI,196,625,0.3136
663765,"Woodford, Jake",ST,143,625,0.2288
663765,"Woodford, Jake",CH,116,625,0.1856
663765,"Woodford, Jake",FF,108,625,0.1728
663765,"Woodford, Jake",FC,62,625,0.0992
663767,"Shugart, Chase",ST,199,692,0.2875722543352601
663767,"Shugart, Chase",FC,176,692,0.2543352601156069
663767,"Shugart, Chase",SI,140,692,0.2023121387283237
663767,"Shugart, Chase",FF,128,692,0.18497109826589594
663767,"Shugart, Chase",CH,49,692,0.0708092485549133
663773,"Hoeing, Bryan",SI,61,131,0.46564885496183206
663773,"Hoeing, Bryan",FS,51,131,0.3893129770992366
663773,"Hoeing, Bryan",SL,13,131,0.09923664122137404
663773,"Hoeing, Bryan",FF,6,131,0.04580152671755725
663795,"Hagenman, Justin",FC,125,383,0.3263707571801567
663795,"Hagenman, Justin",SI,96,383,0.2506527415143603
663795,"Hagenman, Justin",CH,88,383,0.2297650130548303
663795,"Hagenman, Justin",SL,74,383,0.19321148825065274
663804,"Kowar, Jackson",FF,162,281,0.5765124555160143
663804,"Kowar, Jackson",SL,100,281,0.35587188612099646
663804,"Kowar, Jackson",CH,15,281,0.05338078291814947
663804,"Kowar, Jackson",SI,4,281,0.014234875444839857
663855,"Hicks, Jordan",SI,604,1127,0.5359361135758651
663855,"Hicks, Jordan",ST,255,1127,0.22626441881100265
663855,"Hicks, Jordan",FF,107,1127,0.09494232475598935
663855,"Hicks, Jordan",SL,92,1127,0.08163265306122448
663855,"Hicks, Jordan",FS,69,1127,0.061224489795918366
663878,"Pearson, Nate",FF,104,201,0.5174129353233831
663878,"Pearson, Nate",SL,84,201,0.417910447761194
663878,"Pearson, Nate",CU,7,201,0.03482587064676617
663878,"Pearson, Nate",SI,6,201,0.029850746268656716
663893,"Little, Brendon",SI,562,1214,0.46293245469522243
663893,"Little, Brendon",KC,559,1214,0.46046128500823724
663893,"Little, Brendon",FC,93,1214,0.07660626029654036
663897,"Williams, Luke",OTHER,71,71,1.0
663903,"Singer, Brady",SI,1117,2758,0.40500362581580857
663903,"Singer, Brady",SL,789,2758,0.2860768672951414
663903,"Singer, Brady",ST,312,2758,0.11312545322697606
663903,"Singer, Brady",FF,292,2758,0.10587382160986222
663903,"Singer, Brady",FC,248,2758,0.08992023205221175
663941,"Beck, Tristan",FF,270,817,0.33047735618115054
663941,"Beck, Tristan",ST,232,817,0.2839657282741738
663941,"Beck, Tristan",SL,174,817,0.21297429620563035
663941,"Beck, Tristan",CU,141,817,0.17258261933904528
663947,"Holton, Tyler",FC,350,1165,0.30042918454935624
663947,"Holton, Tyler",SI,262,1165,0.22489270386266094
663947,"Holton, Tyler",ST,216,1165,0.1854077253218884
663947,"Holton, Tyler",CH,169,1165,0.14506437768240343
663947,"Holton, Tyler",FF,128,1165,0.10987124463519313
663947,"Holton, Tyler",CU,40,1165,0.034334763948497854
663967,"Salazar, César",OTHER,11,11,1.0
663969,"Phillips, Tyler",SI,343,1091,0.31439046746104493
663969,"Phillips, Tyler",CU,253,1091,0.23189734188817598
663969,"Phillips, Tyler",ST,245,1091,0.22456461961503207
663969,"Phillips, Tyler",FS,149,1091,0.13657195233730524
663969,"Phillips, Tyler",FF,96,1091,0.08799266727772685
663969,"Phillips, Tyler",FC,5,1091,0.00458295142071494
663978,"Paddack, Chris",FF,1065,2476,0.4301292407108239
663978,"Paddack, Chris",CH,588,2476,0.23747980613893377
663978,"Paddack, Chris",FC,336,2476,0.13570274636510501
663978,"Paddack, Chris",CU,296,2476,0.11954765751211632
663978,"Paddack, Chris",SI,133,2476,0.0537156704361874
663978,"Paddack, Chris",SL,58,2476,0.023424878836833602
663992,"Lovelady, Richard",ST,85,175,0.4857142857142857
663992,"Lovelady, Richard",SI,56,175,0.32
663992,"Lovelady, Richard",FF,20,175,0.11428571428571428
663992,"Lovelady, Richard",SL,14,175,0.08
664062,"Gonsolin, Tony",FF,245,609,0.40229885057471265
664062,"Gonsolin, Tony",FS,163,609,0.2676518883415435
664062,"Gonsolin, Tony",CU,103,609,0.16912972085385877
664062,"Gonsolin, Tony",SL,98,609,0.16091954022988506
664068,"Kingery, Scott",OTHER,36,37,0.972972972972973
664068,"Kingery, Scott",SL,1,37,0.02702702702702703
664076,"Cleavinger, Garrett",SL,332,855,0.3883040935672515
664076,"Cleavinger, Garrett",SI,314,855,0.3672514619883041
664076,"Cleavinger, Garrett",FF,104,855,0.1216374269005848
664076,"Cleavinger, Garrett",ST,90,855,0.10526315789473684
664076,"Cleavinger, Garrett",FC,15,855,0.017543859649122806
664123,"Effross, Scott",SI,74,156,0.47435897435897434
664123,"Effross, Scott",ST,52,156,0.3333333333333333
664123,"Effross, Scott",CH,19,156,0.12179487179487179
664123,"Effross, Scott",FF,11,156,0.07051282051282051
664126,"Fairbanks, Pete",FF,474,941,0.5037194473963869
664126,"Fairbanks, Pete",SL,381,941,0.40488841657810837
664126,"Fairbanks, Pete",CH,45,941,0.04782146652497343
664126,"Fairbanks, Pete",FC,41,941,0.04357066950053135
664129,"Hartlieb, Geoff",SL,67,109,0.6146788990825688
664129,"Hartlieb, Geoff",FF,26,109,0.23853211009174313
664129,"Hartlieb, Geoff",SI,16,109,0.14678899082568808
664139,"Gibaut, Ian",FF,176,345,0.5101449275362319
664139,"Gibaut, Ian",SL,57,345,0.16521739130434782
664139,"Gibaut, Ian",ST,51,345,0.14782608695652175
664139,"Gibaut, Ian",FC,50,345,0.14492753623188406
664139,"Gibaut, Ian",CH,10,345,0.028985507246376812
664139,"Gibaut, Ian",OTHER,1,345,0.002898550724637681
664141,"Brubaker, JT",SI,231,469,0.4925373134328358
664141,"Brubaker, JT",SL,114,469,0.24307036247334754
664141,"Brubaker, JT",CH,72,469,0.1535181236673774
664141,"Brubaker, JT",CU,49,469,0.1044776119402985
664141,"Brubaker, JT",FF,3,469,0.006396588486140725
664192,"Lucchesi, Joey",SI,304,632,0.4810126582278481
664192,"Lucchesi, Joey",CU,169,632,0.2674050632911392
664192,"Lucchesi, Joey",FF,158,632,0.25
664192,"Lucchesi, Joey",FS,1,632,0.0015822784810126582
664199,"Clarke, Taylor",SL,344,865,0.3976878612716763
664199,"Clarke, Taylor",FF,189,865,0.2184971098265896
664199,"Clarke, Taylor",CH,176,865,0.20346820809248556
664199,"Clarke, Taylor",SI,156,865,0.18034682080924855
664208,"Maton, Phil",CU,378,973,0.38848920863309355
664208,"Maton, Phil",FC,351,973,0.3607399794450154
664208,"Maton, Phil",ST,131,973,0.13463514902363824
664208,"Maton, Phil",SI,113,973,0.11613566289825282
664285,"Valdez, Framber",SI,1276,2801,0.4555515887183149
664285,"Valdez, Framber",CU,926,2801,0.33059621563727243
664285,"Valdez, Framber",CH,506,2801,0.1806497679400214
664285,"Valdez, Framber",SL,88,2801,0.03141735094609068
664285,"Valdez, Framber",FF,5,2801,0.001785076758300607
664294,"Moreta, Dauri",SL,162,285,0.5684210526315789
664294,"Moreta, Dauri",FF,121,285,0.4245614035087719
664294,"Moreta, Dauri",CH,2,285,0.007017543859649123
664299,"Javier, Cristian",FF,246,617,0.3987034035656402
664299,"Javier, Cristian",ST,123,617,0.1993517017828201
664299,"Javier, Cristian",CH,115,617,0.18638573743922204
664299,"Javier, Cristian",KC,74,617,0.11993517017828201
664299,"Javier, Cristian",SI,59,617,0.09562398703403566
664351,"Contreras, Luis",FF,96,182,0.5274725274725275
664351,"Contreras, Luis",SL,32,182,0.17582417582417584
664351,"Contreras, Luis",CH,31,182,0.17032967032967034
664351,"Contreras, Luis",ST,20,182,0.10989010989010989
664351,"Contreras, Luis",SI,3,182,0.016483516483516484
664353,"Urquidy, José",FF,18,56,0.32142857142857145
664353,"Urquidy, José",CH,16,56,0.2857142857142857
664353,"Urquidy, José",CU,15,56,0.26785714285714285
664353,"Urquidy, José",FC,7,56,0.125
664744,"Espada, Jose",FF,14,29,0.4827586206896552
664744,"Espada, Jose",FS,9,29,0.3103448275862069
664744,"Espada, Jose",SL,6,29,0.20689655172413793
664747,"Díaz, Alexis",FF,215,361,0.5955678670360111
664747,"Díaz, Alexis",SL,146,361,0.40443213296398894
664849,"Young, Danny",SI,67,118,0.5677966101694916
664849,"Young, Danny",ST,47,118,0.3983050847457627
664849,"Young, Danny",FC,4,118,0.03389830508474576
664854,"Helsley, Ryan",SL,451,949,0.47523709167544786
664854,"Helsley, Ryan",FF,432,949,0.45521601685985247
664854,"Helsley, Ryan",CU,57,949,0.06006322444678609
664854,"Helsley, Ryan",FC,9,949,0.009483667017913594
664875,"Lawrence, Justin",ST,123,241,0.5103734439834025
664875,"Lawrence, Justin",SI,99,241,0.4107883817427386
664875,"Lawrence, Justin",FF,19,241,0.07883817427385892
664948,"Misiewicz, Anthony",FC,64,115,0.5565217391304348
664948,"Misiewicz, Anthony",CH,23,115,0.2
664948,"Misiewicz, Anthony",CU,20,115,0.17391304347826086
664948,"Misiewicz, Anthony",FF,8,115,0.06956521739130435
664991,"Wolfram, Grant",SI,211,520,0.40576923076923077
664991,"Wolfram, Grant",SL,128,520,0.24615384615384617
664991,"Wolfram, Grant",FF,79,520,0.1519230769230769
664991,"Wolfram, Grant",CU,73,520,0.14038461538461539
664991,"Wolfram, Grant",ST,28,520,0.05384615384615385
664991,"Wolfram, Grant",FS,1,520,0.0019230769230769232
665019,"Clemens, Kody",OTHER,20,20,1.0
665152,"Kremer, Dean",FF,687,2612,0.2630168453292496
665152,"Kremer, Dean",FS,558,2612,0.21362940275650844
665152,"Kremer, Dean",FC,520,2612,0.1990811638591118
665152,"Kremer, Dean",SI,510,2612,0.19525267993874426
665152,"Kremer, Dean",CU,333,2612,0.1274885145482389
665152,"Kremer, Dean",SL,3,2612,0.0011485451761102604
665152,"Kremer, Dean",OTHER,1,2612,0.00038284839203675346
665625,"Peguero, Elvis",SL,64,117,0.5470085470085471
665625,"Peguero, Elvis",SI,53,117,0.452991452991453
665660,"Alvarado, Elvis",FF,372,765,0.48627450980392156
665660,"Alvarado, Elvis",SL,245,765,0.3202614379084967
665660,"Alvarado, Elvis",SI,117,765,0.15294117647058825
665660,"Alvarado, Elvis",CH,31,765,0.040522875816993466
665665,"Sanmartin, Reiver",CH,12,25,0.48
665665,"Sanmartin, Reiver",SI,7,25,0.28
665665,"Sanmartin, Reiver",FF,3,25,0.12
665665,"Sanmartin, Reiver",SL,3,25,0.12
665795,"Cabrera, Edward",CH,580,2252,0.25754884547069273
665795,"Cabrera, Edward",CU,531,2252,0.2357904085257549
665795,"Cabrera, Edward",SI,460,2252,0.20426287744227353
665795,"Cabrera, Edward",SL,389,2252,0.17273534635879217
665795,"Cabrera, Edward",FF,292,2252,0.12966252220248667
665871,"Assad, Javier",SI,230,567,0.4056437389770723
665871,"Assad, Javier",FC,124,567,0.21869488536155202
665871,"Assad, Javier",ST,73,567,0.12874779541446207
665871,"Assad, Javier",FF,72,567,0.12698412698412698
665871,"Assad, Javier",CU,36,567,0.06349206349206349
665871,"Assad, Javier",CH,24,567,0.042328042328042326
665871,"Assad, Javier",SL,8,567,0.014109347442680775
666120,"Anderson, Ian",FF,104,203,0.5123152709359606
666120,"Anderson, Ian",CH,71,203,0.3497536945812808
666120,"Anderson, Ian",CU,28,203,0.13793103448275862
666142,"Ragans, Cole",FF,493,996,0.49497991967871485
666142,"Ragans, Cole",CH,194,996,0.19477911646586346
666142,"Ragans, Cole",SL,141,996,0.14156626506024098
666142,"Ragans, Cole",KC,133,996,0.13353413654618473
666142,"Ragans, Cole",FC,35,996,0.035140562248995984
666157,"Lodolo, Nick",CU,702,2406,0.29177057356608477
666157,"Lodolo, Nick",FF,682,2406,0.28345802161263506
666157,"Lodolo, Nick",CH,525,2406,0.21820448877805487
666157,"Lodolo, Nick",SI,497,2406,0.20656691604322527
666168,"Thompson, Mason",SI,96,239,0.401673640167364
666168,"Thompson, Mason",SL,80,239,0.33472803347280333
666168,"Thompson, Mason",FF,44,239,0.18410041841004185
666168,"Thompson, Mason",CU,12,239,0.0502092050209205
666168,"Thompson, Mason",CH,7,239,0.029288702928870293
666171,"Zeferjahn, Ryan",FF,323,1016,0.31791338582677164
666171,"Zeferjahn, Ryan",ST,274,1016,0.26968503937007876
666171,"Zeferjahn, Ryan",FC,224,1016,0.2204724409448819
666171,"Zeferjahn, Ryan",SL,164,1016,0.16141732283464566
666171,"Zeferjahn, Ryan",SV,25,1016,0.024606299212598427
666171,"Zeferjahn, Ryan",SI,6,1016,0.005905511811023622
666200,"Luzardo, Jesús",FF,968,2918,0.3317340644276902
666200,"Luzardo, Jesús",ST,946,2918,0.32419465387251545
666200,"Luzardo, Jesús",CH,507,2918,0.17374914324880056
666200,"Luzardo, Jesús",SI,314,2918,0.10760795065113091
666200,"Luzardo, Jesús",SL,183,2918,0.06271418779986292
666214,"Wentz, Joey",FF,774,1759,0.44002274019329163
666214,"Wentz, Joey",SL,462,1759,0.2626492325184764
666214,"Wentz, Joey",CU,317,1759,0.1802160318362706
666214,"Wentz, Joey",FC,143,1759,0.08129619101762366
666214,"Wentz, Joey",CH,63,1759,0.03581580443433769
666215,"Whitley, Forrest",FF,86,256,0.3359375
666215,"Whitley, Forrest",FC,68,256,0.265625
666215,"Whitley, Forrest",SI,45,256,0.17578125
666215,"Whitley, Forrest",CU,30,256,0.1171875
666215,"Whitley, Forrest",SV,24,256,0.09375
666215,"Whitley, Forrest",CH,3,256,0.01171875
666277,"Soriano, George",CH,190,603,0.3150912106135987
666277,"Soriano, George",FF,115,603,0.19071310116086235
666277,"Soriano, George",SI,109,603,0.18076285240464346
666277,"Soriano, George",SL,107,603,0.17744610281923714
666277,"Soriano, George",ST,82,603,0.13598673300165837
666374,"Brash, Matt",SL,531,870,0.6103448275862069
666374,"Brash, Matt",SI,188,870,0.2160919540229885
666374,"Brash, Matt",CH,104,870,0.11954022988505747
666374,"Brash, Matt",FF,41,870,0.047126436781609195
666374,"Brash, Matt",KC,6,870,0.006896551724137931
666619,"Santos, Gregory",SL,67,109,0.6146788990825688
666619,"Santos, Gregory",SI,42,109,0.3853211009174312
666659,"Lao, Sauryn",SL,89,185,0.4810810810810811
666659,"Lao, Sauryn",FF,55,185,0.2972972972972973
666659,"Lao, Sauryn",SI,27,185,0.14594594594594595
666659,"Lao, Sauryn",CH,14,185,0.07567567567567568
666661,"Morillo, Juan",FF,285,617,0.4619124797406807
666661,"Morillo, Juan",SL,130,617,0.2106969205834684
666661,"Morillo, Juan",SI,120,617,0.19448946515397084
666661,"Morillo, Juan",CH,82,617,0.13290113452188007
666711,"Peguero, Joel",SI,108,315,0.34285714285714286
666711,"Peguero, Joel",SL,104,315,0.33015873015873015
666711,"Peguero, Joel",FF,103,315,0.326984126984127
666808,"Doval, Camilo",SL,522,1099,0.4749772520473157
666808,"Doval, Camilo",FC,439,1099,0.3994540491355778
666808,"Doval, Camilo",SI,137,1099,0.12465878070973613
666808,"Doval, Camilo",OTHER,1,1099,0.0009099181073703367
666974,"Cano, Yennier",SI,443,955,0.4638743455497382
666974,"Cano, Yennier",ST,174,955,0.18219895287958116
666974,"Cano, Yennier",CH,116,955,0.12146596858638743
666974,"Cano, Yennier",FF,111,955,0.1162303664921466
666974,"Cano, Yennier",FS,71,955,0.0743455497382199
666974,"Cano, Yennier",FC,25,955,0.02617801047120419
666974,"Cano, Yennier",SL,15,955,0.015706806282722512
667297,"Nance, Tommy",SL,203,476,0.4264705882352941
667297,"Nance, Tommy",CU,144,476,0.3025210084033613
667297,"Nance, Tommy",SI,129,476,0.2710084033613445
667463,"King, John",SI,459,776,0.5914948453608248
667463,"King, John",CH,150,776,0.19329896907216496
667463,"King, John",SL,112,776,0.14432989690721648
667463,"King, John",CU,43,776,0.055412371134020616
667463,"King, John",FF,11,776,0.014175257731958763
667463,"King, John",ST,1,776,0.001288659793814433
667755,"Soriano, José",SI,1321,2711,0.4872740686093692
667755,"Soriano, José",KC,728,2711,0.2685355957211361
667755,"Soriano, José",FS,256,2711,0.09443009959424567
667755,"Soriano, José",FF,237,2711,0.08742161563998524
667755,"Soriano, José",SL,159,2711,0.05864994466986352
667755,"Soriano, José",CH,10,2711,0.0036886757654002213
668390,"Winn, Cole",FF,171,619,0.2762520193861066
668390,"Winn, Cole",SI,130,619,0.210016155088853
668390,"Winn, Cole",SL,119,619,0.19224555735056542
668390,"Winn, Cole",FC,118,619,0.19063004846526657
668390,"Winn, Cole",FS,75,619,0.12116316639741519
668390,"Winn, Cole",CU,6,619,0.009693053311793215
668670,"Rogers, Jake",OTHER,49,49,1.0
668674,"Erceg, Lucas",FF,284,941,0.3018065887353879
668674,"Erceg, Lucas",SL,277,941,0.29436769394261425
668674,"Erceg, Lucas",SI,224,941,0.23804463336875664
668674,"Erceg, Lucas",CH,156,941,0.16578108395324123
668678,"Gallen, Zac",FF,1367,3052,0.4479030144167759
668678,"Gallen, Zac",KC,718,3052,0.23525557011795545
668678,"Gallen, Zac",CH,492,3052,0.16120576671035386
668678,"Gallen, Zac",SL,393,3052,0.12876802096985585
668678,"Gallen, Zac",SI,79,3052,0.025884665792922673
668678,"Gallen, Zac",FC,2,3052,0.000655307994757536
668678,"Gallen, Zac",OTHER,1,3052,0.000327653997378768
668716,"Murdock, Noah",SI,179,312,0.5737179487179487
668716,"Murdock, Noah",FC,72,312,0.23076923076923078
668716,"Murdock, Noah",ST,58,312,0.1858974358974359
668716,"Murdock, Noah",FS,2,312,0.00641025641025641
668716,"Murdock, Noah",OTHER,1,312,0.003205128205128205
668820,"Kranick, Max",FF,211,524,0.4026717557251908
668820,"Kranick, Max",SL,209,524,0.3988549618320611
668820,"Kranick, Max",CU,63,524,0.12022900763358779
668820,"Kranick, Max",ST,41,524,0.07824427480916031
668834,"McGee, Easton",SI,71,223,0.3183856502242152
668834,"McGee, Easton",CU,66,223,0.29596412556053814
668834,"McGee, Easton",FF,45,223,0.20179372197309417
668834,"McGee, Easton",FC,29,223,0.13004484304932734
668834,"McGee, Easton",ST,8,223,0.03587443946188341
668834,"McGee, Easton",CH,4,223,0.017937219730941704
668881,"Greene, Hunter",FF,927,1729,0.5361480624638519
668881,"Greene, Hunter",SL,611,1729,0.3533834586466165
668881,"Greene, Hunter",FS,191,1729,0.11046847888953153
668909,"Williams, Gavin",FF,1065,2939,0.3623681524328003
668909,"Williams, Gavin",CU,649,2939,0.22082340932289896
668909,"Williams, Gavin",ST,593,2939,0.20176930928887377
668909,"Williams, Gavin",FC,429,2939,0.14596801633208575
668909,"Williams, Gavin",SI,201,2939,0.06839060905069752
668909,"Williams, Gavin",CH,2,2939,0.0006805035726437564
668933,"Ashcraft, Graham",FC,565,1049,0.5386081982840801
668933,"Ashcraft, Graham",SL,484,1049,0.4613918017159199
668941,"Romero, JoJo",ST,369,960,0.384375
668941,"Romero, JoJo",SI,307,960,0.31979166666666664
668941,"Romero, JoJo",CH,215,960,0.22395833333333334
668941,"Romero, JoJo",FF,55,960,0.057291666666666664
668941,"Romero, JoJo",SV,13,960,0.013541666666666667
668941,"Romero, JoJo",FC,1,960,0.0010416666666666667
668964,"Myers, Tobias",FF,373,826,0.4515738498789346
668964,"Myers, Tobias",FC,165,826,0.19975786924939468
668964,"Myers, Tobias",SL,135,826,0.16343825665859565
668964,"Myers, Tobias",FS,129,826,0.15617433414043583
668964,"Myers, Tobias",CH,12,826,0.014527845036319613
668964,"Myers, Tobias",CU,12,826,0.014527845036319613
668970,"Hollowell, Gavin",FF,78,172,0.45348837209302323
668970,"Hollowell, Gavin",ST,58,172,0.3372093023255814
668970,"Hollowell, Gavin",SI,36,172,0.20930232558139536
668984,"Legumina, Casey",FF,424,861,0.4924506387921022
668984,"Legumina, Casey",SI,196,861,0.22764227642276422
668984,"Legumina, Casey",ST,149,861,0.17305458768873402
668984,"Legumina, Casey",CH,92,861,0.10685249709639953
669020,"Rolison, Ryan",FF,315,676,0.46597633136094674
669020,"Rolison, Ryan",CU,226,676,0.3343195266272189
669020,"Rolison, Ryan",SL,112,676,0.16568047337278108
669020,"Rolison, Ryan",CH,23,676,0.034023668639053255
669022,"Gore, MacKenzie",FF,1347,2725,0.4943119266055046
669022,"Gore, MacKenzie",CU,661,2725,0.24256880733944955
669022,"Gore, MacKenzie",SL,315,2725,0.11559633027522936
669022,"Gore, MacKenzie",CH,280,2725,0.10275229357798166
669022,"Gore, MacKenzie",FC,122,2725,0.04477064220183486
669060,"Wilson, Bryse",FC,196,822,0.2384428223844282
669060,"Wilson, Bryse",SI,196,822,0.2384428223844282
669060,"Wilson, Bryse",CH,148,822,0.18004866180048662
669060,"Wilson, Bryse",FF,148,822,0.18004866180048662
669060,"Wilson, Bryse",CU,134,822,0.1630170316301703
669062,"Miller, Erik",FF,160,461,0.3470715835140998
669062,"Miller, Erik",CH,119,461,0.25813449023861174
669062,"Miller, Erik",SL,105,461,0.227765726681128
669062,"Miller, Erik",SI,77,461,0.16702819956616052
669084,"Hall, DL",FF,175,588,0.2976190476190476
669084,"Hall, DL",SL,109,588,0.18537414965986396
669084,"Hall, DL",FC,106,588,0.18027210884353742
669084,"Hall, DL",CH,104,588,0.17687074829931973
669084,"Hall, DL",CU,56,588,0.09523809523809523
669084,"Hall, DL",SI,38,588,0.06462585034013606
669093,"Estrada, Jeremiah",FF,676,1223,0.552739165985282
669093,"Estrada, Jeremiah",FS,292,1223,0.23875715453802127
669093,"Estrada, Jeremiah",SL,255,1223,0.20850367947669665
669145,"Zimmermann, Bruce",SI,28,91,0.3076923076923077
669145,"Zimmermann, Bruce",FS,19,91,0.2087912087912088
669145,"Zimmermann, Bruce",SL,16,91,0.17582417582417584
669145,"Zimmermann, Bruce",CU,12,91,0.13186813186813187
669145,"Zimmermann, Bruce",FF,10,91,0.10989010989010989
669145,"Zimmermann, Bruce",FC,6,91,0.06593406593406594
669160,"May, Dustin",ST,853,2169,0.3932687874596588
669160,"May, Dustin",SI,727,2169,0.33517750115260486
669160,"May, Dustin",FF,361,2169,0.16643614568925771
669160,"May, Dustin",FC,210,2169,0.09681881051175657
669160,"May, Dustin",CH,18,2169,0.008298755186721992
669193,"Little, Jack",FF,25,44,0.5681818181818182
669193,"Little, Jack",SL,12,44,0.2727272727272727
669193,"Little, Jack",FS,7,44,0.1590909090909091
669194,"Nelson, Ryne",FF,1495,2416,0.6187913907284768
669194,"Nelson, Ryne",SL,352,2416,0.1456953642384106
669194,"Nelson, Ryne",CU,267,2416,0.11051324503311258
669194,"Nelson, Ryne",FC,235,2416,0.0972682119205298
669194,"Nelson, Ryne",CH,67,2416,0.027731788079470198
669199,"Bachar, Lake",FF,411,1097,0.37465815861440294
669199,"Bachar, Lake",ST,294,1097,0.268003646308113
669199,"Bachar, Lake",SL,256,1097,0.2333637192342753
669199,"Bachar, Lake",FS,136,1097,0.12397447584320875
669203,"Burnes, Corbin",FC,555,1009,0.5500495540138751
669203,"Burnes, Corbin",CU,194,1009,0.19226957383548068
669203,"Burnes, Corbin",SI,97,1009,0.09613478691774034
669203,"Burnes, Corbin",SL,90,1009,0.08919722497522299
669203,"Burnes, Corbin",CH,73,1009,0.07234886025768088
669211,"Akin, Keegan",FF,516,1021,0.5053868756121449
669211,"Akin, Keegan",SL,300,1021,0.2938295788442703
669211,"Akin, Keegan",CH,205,1021,0.2007835455435847
669212,"Morgan, Eli",CH,24,67,0.3582089552238806
669212,"Morgan, Eli",FF,22,67,0.3283582089552239
669212,"Morgan, Eli",SL,21,67,0.31343283582089554
669276,"Lee, Dylan",SL,596,1081,0.5513413506012951
669276,"Lee, Dylan",FF,341,1081,0.3154486586493987
669276,"Lee, Dylan",CH,144,1081,0.1332099907493062
669302,"Gilbert, Logan",FF,769,2073,0.3709599614085866
669302,"Gilbert, Logan",SL,732,2073,0.35311143270622286
669302,"Gilbert, Logan",FS,403,2073,0.19440424505547516
669302,"Gilbert, Logan",CU,150,2073,0.0723589001447178
669302,"Gilbert, Logan",SI,19,2073,0.009165460684997588
669308,"Reynolds, Sean",FF,256,494,0.5182186234817814
669308,"Reynolds, Sean",SL,158,494,0.31983805668016196
669308,"Reynolds, Sean",ST,52,494,0.10526315789473684
669308,"Reynolds, Sean",CH,28,494,0.05668016194331984
669330,"Wells, Tyler",FF,125,342,0.3654970760233918
669330,"Wells, Tyler",CH,79,342,0.2309941520467836
669330,"Wells, Tyler",SL,63,342,0.18421052631578946
669330,"Wells, Tyler",FC,45,342,0.13157894736842105
669330,"Wells, Tyler",CU,30,342,0.08771929824561403
669358,"Baz, Shane",FF,1194,2718,0.4392935982339956
669358,"Baz, Shane",KC,731,2718,0.2689477557027226
669358,"Baz, Shane",FC,400,2718,0.14716703458425312
669358,"Baz, Shane",CH,311,2718,0.1144223693892568
669358,"Baz, Shane",SL,82,2718,0.03016924208977189
669371,"Henry, Cole",FF,489,967,0.5056876938986556
669371,"Henry, Cole",ST,318,967,0.32885211995863495
669371,"Henry, Cole",SI,98,967,0.10134436401240951
669371,"Henry, Cole",FC,35,967,0.03619441571871768
669371,"Henry, Cole",CH,27,967,0.027921406411582212
669372,"Ginn, J.T.",SI,811,1575,0.5149206349206349
669372,"Ginn, J.T.",SL,406,1575,0.2577777777777778
669372,"Ginn, J.T.",FC,210,1575,0.13333333333333333
669372,"Ginn, J.T.",CH,148,1575,0.09396825396825396
669373,"Skubal, Tarik",CH,917,2973,0.3084426505213589
669373,"Skubal, Tarik",FF,870,2973,0.29263370332996974
669373,"Skubal, Tarik",SI,713,2973,0.2398250924991591
669373,"Skubal, Tarik",SL,389,2973,0.1308442650521359
669373,"Skubal, Tarik",CU,81,2973,0.027245206861755803
669373,"Skubal, Tarik",FS,3,2973,0.0010090817356205853
669387,"Mlodzinski, Carmen",FF,573,1581,0.36242884250474383
669387,"Mlodzinski, Carmen",FS,246,1581,0.1555977229601518
669387,"Mlodzinski, Carmen",SI,238,1581,0.15053763440860216
669387,"Mlodzinski, Carmen",SL,206,1581,0.13029728020240355
669387,"Mlodzinski, Carmen",ST,171,1581,0.10815939278937381
669387,"Mlodzinski, Carmen",CU,146,1581,0.09234661606578115
669387,"Mlodzinski, Carmen",FC,1,1581,0.0006325110689437065
669391,"White, Owen",FF,38,119,0.31932773109243695
669391,"White, Owen",ST,33,119,0.2773109243697479
669391,"White, Owen",FC,26,119,0.2184873949579832
669391,"White, Owen",CH,10,119,0.08403361344537816
669391,"White, Owen",SI,7,119,0.058823529411764705
669391,"White, Owen",CU,5,119,0.04201680672268908
669422,"Sauer, Matt",FC,163,512,0.318359375
669422,"Sauer, Matt",FF,112,512,0.21875
669422,"Sauer, Matt",SL,96,512,0.1875
669422,"Sauer, Matt",SI,90,512,0.17578125
669422,"Sauer, Matt",FS,46,512,0.08984375
669422,"Sauer, Matt",CU,5,512,0.009765625
669432,"Rogers, Trevor",FF,665,1627,0.4087277197295636
669432,"Rogers, Trevor",CH,407,1627,0.2501536570374923
669432,"Rogers, Trevor",SI,242,1627,0.148740012292563
669432,"Rogers, Trevor",FC,191,1627,0.1173939766441303
669432,"Rogers, Trevor",ST,122,1627,0.07498463429625077
669438,"Englert, Mason",CH,242,702,0.34472934472934474
669438,"Englert, Mason",FF,141,702,0.20085470085470086
669438,"Englert, Mason",FC,129,702,0.18376068376068377
669438,"Englert, Mason",SI,122,702,0.1737891737891738
669438,"Englert, Mason",CU,61,702,0.0868945868945869
669438,"Englert, Mason",SV,4,702,0.005698005698005698
669438,"Englert, Mason",ST,3,702,0.004273504273504274
669449,"Palisch, Jake",FF,8,24,0.3333333333333333
669449,"Palisch, Jake",SL,7,24,0.2916666666666667
669449,"Palisch, Jake",CH,5,24,0.20833333333333334
669449,"Palisch, Jake",FC,4,24,0.16666666666666666
669450,"Hummel, Cooper",OTHER,17,17,1.0
669456,"Bieber, Shane",FF,230,645,0.35658914728682173
669456,"Bieber, Shane",SL,130,645,0.20155038759689922
669456,"Bieber, Shane",KC,120,645,0.18604651162790697
669456,"Bieber, Shane",CH,83,645,0.12868217054263567
669456,"Bieber, Shane",FC,82,645,0.12713178294573643
669459,"Nelson, Kyle",SL,24,44,0.5454545454545454
669459,"Nelson, Kyle",FF,19,44,0.4318181818181818
669459,"Nelson, Kyle",FC,1,44,0.022727272727272728
669461,"Liberatore, Matthew",FF,684,2388,0.2864321608040201
669461,"Liberatore, Matthew",SL,506,2388,0.211892797319933
669461,"Liberatore, Matthew",CU,376,2388,0.1574539363484087
669461,"Liberatore, Matthew",CH,291,2388,0.12185929648241206
669461,"Liberatore, Matthew",SI,281,2388,0.11767169179229481
669461,"Liberatore, Matthew",FC,248,2388,0.10385259631490787
669461,"Liberatore, Matthew",OTHER,2,2388,0.0008375209380234506
669467,"Pallante, Andre",FF,1158,2642,0.43830431491294475
669467,"Pallante, Andre",SL,755,2642,0.28576835730507194
669467,"Pallante, Andre",KC,374,2642,0.14155942467827404
669467,"Pallante, Andre",SI,352,2642,0.1332323996971991
669467,"Pallante, Andre",ST,3,2642,0.0011355034065102195
669620,"Basso, Brady",FF,108,206,0.5242718446601942
669620,"Basso, Brady",FC,38,206,0.18446601941747573
669620,"Basso, Brady",CU,36,206,0.17475728155339806
669620,"Basso, Brady",CH,20,206,0.0970873786407767
669620,"Basso, Brady",SI,4,206,0.019417475728155338
669622,"Bender, Anthony",ST,354,763,0.4639580602883355
669622,"Bender, Anthony",SI,204,763,0.2673656618610747
669622,"Bender, Anthony",SL,169,763,0.2214941022280472
669622,"Bender, Anthony",CH,27,763,0.035386631716906945
669622,"Bender, Anthony",FF,9,763,0.011795543905635648
669674,"Long, Sam",FF,261,748,0.34893048128342247
669674,"Long, Sam",SL,188,748,0.25133689839572193
669674,"Long, Sam",CU,137,748,0.18315508021390375
669674,"Long, Sam",SI,84,748,0.11229946524064172
669674,"Long, Sam",FS,70,748,0.09358288770053476
669674,"Long, Sam",ST,8,748,0.0106951871657754
669684,"Murphy, Chris",FF,179,569,0.3145869947275923
669684,"Murphy, Chris",CU,177,569,0.3110720562390158
669684,"Murphy, Chris",SL,114,569,0.20035149384885764
669684,"Murphy, Chris",ST,36,569,0.0632688927943761
669684,"Murphy, Chris",CH,29,569,0.050966608084358524
669684,"Murphy, Chris",SI,28,569,0.0492091388400703
669684,"Murphy, Chris",FS,6,569,0.01054481546572935
669704,"Strowd, Kade",FC,167,406,0.41133004926108374
669704,"Strowd, Kade",FF,74,406,0.18226600985221675
669704,"Strowd, Kade",SI,62,406,0.15270935960591134
669704,"Strowd, Kade",ST,53,406,0.13054187192118227
669704,"Strowd, Kade",CU,50,406,0.12315270935960591
669707,"Triolo, Jared",OTHER,23,23,1.0
669711,"Weissert, Greg",FF,350,1036,0.33783783783783783
669711,"Weissert, Greg",SI,286,1036,0.27606177606177607
669711,"Weissert, Greg",SL,164,1036,0.1583011583011583
669711,"Weissert, Greg",CH,101,1036,0.09749034749034749
669711,"Weissert, Greg",ST,91,1036,0.08783783783783784
669711,"Weissert, Greg",CU,44,1036,0.04247104247104247
669713,"Wesneski, Hayden",FF,186,508,0.3661417322834646
669713,"Wesneski, Hayden",ST,125,508,0.24606299212598426
669713,"Wesneski, Hayden",FC,58,508,0.1141732283464567
669713,"Wesneski, Hayden",SI,56,508,0.11023622047244094
669713,"Wesneski, Hayden",CU,47,508,0.09251968503937008
669713,"Wesneski, Hayden",CH,36,508,0.07086614173228346
669717,"Wilson, Will",SL,15,26,0.5769230769230769
669717,"Wilson, Will",CH,9,26,0.34615384615384615
669717,"Wilson, Will",CU,2,26,0.07692307692307693
669721,"Daniel, Davis",FF,93,183,0.5081967213114754
669721,"Daniel, Davis",FS,41,183,0.22404371584699453
669721,"Daniel, Davis",SL,30,183,0.16393442622950818
669721,"Daniel, Davis",ST,19,183,0.10382513661202186
669722,"Davidson, Logan",OTHER,14,14,1.0
669724,"Hanifee, Brenan",SI,569,908,0.6266519823788547
669724,"Hanifee, Brenan",SL,188,908,0.20704845814977973
669724,"Hanifee, Brenan",FF,112,908,0.12334801762114538
669724,"Hanifee, Brenan",CH,39,908,0.042951541850220265
669854,"Blanco, Ronel",FF,254,701,0.362339514978602
669854,"Blanco, Ronel",SL,213,701,0.30385164051355207
669854,"Blanco, Ronel",CU,148,701,0.21112696148359486
669854,"Blanco, Ronel",CH,86,701,0.12268188302425106
669920,"Alexander, Jason",SI,500,1252,0.3993610223642173
669920,"Alexander, Jason",CH,410,1252,0.3274760383386581
669920,"Alexander, Jason",ST,200,1252,0.1597444089456869
669920,"Alexander, Jason",FF,127,1252,0.10143769968051118
669920,"Alexander, Jason",FC,13,1252,0.010383386581469648
669920,"Alexander, Jason",SL,2,1252,0.001597444089456869
669923,"Kirby, George",FF,619,2180,0.28394495412844034
669923,"Kirby, George",ST,617,2180,0.2830275229357798
669923,"Kirby, George",SI,601,2180,0.2756880733944954
669923,"Kirby, George",KC,240,2180,0.11009174311926606
669923,"Kirby, George",FS,59,2180,0.02706422018348624
669923,"Kirby, George",CH,44,2180,0.02018348623853211
669947,"Scholtens, Jesse",FF,59,154,0.38311688311688313
669947,"Scholtens, Jesse",SL,51,154,0.33116883116883117
669947,"Scholtens, Jesse",ST,36,154,0.23376623376623376
669947,"Scholtens, Jesse",FS,8,154,0.05194805194805195
670036,"Festa, Matt",FF,326,832,0.3918269230769231
670036,"Festa, Matt",ST,322,832,0.3870192307692308
670036,"Festa, Matt",FC,118,832,0.14182692307692307
670036,"Festa, Matt",SI,66,832,0.07932692307692307
670059,"Holderman, Colin",SI,169,419,0.4033412887828162
670059,"Holderman, Colin",ST,114,419,0.2720763723150358
670059,"Holderman, Colin",FC,109,419,0.26014319809069214
670059,"Holderman, Colin",FF,17,419,0.0405727923627685
670059,"Holderman, Colin",FS,8,419,0.01909307875894988
670059,"Holderman, Colin",SL,2,419,0.00477326968973747
670102,"Francis, Bowden",FF,587,1050,0.559047619047619
670102,"Francis, Bowden",FS,235,1050,0.22380952380952382
670102,"Francis, Bowden",CU,144,1050,0.13714285714285715
670102,"Francis, Bowden",SL,64,1050,0.06095238095238095
670102,"Francis, Bowden",SI,20,1050,0.01904761904761905
670156,"Mastrobuoni, Miles",OTHER,23,23,1.0
670167,"Schreiber, John",FF,325,1023,0.3176930596285435
670167,"Schreiber, John",ST,290,1023,0.28347996089931576
670167,"Schreiber, John",SI,196,1023,0.19159335288367546
670167,"Schreiber, John",FC,191,1023,0.18670576735092864
670167,"Schreiber, John",CH,21,1023,0.020527859237536656
670174,"Winckowski, Josh",FF,61,207,0.2946859903381642
670174,"Winckowski, Josh",FC,55,207,0.26570048309178745
670174,"Winckowski, Josh",CH,36,207,0.17391304347826086
670174,"Winckowski, Josh",SI,36,207,0.17391304347826086
670174,"Winckowski, Josh",SL,19,207,0.09178743961352658
670183,"Acton, Garrett",FF,17,21,0.8095238095238095
670183,"Acton, Garrett",CH,4,21,0.19047619047619047
670280,"Bednar, David",FF,451,1035,0.4357487922705314
670280,"Bednar, David",CU,377,1035,0.3642512077294686
670280,"Bednar, David",FS,207,1035,0.2
670329,"Garcia, Rico",FF,231,586,0.39419795221843
670329,"Garcia, Rico",CH,129,586,0.22013651877133106
670329,"Garcia, Rico",CU,114,586,0.1945392491467577
670329,"Garcia, Rico",SL,112,586,0.19112627986348124
670766,"McCaughan, Darren",ST,22,54,0.4074074074074074
670766,"McCaughan, Darren",SI,16,54,0.2962962962962963
670766,"McCaughan, Darren",CH,8,54,0.14814814814814814
670766,"McCaughan, Darren",FF,8,54,0.14814814814814814
670810,"Gillaspie, Logan",FF,39,112,0.3482142857142857
670810,"Gillaspie, Logan",SL,23,112,0.20535714285714285
670810,"Gillaspie, Logan",CH,16,112,0.14285714285714285
670810,"Gillaspie, Logan",FC,16,112,0.14285714285714285
670810,"Gillaspie, Logan",CU,12,112,0.10714285714285714
670810,"Gillaspie, Logan",SI,4,112,0.03571428571428571
670810,"Gillaspie, Logan",ST,2,112,0.017857142857142856
670912,"Oviedo, Johan",FF,246,665,0.3699248120300752
670912,"Oviedo, Johan",SL,214,665,0.3218045112781955
670912,"Oviedo, Johan",CU,105,665,0.15789473684210525
670912,"Oviedo, Johan",SI,61,665,0.09172932330827067
670912,"Oviedo, Johan",CH,39,665,0.058646616541353384
670950,"Richards, Trevor",FF,68,116,0.5862068965517241
670950,"Richards, Trevor",CH,36,116,0.3103448275862069
670950,"Richards, Trevor",SL,12,116,0.10344827586206896
670955,"Uceta, Edwin",FF,483,1198,0.4031719532554257
670955,"Uceta, Edwin",CH,468,1198,0.39065108514190316
670955,"Uceta, Edwin",FC,191,1198,0.15943238731218698
670955,"Uceta, Edwin",ST,36,1198,0.03005008347245409
670955,"Uceta, Edwin",SI,20,1198,0.01669449081803005
670970,"Morejon, Adrian",SI,613,991,0.6185671039354188
670970,"Morejon, Adrian",SL,249,991,0.2512613521695257
670970,"Morejon, Adrian",CH,72,991,0.07265388496468214
670970,"Morejon, Adrian",FF,29,991,0.029263370332996974
670970,"Morejon, Adrian",FC,25,991,0.025227043390514632
670970,"Morejon, Adrian",OTHER,3,991,0.0030272452068617556
670990,"Ramírez, Yohan",FF,270,604,0.4470198675496689
670990,"Ramírez, Yohan",ST,147,604,0.2433774834437086
670990,"Ramírez, Yohan",CU,116,604,0.19205298013245034
670990,"Ramírez, Yohan",SI,40,604,0.06622516556291391
670990,"Ramírez, Yohan",SL,23,604,0.0380794701986755
670990,"Ramírez, Yohan",FC,8,604,0.013245033112582781
671096,"Abbott, Andrew",FF,1263,2677,0.4717967874486365
671096,"Abbott, Andrew",CH,526,2677,0.1964886066492342
671096,"Abbott, Andrew",ST,465,2677,0.17370190511766903
671096,"Abbott, Andrew",CU,308,2677,0.11505416511019799
671096,"Abbott, Andrew",FC,115,2677,0.042958535674262235
671106,"Allen, Logan",FF,900,2709,0.33222591362126247
671106,"Allen, Logan",ST,636,2709,0.23477297895902546
671106,"Allen, Logan",CH,497,2709,0.1834625322997416
671106,"Allen, Logan",SI,366,2709,0.13510520487264674
671106,"Allen, Logan",FC,306,2709,0.11295681063122924
671106,"Allen, Logan",SL,4,2709,0.0014765596160944998
671109,"Eder, Jake",FF,135,302,0.4470198675496689
671109,"Eder, Jake",ST,59,302,0.19536423841059603
671109,"Eder, Jake",SL,55,302,0.18211920529801323
671109,"Eder, Jake",CH,53,302,0.17549668874172186
671111,"Peralta, Sammy",SL,74,153,0.48366013071895425
671111,"Peralta, Sammy",SI,49,153,0.3202614379084967
671111,"Peralta, Sammy",CH,16,153,0.10457516339869281
671111,"Peralta, Sammy",FF,13,153,0.08496732026143791
671111,"Peralta, Sammy",ST,1,153,0.006535947712418301
671131,"Rutledge, Jackson",SI,437,1339,0.3263629574309186
671131,"Rutledge, Jackson",SL,351,1339,0.2621359223300971
671131,"Rutledge, Jackson",FF,250,1339,0.18670649738610903
671131,"Rutledge, Jackson",FC,175,1339,0.13069454817027631
671131,"Rutledge, Jackson",FS,126,1339,0.09410007468259896
671162,"Thomas, Connor",SI,27,62,0.43548387096774194
671162,"Thomas, Connor",FC,19,62,0.3064516129032258
671162,"Thomas, Connor",CH,9,62,0.14516129032258066
671162,"Thomas, Connor",ST,6,62,0.0967741935483871
671162,"Thomas, Connor",FF,1,62,0.016129032258064516
671212,"Boyle, Joe",FF,453,934,0.48501070663811563
671212,"Boyle, Joe",SL,328,934,0.3511777301927195
671212,"Boyle, Joe",FS,152,934,0.16274089935760172
671212,"Boyle, Joe",ST,1,934,0.0010706638115631692
671305,"Otañez, Michel",FF,51,121,0.4214876033057851
671305,"Otañez, Michel",SL,43,121,0.35537190082644626
671305,"Otañez, Michel",SI,27,121,0.2231404958677686
671737,"Bradley, Taj",FF,843,2194,0.3842297174111212
671737,"Bradley, Taj",FC,496,2194,0.22607110300820418
671737,"Bradley, Taj",CU,334,2194,0.15223336371923427
671737,"Bradley, Taj",FS,328,2194,0.14949863263445762
671737,"Bradley, Taj",SI,193,2194,0.08796718322698267
671922,"Smith, Cade",FF,853,1210,0.7049586776859504
671922,"Smith, Cade",FS,256,1210,0.2115702479338843
671922,"Smith, Cade",ST,101,1210,0.0834710743801653
672282,"Detmers, Reid",FF,471,1044,0.4511494252873563
672282,"Detmers, Reid",SL,323,1044,0.30938697318007663
672282,"Detmers, Reid",CU,225,1044,0.21551724137931033
672282,"Detmers, Reid",SI,23,1044,0.022030651340996167
672282,"Detmers, Reid",CH,1,1044,0.0009578544061302681
672282,"Detmers, Reid",OTHER,1,1044,0.0009578544061302681
672335,"Pérez, Cionel",SI,174,402,0.43283582089552236
672335,"Pérez, Cionel",SL,93,402,0.23134328358208955
672335,"Pérez, Cionel",SV,87,402,0.21641791044776118
672335,"Pérez, Cionel",FF,41,402,0.10199004975124377
672335,"Pérez, Cionel",FC,7,402,0.017412935323383085
672391,"Ort, Kaleb",FF,428,788,0.5431472081218274
672391,"Ort, Kaleb",ST,183,788,0.23223350253807107
672391,"Ort, Kaleb",FC,112,788,0.14213197969543148
672391,"Ort, Kaleb",CH,65,788,0.08248730964467005
672456,"Montero, Keider",FF,453,1485,0.30505050505050507
672456,"Montero, Keider",SL,326,1485,0.21952861952861952
672456,"Montero, Keider",SI,297,1485,0.2
672456,"Montero, Keider",KC,216,1485,0.14545454545454545
672456,"Montero, Keider",CH,192,1485,0.1292929292929293
672456,"Montero, Keider",ST,1,1485,0.0006734006734006734
672578,"Hernández, Carlos",FF,381,737,0.5169606512890095
672578,"Hernández, Carlos",FS,148,737,0.20081411126187246
672578,"Hernández, Carlos",SL,147,737,0.1994572591587517
672578,"Hernández, Carlos",KC,46,737,0.06241519674355495
672578,"Hernández, Carlos",SI,14,737,0.018995929443690638
672578,"Hernández, Carlos",ST,1,737,0.0013568521031207597
672582,"Zerpa, Angel",SI,469,1059,0.4428706326723324
672582,"Zerpa, Angel",SL,338,1059,0.31916902738432484
672582,"Zerpa, Angel",FF,215,1059,0.20302171860245516
672582,"Zerpa, Angel",CH,37,1059,0.03493862134088763
672710,"Contreras, Roansy",FF,83,197,0.4213197969543147
672710,"Contreras, Roansy",SL,37,197,0.18781725888324874
672710,"Contreras, Roansy",CU,33,197,0.16751269035532995
672710,"Contreras, Roansy",CH,22,197,0.1116751269035533
672710,"Contreras, Roansy",SI,22,197,0.1116751269035533
672724,"Peraza, Oswald",CU,32,40,0.8
672724,"Peraza, Oswald",SL,8,40,0.2
672782,"Gómez, Yoendrys",FF,360,1083,0.33240997229916897
672782,"Gómez, Yoendrys",SI,212,1083,0.19575253924284394
672782,"Gómez, Yoendrys",ST,181,1083,0.16712834718374883
672782,"Gómez, Yoendrys",CU,156,1083,0.1440443213296399
672782,"Gómez, Yoendrys",CH,84,1083,0.07756232686980609
672782,"Gómez, Yoendrys",FC,75,1083,0.06925207756232687
672782,"Gómez, Yoendrys",SL,15,1083,0.013850415512465374
672841,"Vargas, Carlos",SI,662,1058,0.6257088846880907
672841,"Vargas, Carlos",SL,181,1058,0.17107750472589792
672841,"Vargas, Carlos",FC,144,1058,0.13610586011342155
672841,"Vargas, Carlos",FF,38,1058,0.035916824196597356
672841,"Vargas, Carlos",CH,33,1058,0.031190926275992438
673380,"Núñez, Dedniel",FF,96,183,0.5245901639344263
673380,"Núñez, Dedniel",SL,85,183,0.4644808743169399
673380,"Núñez, Dedniel",CH,2,183,0.01092896174863388
673513,"Matsui, Yuki",FF,405,1025,0.3951219512195122
673513,"Matsui, Yuki",FS,328,1025,0.32
673513,"Matsui, Yuki",SL,167,1025,0.1629268292682927
673513,"Matsui, Yuki",ST,107,1025,0.10439024390243902
673513,"Matsui, Yuki",SI,16,1025,0.015609756097560976
673513,"Matsui, Yuki",CU,2,1025,0.001951219512195122
673540,"Senga, Kodai",FF,597,1902,0.3138801261829653
673540,"Senga, Kodai",OTHER,544,1902,0.28601472134595163
673540,"Senga, Kodai",FC,389,1902,0.20452155625657203
673540,"Senga, Kodai",ST,148,1902,0.07781282860147214
673540,"Senga, Kodai",SI,114,1902,0.05993690851735016
673540,"Senga, Kodai",SL,78,1902,0.04100946372239748
673540,"Senga, Kodai",CU,32,1902,0.016824395373291272
673820,"Piña, Robinson",SI,26,61,0.4262295081967213
673820,"Piña, Robinson",FS,14,61,0.22950819672131148
673820,"Piña, Robinson",FF,11,61,0.18032786885245902
673820,"Piña, Robinson",SL,10,61,0.16393442622950818
673929,"Leasure, Jordan",FF,590,1102,0.5353901996370236
673929,"Leasure, Jordan",SL,469,1102,0.42558983666061706
673929,"Leasure, Jordan",FS,29,1102,0.02631578947368421
673929,"Leasure, Jordan",SI,14,1102,0.012704174228675136
673965,"Freeman, Caleb",FF,34,70,0.4857142857142857
673965,"Freeman, Caleb",CU,21,70,0.3
673965,"Freeman, Caleb",SL,15,70,0.21428571428571427
674072,"Henry, Tommy",CU,30,107,0.2803738317757009
674072,"Henry, Tommy",FF,27,107,0.2523364485981308
674072,"Henry, Tommy",CH,25,107,0.2336448598130841
674072,"Henry, Tommy",SL,23,107,0.21495327102803738
674072,"Henry, Tommy",SI,2,107,0.018691588785046728
674285,"Salazar, Eduardo",SI,218,484,0.45041322314049587
674285,"Salazar, Eduardo",SL,159,484,0.3285123966942149
674285,"Salazar, Eduardo",FF,102,484,0.21074380165289255
674285,"Salazar, Eduardo",CH,5,484,0.010330578512396695
674370,"Bido, Osvaldo",FF,486,1299,0.3741339491916859
674370,"Bido, Osvaldo",SL,389,1299,0.29946112394149343
674370,"Bido, Osvaldo",SI,204,1299,0.15704387990762125
674370,"Bido, Osvaldo",CH,141,1299,0.10854503464203233
674370,"Bido, Osvaldo",FC,78,1299,0.06004618937644342
674370,"Bido, Osvaldo",OTHER,1,1299,0.0007698229407236335
674384,"Núñez, Eduarniel",FF,155,249,0.6224899598393574
674384,"Núñez, Eduarniel",SL,88,249,0.3534136546184739
674384,"Núñez, Eduarniel",CU,6,249,0.024096385542168676
674444,"Cruz, Steven",FF,322,642,0.5015576323987538
674444,"Cruz, Steven",FC,164,642,0.2554517133956386
674444,"Cruz, Steven",SL,156,642,0.24299065420560748
674841,"Alvarez, Andrew",FF,142,417,0.3405275779376499
674841,"Alvarez, Andrew",SL,121,417,0.290167865707434
674841,"Alvarez, Andrew",CU,113,417,0.2709832134292566
674841,"Alvarez, Andrew",CH,22,417,0.05275779376498801
674841,"Alvarez, Andrew",SI,19,417,0.045563549160671464
674944,"Guenther, Sean",SI,63,154,0.4090909090909091
674944,"Guenther, Sean",SL,53,154,0.34415584415584416
674944,"Guenther, Sean",FS,34,154,0.22077922077922077
674944,"Guenther, Sean",FF,4,154,0.025974025974025976
675512,"Melton, Troy",FF,309,727,0.4250343878954608
675512,"Melton, Troy",SL,165,727,0.22696011004126548
675512,"Melton, Troy",SI,79,727,0.10866574965612105
675512,"Melton, Troy",FC,71,727,0.09766162310866575
675512,"Melton, Troy",FS,68,727,0.09353507565337002
675512,"Melton, Troy",CU,35,727,0.048143053645116916
675540,"Curry, Xzavion",SL,15,38,0.39473684210526316
675540,"Curry, Xzavion",FF,14,38,0.3684210526315789
675540,"Curry, Xzavion",CU,5,38,0.13157894736842105
675540,"Curry, Xzavion",FS,3,38,0.07894736842105263
675540,"Curry, Xzavion",ST,1,38,0.02631578947368421
675650,"Mercado, Michael",FF,47,85,0.5529411764705883
675650,"Mercado, Michael",FC,21,85,0.24705882352941178
675650,"Mercado, Michael",CU,13,85,0.15294117647058825
675650,"Mercado, Michael",FS,4,85,0.047058823529411764
675848,"Mejia, Juan",FF,721,1074,0.6713221601489758
675848,"Mejia, Juan",ST,352,1074,0.32774674115456237
675848,"Mejia, Juan",CH,1,1074,0.000931098696461825
675911,"Strider, Spencer",FF,1081,2110,0.5123222748815166
675911,"Strider, Spencer",SL,744,2110,0.35260663507109
675911,"Strider, Spencer",CU,188,2110,0.08909952606635071
675911,"Strider, Spencer",CH,97,2110,0.04597156398104266
675919,"Raquet, Nick",ST,13,27,0.48148148148148145
675919,"Raquet, Nick",SI,8,27,0.2962962962962963
675919,"Raquet, Nick",CH,3,27,0.1111111111111111
675919,"Raquet, Nick",FF,3,27,0.1111111111111111
675989,"Bolton, Cody",SI,19,40,0.475
675989,"Bolton, Cody",ST,15,40,0.375
675989,"Bolton, Cody",FC,3,40,0.075
675989,"Bolton, Cody",FF,3,40,0.075
676051,"Heuer, Codi",SL,43,87,0.4942528735632184
676051,"Heuer, Codi",FF,39,87,0.4482758620689655
676051,"Heuer, Codi",CH,5,87,0.05747126436781609
676070,"Amaya, Jacob",OTHER,6,6,1.0
676083,"Junk, Janson",FF,611,1622,0.37669543773119607
676083,"Junk, Janson",SL,447,1622,0.2755856966707768
676083,"Junk, Janson",ST,247,1622,0.15228113440197288
676083,"Junk, Janson",CU,190,1622,0.11713933415536375
676083,"Junk, Janson",CH,127,1622,0.07829839704069051
676092,"Snider, Collin",ST,120,425,0.2823529411764706
676092,"Snider, Collin",FF,102,425,0.24
676092,"Snider, Collin",FC,99,425,0.23294117647058823
676092,"Snider, Collin",SI,53,425,0.12470588235294118
676092,"Snider, Collin",SV,51,425,0.12
676106,"Hancock, Emerson",SI,516,1384,0.37283236994219654
676106,"Hancock, Emerson",FF,378,1384,0.273121387283237
676106,"Hancock, Emerson",CH,285,1384,0.20592485549132947
676106,"Hancock, Emerson",SL,162,1384,0.11705202312138728
676106,"Hancock, Emerson",ST,42,1384,0.030346820809248554
676106,"Hancock, Emerson",FC,1,1384,0.000722543352601156
676130,"Buttó, José",FF,329,1067,0.3083411433926898
676130,"Buttó, José",SL,315,1067,0.2952202436738519
676130,"Buttó, José",SI,185,1067,0.1733833177132146
676130,"Buttó, José",CH,165,1067,0.15463917525773196
676130,"Buttó, José",ST,73,1067,0.06841611996251172
676206,"Tarnok, Freddy",FF,44,130,0.3384615384615385
676206,"Tarnok, Freddy",CH,32,130,0.24615384615384617
676206,"Tarnok, Freddy",CU,23,130,0.17692307692307693
676206,"Tarnok, Freddy",SL,22,130,0.16923076923076924
676206,"Tarnok, Freddy",SI,9,130,0.06923076923076923
676254,"Walker, Ryan",SI,613,987,0.6210739614994935
676254,"Walker, Ryan",SL,368,987,0.3728470111448835
676254,"Walker, Ryan",CH,4,987,0.004052684903748734
676254,"Walker, Ryan",FF,2,987,0.002026342451874367
676263,"Dreyer, Jack",SL,518,1115,0.46457399103139013
676263,"Dreyer, Jack",FF,504,1115,0.45201793721973094
676263,"Dreyer, Jack",CU,93,1115,0.08340807174887892
676272,"Miller, Bobby",CU,32,116,0.27586206896551724
676272,"Miller, Bobby",FF,31,116,0.2672413793103448
676272,"Miller, Bobby",SI,26,116,0.22413793103448276
676272,"Miller, Bobby",CH,16,116,0.13793103448275862
676272,"Miller, Bobby",SL,11,116,0.09482758620689655
676282,"Cantillo, Joey",FF,688,1644,0.41849148418491483
676282,"Cantillo, Joey",CH,498,1644,0.3029197080291971
676282,"Cantillo, Joey",CU,312,1644,0.1897810218978102
676282,"Cantillo, Joey",SL,146,1644,0.08880778588807786
676395,"Garcia, Robert",FF,411,916,0.44868995633187775
676395,"Garcia, Robert",SL,253,916,0.2762008733624454
676395,"Garcia, Robert",CH,252,916,0.27510917030567683
676428,"Hurter, Brant",SI,538,1022,0.5264187866927593
676428,"Hurter, Brant",ST,325,1022,0.31800391389432486
676428,"Hurter, Brant",CH,104,1022,0.10176125244618395
676428,"Hurter, Brant",FF,55,1022,0.053816046966731895
676440,"Bibee, Tanner",FF,808,2972,0.2718707940780619
676440,"Bibee, Tanner",FC,633,2972,0.2129878869448183
676440,"Bibee, Tanner",ST,464,2972,0.15612382234185734
676440,"Bibee, Tanner",CH,455,2972,0.1530955585464334
676440,"Bibee, Tanner",SI,449,2972,0.15107671601615075
676440,"Bibee, Tanner",CU,163,2972,0.05484522207267833
676467,"Gordon, Colton",FF,595,1451,0.4100620261888353
676467,"Gordon, Colton",ST,396,1451,0.27291523087525843
676467,"Gordon, Colton",SI,157,1451,0.1082012405237767
676467,"Gordon, Colton",CU,148,1451,0.1019986216402481
676467,"Gordon, Colton",CH,114,1451,0.07856650585802895
676467,"Gordon, Colton",SL,41,1451,0.028256374913852515
676475,"Burleson, Alec",CH,7,7,1.0
676477,"Whitlock, Garrett",SI,552,1180,0.46779661016949153
676477,"Whitlock, Garrett",SL,367,1180,0.31101694915254235
676477,"Whitlock, Garrett",CH,250,1180,0.211864406779661
676477,"Whitlock, Garrett",ST,11,1180,0.009322033898305085
676508,"Casparius, Ben",ST,388,1213,0.31986809563066776
676508,"Casparius, Ben",FF,361,1213,0.29760923330585326
676508,"Casparius, Ben",FC,273,1213,0.22506183017312448
676508,"Casparius, Ben",CU,175,1213,0.1442704039571311
676508,"Casparius, Ben",SI,16,1213,0.013190436933223413
676510,"Hoffman, Nolan",FF,14,26,0.5384615384615384
676510,"Hoffman, Nolan",CU,7,26,0.2692307692307692
676510,"Hoffman, Nolan",CH,3,26,0.11538461538461539
676510,"Hoffman, Nolan",FC,2,26,0.07692307692307693
676534,"Faucher, Calvin",FC,372,1008,0.36904761904761907
676534,"Faucher, Calvin",ST,183,1008,0.18154761904761904
676534,"Faucher, Calvin",FF,170,1008,0.16865079365079366
676534,"Faucher, Calvin",CU,152,1008,0.15079365079365079
676534,"Faucher, Calvin",SI,130,1008,0.12896825396825398
676534,"Faucher, Calvin",CH,1,1008,0.000992063492063492
676571,"Poulin, PJ",FF,186,419,0.4439140811455847
676571,"Poulin, PJ",ST,101,419,0.24105011933174225
676571,"Poulin, PJ",CH,94,419,0.2243436754176611
676571,"Poulin, PJ",SI,38,419,0.09069212410501193
676604,"Zuber, Tyler",ST,84,245,0.34285714285714286
676604,"Zuber, Tyler",FF,68,245,0.27755102040816326
676604,"Zuber, Tyler",SL,41,245,0.1673469387755102
676604,"Zuber, Tyler",SI,30,245,0.12244897959183673
676604,"Zuber, Tyler",CH,17,245,0.06938775510204082
676604,"Zuber, Tyler",FC,5,245,0.02040816326530612
676609,"Caballero, José",OTHER,27,28,0.9642857142857143
676609,"Caballero, José",CH,1,28,0.03571428571428571
676617,"O'Brien, Riley",SI,366,758,0.48284960422163586
676617,"O'Brien, Riley",SL,230,758,0.3034300791556728
676617,"O'Brien, Riley",ST,161,758,0.21240105540897097
676617,"O'Brien, Riley",CH,1,758,0.0013192612137203166
676661,"Lazar, Max",FF,357,646,0.5526315789473685
676661,"Lazar, Max",KC,169,646,0.26160990712074306
676661,"Lazar, Max",FC,99,646,0.15325077399380804
676661,"Lazar, Max",FS,21,646,0.032507739938080496
676664,"Sears, JP",FF,918,2275,0.4035164835164835
676664,"Sears, JP",ST,613,2275,0.26945054945054947
676664,"Sears, JP",CH,348,2275,0.15296703296703296
676664,"Sears, JP",SL,153,2275,0.06725274725274726
676664,"Sears, JP",SI,152,2275,0.06681318681318682
676664,"Sears, JP",CU,75,2275,0.03296703296703297
676664,"Sears, JP",FC,16,2275,0.007032967032967033
676679,"Vázquez, Luis",OTHER,31,32,0.96875
676679,"Vázquez, Luis",SL,1,32,0.03125
676680,"Cosgrove, Tom",ST,27,64,0.421875
676680,"Cosgrove, Tom",SI,21,64,0.328125
676680,"Cosgrove, Tom",FF,16,64,0.25
676684,"Vest, Will",FF,609,1171,0.520068317677199
676684,"Vest, Will",SL,280,1171,0.23911187019641333
676684,"Vest, Will",SI,192,1171,0.16396242527754057
676684,"Vest, Will",CH,90,1171,0.07685738684884715
676701,"Trejo, Alan",OTHER,13,16,0.8125
676701,"Trejo, Alan",CH,3,16,0.1875
676702,"Stratton, Hunter",FF,160,343,0.46647230320699706
676702,"Stratton, Hunter",SL,99,343,0.2886297376093295
676702,"Stratton, Hunter",FC,73,343,0.21282798833819241
676702,"Stratton, Hunter",SI,7,343,0.02040816326530612
676702,"Stratton, Hunter",FS,4,343,0.011661807580174927
676724,"Young, Jared",OTHER,11,11,1.0
676742,"Sanders, Cam",FF,77,147,0.5238095238095238
676742,"Sanders, Cam",SL,37,147,0.25170068027210885
676742,"Sanders, Cam",CH,18,147,0.12244897959183673
676742,"Sanders, Cam",ST,15,147,0.10204081632653061
676755,"Mattson, Isaac",FF,610,777,0.7850707850707851
676755,"Mattson, Isaac",CH,90,777,0.11583011583011583
676755,"Mattson, Isaac",SL,68,777,0.08751608751608751
676755,"Mattson, Isaac",CU,9,777,0.011583011583011582
676760,"Marinaccio, Ron",FF,79,164,0.4817073170731707
676760,"Marinaccio, Ron",CH,35,164,0.21341463414634146
676760,"Marinaccio, Ron",FC,32,164,0.1951219512195122
676760,"Marinaccio, Ron",ST,18,164,0.10975609756097561
676775,"Winn, Keaton",FS,72,165,0.43636363636363634
676775,"Winn, Keaton",FF,43,165,0.2606060606060606
676775,"Winn, Keaton",SI,42,165,0.2545454545454545
676775,"Winn, Keaton",SL,8,165,0.048484848484848485
676801,"McCormick, Chas",OTHER,54,54,1.0
676879,"Ashby, Aaron",SI,538,1049,0.5128693994280267
676879,"Ashby, Aaron",CU,276,1049,0.2631077216396568
676879,"Ashby, Aaron",CH,123,1049,0.11725452812202097
676879,"Ashby, Aaron",SL,85,1049,0.08102955195424213
676879,"Ashby, Aaron",FF,27,1049,0.025738798856053385
676917,"Cavalli, Cade",KC,240,788,0.30456852791878175
676917,"Cavalli, Cade",FF,232,788,0.29441624365482233
676917,"Cavalli, Cade",SI,146,788,0.18527918781725888
676917,"Cavalli, Cade",CH,107,788,0.13578680203045684
676917,"Cavalli, Cade",FC,63,788,0.0799492385786802
676961,"Boushley, Caleb",SI,207,742,0.27897574123989216
676961,"Boushley, Caleb",FF,144,742,0.1940700808625337
676961,"Boushley, Caleb",FC,140,742,0.18867924528301888
676961,"Boushley, Caleb",SL,99,742,0.1334231805929919
676961,"Boushley, Caleb",CH,98,742,0.1320754716981132
676961,"Boushley, Caleb",CU,54,742,0.07277628032345014
676962,"Brown, Ben",FF,924,1662,0.555956678700361
676962,"Brown, Ben",KC,662,1662,0.3983152827918171
676962,"Brown, Ben",CH,76,1662,0.0457280385078219
676969,"de Geus, Brett",SI,27,47,0.574468085106383
676969,"de Geus, Brett",KC,9,47,0.19148936170212766
676969,"de Geus, Brett",FC,7,47,0.14893617021276595
676969,"de Geus, Brett",FS,4,47,0.0851063829787234
676974,"Meyer, Max",SL,330,946,0.3488372093023256
676974,"Meyer, Max",FF,212,946,0.22410147991543342
676974,"Meyer, Max",CH,169,946,0.17864693446088795
676974,"Meyer, Max",SI,128,946,0.13530655391120508
676974,"Meyer, Max",ST,107,946,0.113107822410148
676979,"Crochet, Garrett",FF,1140,3180,0.3584905660377358
676979,"Crochet, Garrett",FC,863,3180,0.27138364779874213
676979,"Crochet, Garrett",SI,518,3180,0.16289308176100628
676979,"Crochet, Garrett",ST,517,3180,0.16257861635220125
676979,"Crochet, Garrett",CH,140,3180,0.0440251572327044
676979,"Crochet, Garrett",FS,1,3180,0.00031446540880503143
676979,"Crochet, Garrett",OTHER,1,3180,0.00031446540880503143
677020,"Walker, Josh",SL,49,92,0.532608695652174
677020,"Walker, Josh",FF,37,92,0.40217391304347827
677020,"Walker, Josh",SI,6,92,0.06521739130434782
677161,"Kelly, Zack",FC,185,565,0.3274336283185841
677161,"Kelly, Zack",FF,110,565,0.19469026548672566
677161,"Kelly, Zack",ST,109,565,0.1929203539823009
677161,"Kelly, Zack",SI,87,565,0.15398230088495576
677161,"Kelly, Zack",CH,67,565,0.11858407079646018
677161,"Kelly, Zack",CU,6,565,0.010619469026548672
677161,"Kelly, Zack",OTHER,1,565,0.0017699115044247787
677649,"Duran, Ezequiel",OTHER,16,19,0.8421052631578947
677649,"Duran, Ezequiel",SL,2,19,0.10526315789473684
677649,"Duran, Ezequiel",CU,1,19,0.05263157894736842
677651,"Garcia, Luis",FF,52,106,0.49056603773584906
677651,"Garcia, Luis",FC,27,106,0.25471698113207547
677651,"Garcia, Luis",CU,13,106,0.12264150943396226
677651,"Garcia, Luis",ST,9,106,0.08490566037735849
677651,"Garcia, Luis",CH,5,106,0.04716981132075472
677865,"Bruihl, Justin",SI,115,231,0.49783549783549785
677865,"Bruihl, Justin",ST,97,231,0.4199134199134199
677865,"Bruihl, Justin",FC,19,231,0.08225108225108226
677944,"Cecconi, Slade",FF,917,2110,0.43459715639810426
677944,"Cecconi, Slade",SL,383,2110,0.1815165876777251
677944,"Cecconi, Slade",CU,346,2110,0.16398104265402844
677944,"Cecconi, Slade",SI,227,2110,0.10758293838862559
677944,"Cecconi, Slade",CH,162,2110,0.07677725118483412
677944,"Cecconi, Slade",FC,69,2110,0.032701421800947865
677944,"Cecconi, Slade",ST,6,2110,0.002843601895734597
677952,"Ashcraft, Braxton",SL,344,1102,0.3121597096188748
677952,"Ashcraft, Braxton",FF,327,1102,0.2967332123411978
677952,"Ashcraft, Braxton",CU,232,1102,0.21052631578947367
677952,"Ashcraft, Braxton",SI,163,1102,0.14791288566243194
677952,"Ashcraft, Braxton",CH,36,1102,0.032667876588021776
677955,"Hill, Jaden",SI,138,489,0.2822085889570552
677955,"Hill, Jaden",CH,120,489,0.24539877300613497
677955,"Hill, Jaden",SL,119,489,0.24335378323108384
677955,"Hill, Jaden",FF,111,489,0.22699386503067484
677955,"Hill, Jaden",OTHER,1,489,0.002044989775051125
677958,"Rocker, Kumar",FC,286,1053,0.2716049382716049
677958,"Rocker, Kumar",SI,285,1053,0.2706552706552707
677958,"Rocker, Kumar",FF,204,1053,0.19373219373219372
677958,"Rocker, Kumar",SL,147,1053,0.1396011396011396
677958,"Rocker, Kumar",CU,71,1053,0.06742640075973409
677958,"Rocker, Kumar",CH,60,1053,0.05698005698005698
677960,"Weathers, Ryan",FF,291,642,0.4532710280373832
677960,"Weathers, Ryan",CH,188,642,0.29283489096573206
677960,"Weathers, Ryan",ST,120,642,0.18691588785046728
677960,"Weathers, Ryan",SL,23,642,0.03582554517133956
677960,"Weathers, Ryan",SI,20,642,0.03115264797507788
677961,"Wilcox, Cole",SI,14,39,0.358974358974359
677961,"Wilcox, Cole",SL,10,39,0.2564102564102564
677961,"Wilcox, Cole",FF,9,39,0.23076923076923078
677961,"Wilcox, Cole",ST,6,39,0.15384615384615385
678011,"Seigler, Anthony",OTHER,11,11,1.0
678020,"Halvorsen, Seth",FF,340,622,0.5466237942122186
678020,"Halvorsen, Seth",FS,161,622,0.25884244372990356
678020,"Halvorsen, Seth",SL,121,622,0.1945337620578778
678022,"Perkins, Jack",FF,267,637,0.41915227629513346
678022,"Perkins, Jack",ST,209,637,0.3281004709576138
678022,"Perkins, Jack",FC,90,637,0.141287284144427
678022,"Perkins, Jack",CH,66,637,0.10361067503924647
678022,"Perkins, Jack",CU,5,637,0.007849293563579277
678024,"Vasil, Mike",SI,650,1613,0.402975821450713
678024,"Vasil, Mike",ST,261,1613,0.16181029138251704
678024,"Vasil, Mike",FF,229,1613,0.14197148171109733
678024,"Vasil, Mike",CU,200,1613,0.12399256044637322
678024,"Vasil, Mike",CH,193,1613,0.11965282083075016
678024,"Vasil, Mike",FC,80,1613,0.04959702417854929
678215,"Arias, Luarbert",SL,75,170,0.4411764705882353
678215,"Arias, Luarbert",FF,54,170,0.3176470588235294
678215,"Arias, Luarbert",FS,28,170,0.16470588235294117
678215,"Arias, Luarbert",SI,13,170,0.07647058823529412
678226,"Hernández, Daysbel",SL,393,704,0.5582386363636364
678226,"Hernández, Daysbel",FF,311,704,0.44176136363636365
678316,"Cruz, Omar",FF,50,81,0.6172839506172839
678316,"Cruz, Omar",CH,21,81,0.25925925925925924
678316,"Cruz, Omar",CU,9,81,0.1111111111111111
678316,"Cruz, Omar",SL,1,81,0.012345679012345678
678368,"Bellozo, Valente",FC,440,1251,0.3517186250999201
678368,"Bellozo, Valente",FF,360,1251,0.28776978417266186
678368,"Bellozo, Valente",ST,192,1251,0.15347721822541965
678368,"Bellozo, Valente",CH,191,1251,0.15267785771382894
678368,"Bellozo, Valente",CU,56,1251,0.04476418864908074
678368,"Bellozo, Valente",FS,12,1251,0.009592326139088728
678394,"Bello, Brayan",SI,955,2725,0.3504587155963303
678394,"Bello, Brayan",ST,516,2725,0.18935779816513762
678394,"Bello, Brayan",FC,428,2725,0.15706422018348623
678394,"Bello, Brayan",CH,414,2725,0.15192660550458714
678394,"Bello, Brayan",FF,412,2725,0.1511926605504587
678495,"Rodríguez, Randy",FF,430,772,0.5569948186528497
678495,"Rodríguez, Randy",SL,342,772,0.4430051813471503
678606,"Ferrer, José A.",SI,725,1168,0.6207191780821918
678606,"Ferrer, José A.",CH,255,1168,0.2183219178082192
678606,"Ferrer, José A.",FF,105,1168,0.0898972602739726
678606,"Ferrer, José A.",SL,83,1168,0.07106164383561644
678692,"Henriquez, Ronny",FF,335,1122,0.2985739750445633
678692,"Henriquez, Ronny",ST,320,1122,0.28520499108734404
678692,"Henriquez, Ronny",SL,260,1122,0.23172905525846701
678692,"Henriquez, Ronny",CH,185,1122,0.16488413547237077
678692,"Henriquez, Ronny",SI,22,1122,0.0196078431372549
678821,"Peralta, Luis",FF,288,411,0.7007299270072993
678821,"Peralta, Luis",CU,115,411,0.2798053527980535
678821,"Peralta, Luis",CH,8,411,0.019464720194647202
678906,"Teng, Kai-Wei",ST,221,573,0.3856893542757417
678906,"Teng, Kai-Wei",FF,143,573,0.24956369982547993
678906,"Teng, Kai-Wei",CU,79,573,0.13787085514834205
678906,"Teng, Kai-Wei",SI,71,573,0.12390924956369982
678906,"Teng, Kai-Wei",CH,59,573,0.10296684118673648
679358,"Orze, Eric",FS,330,681,0.4845814977973568
679358,"Orze, Eric",SL,177,681,0.2599118942731278
679358,"Orze, Eric",FF,174,681,0.2555066079295154
679775,"Backhus, Kyle",SI,273,430,0.6348837209302326
679775,"Backhus, Kyle",ST,116,430,0.26976744186046514
679775,"Backhus, Kyle",CH,41,430,0.09534883720930233
679883,"Avila, Luinder",CU,71,217,0.3271889400921659
679883,"Avila, Luinder",FF,63,217,0.2903225806451613
679883,"Avila, Luinder",SI,52,217,0.23963133640552994
679883,"Avila, Luinder",SL,25,217,0.1152073732718894
679883,"Avila, Luinder",CH,6,217,0.027649769585253458
679885,"Martinez, Justin",FS,81,241,0.3360995850622407
679885,"Martinez, Justin",SI,77,241,0.31950207468879666
679885,"Martinez, Justin",FF,65,241,0.2697095435684647
679885,"Martinez, Justin",SL,18,241,0.07468879668049792
679922,"Duran, Carlos",FF,12,27,0.4444444444444444
679922,"Duran, Carlos",SI,9,27,0.3333333333333333
679922,"Duran, Carlos",SL,6,27,0.2222222222222222
680573,"Woods Richardson, Simeon",FF,856,1878,0.45580404685835996
680573,"Woods Richardson, Simeon",SL,510,1878,0.2715654952076677
680573,"Woods Richardson, Simeon",CU,245,1878,0.13045793397231098
680573,"Woods Richardson, Simeon",FS,187,1878,0.09957401490947816
680573,"Woods Richardson, Simeon",CH,80,1878,0.042598509052183174
680604,"Castaño, Blas",FC,20,50,0.4
680604,"Castaño, Blas",CH,16,50,0.32
680604,"Castaño, Blas",ST,6,50,0.12
680604,"Castaño, Blas",FF,5,50,0.1
680604,"Castaño, Blas",SI,3,50,0.06
680684,"Hoglund, Gunnar",FF,196,547,0.3583180987202925
680684,"Hoglund, Gunnar",CH,126,547,0.2303473491773309
680684,"Hoglund, Gunnar",ST,95,547,0.1736745886654479
680684,"Hoglund, Gunnar",SI,91,547,0.1663619744058501
680684,"Hoglund, Gunnar",SL,39,547,0.0712979890310786
680689,"Richardson, Lyon",CH,273,674,0.4050445103857567
680689,"Richardson, Lyon",SI,196,674,0.29080118694362017
680689,"Richardson, Lyon",FF,138,674,0.20474777448071216
680689,"Richardson, Lyon",CU,65,674,0.09643916913946587
680689,"Richardson, Lyon",SL,2,674,0.002967359050445104
680694,"Bradish, Kyle",SI,161,494,0.3259109311740891
680694,"Bradish, Kyle",SL,158,494,0.31983805668016196
680694,"Bradish, Kyle",FF,112,494,0.22672064777327935
680694,"Bradish, Kyle",CU,63,494,0.12753036437246965
680701,"Rooney, John",ST,14,23,0.6086956521739131
680701,"Rooney, John",SI,5,23,0.21739130434782608
680701,"Rooney, John",FF,4,23,0.17391304347826086
680702,"Gerber, Joey",FF,45,64,0.703125
680702,"Gerber, Joey",SL,18,64,0.28125
680702,"Gerber, Joey",CH,1,64,0.015625
680704,"Sandlin, Nick",SL,114,229,0.4978165938864629
680704,"Sandlin, Nick",FF,44,229,0.19213973799126638
680704,"Sandlin, Nick",FS,44,229,0.19213973799126638
680704,"Sandlin, Nick",SI,26,229,0.11353711790393013
680704,"Sandlin, Nick",OTHER,1,229,0.004366812227074236
680729,"McDaniels, Garrett",SL,85,167,0.5089820359281437
680729,"McDaniels, Garrett",SI,72,167,0.4311377245508982
680729,"McDaniels, Garrett",CU,6,167,0.03592814371257485
680729,"McDaniels, Garrett",FF,4,167,0.023952095808383235
680730,"Parker, Mitchell",FF,1449,2612,0.5547473200612557
680730,"Parker, Mitchell",CU,583,2612,0.22320061255742726
680730,"Parker, Mitchell",SL,311,2612,0.11906584992343032
680730,"Parker, Mitchell",FS,269,2612,0.10298621745788668
680732,"Burke, Sean",FF,997,2303,0.43291359096830223
680732,"Burke, Sean",KC,549,2303,0.238384715588363
680732,"Burke, Sean",SL,492,2303,0.21363438992618325
680732,"Burke, Sean",CH,153,2303,0.06643508467216674
680732,"Burke, Sean",SI,112,2303,0.0486322188449848
680735,"Cox, Austin",FF,152,427,0.3559718969555035
680735,"Cox, Austin",SL,139,427,0.3255269320843091
680735,"Cox, Austin",CU,75,427,0.1756440281030445
680735,"Cox, Austin",FS,44,427,0.10304449648711944
680735,"Cox, Austin",FC,15,427,0.0351288056206089
680735,"Cox, Austin",SI,2,427,0.00468384074941452
680736,"Wrobleski, Justin",FF,312,1092,0.2857142857142857
680736,"Wrobleski, Justin",SL,271,1092,0.24816849816849818
680736,"Wrobleski, Justin",SI,225,1092,0.20604395604395603
680736,"Wrobleski, Justin",FC,154,1092,0.14102564102564102
680736,"Wrobleski, Justin",CU,94,1092,0.08608058608058608
680736,"Wrobleski, Justin",CH,36,1092,0.03296703296703297
680742,"Bowlan, Jonathan",FF,244,727,0.3356258596973865
680742,"Bowlan, Jonathan",SL,227,727,0.312242090784044
680742,"Bowlan, Jonathan",SI,125,727,0.171939477303989
680742,"Bowlan, Jonathan",CU,70,727,0.09628610729023383
680742,"Bowlan, Jonathan",CH,61,727,0.08390646492434663
680755,"Fisher, Braydon",SL,321,844,0.3803317535545024
680755,"Fisher, Braydon",CU,309,844,0.36611374407582936
680755,"Fisher, Braydon",FF,188,844,0.22274881516587677
680755,"Fisher, Braydon",FC,25,844,0.02962085308056872
680755,"Fisher, Braydon",OTHER,1,844,0.001184834123222749
680767,"Vodnik, Victor",FF,496,896,0.5535714285714286
680767,"Vodnik, Victor",CH,237,896,0.26450892857142855
680767,"Vodnik, Victor",SL,113,896,0.12611607142857142
680767,"Vodnik, Victor",FC,46,896,0.05133928571428571
680767,"Vodnik, Victor",SI,4,896,0.004464285714285714
680837,"Fitzgerald, Ryan",OTHER,11,24,0.4583333333333333
680837,"Fitzgerald, Ryan",SL,11,24,0.4583333333333333
680837,"Fitzgerald, Ryan",CU,2,24,0.08333333333333333
680862,"MacIver, Willie",OTHER,18,18,1.0
680880,"Holman, Grant",FF,179,376,0.47606382978723405
680880,"Holman, Grant",FS,146,376,0.3882978723404255
680880,"Holman, Grant",SL,50,376,0.13297872340425532
680880,"Holman, Grant",OTHER,1,376,0.0026595744680851063
680885,"Schwellenbach, Spencer",FF,538,1483,0.36277815239379635
680885,"Schwellenbach, Spencer",SL,272,1483,0.18341200269723534
680885,"Schwellenbach, Spencer",FS,198,1483,0.1335131490222522
680885,"Schwellenbach, Spencer",CU,167,1483,0.11260957518543493
680885,"Schwellenbach, Spencer",FC,163,1483,0.10991233985165205
680885,"Schwellenbach, Spencer",SI,145,1483,0.09777478084962914
680951,"Nikhazy, Doug",FF,50,108,0.46296296296296297
680951,"Nikhazy, Doug",SL,31,108,0.28703703703703703
680951,"Nikhazy, Doug",CU,12,108,0.1111111111111111
680951,"Nikhazy, Doug",CH,8,108,0.07407407407407407
680951,"Nikhazy, Doug",ST,6,108,0.05555555555555555
680951,"Nikhazy, Doug",OTHER,1,108,0.009259259259259259
681006,"Simpson, Josh",ST,158,613,0.25774877650897227
681006,"Simpson, Josh",CU,145,613,0.2365415986949429
681006,"Simpson, Josh",SI,136,613,0.22185970636215335
681006,"Simpson, Josh",FF,72,613,0.11745513866231648
681006,"Simpson, Josh",CH,67,613,0.10929853181076672
681006,"Simpson, Josh",SL,35,613,0.057096247960848286
681146,"Bride, Jonah",OTHER,114,114,1.0
681151,"Murray, Jayden",FF,83,176,0.4715909090909091
681151,"Murray, Jayden",SI,39,176,0.2215909090909091
681151,"Murray, Jayden",ST,34,176,0.19318181818181818
681151,"Murray, Jayden",FC,10,176,0.056818181818181816
681151,"Murray, Jayden",CH,6,176,0.03409090909090909
681151,"Murray, Jayden",CU,4,176,0.022727272727272728
681168,"Curvelo, Luis",SL,131,325,0.40307692307692305
681168,"Curvelo, Luis",FF,101,325,0.31076923076923074
681168,"Curvelo, Luis",SI,75,325,0.23076923076923078
681168,"Curvelo, Luis",CH,18,325,0.055384615384615386
681190,"Vásquez, Randy",FC,511,2056,0.2485408560311284
681190,"Vásquez, Randy",FF,441,2056,0.2144941634241245
681190,"Vásquez, Randy",SI,402,2056,0.19552529182879377
681190,"Vásquez, Randy",ST,262,2056,0.12743190661478598
681190,"Vásquez, Randy",CU,256,2056,0.1245136186770428
681190,"Vásquez, Randy",CH,138,2056,0.06712062256809338
681190,"Vásquez, Randy",SL,46,2056,0.02237354085603113
681217,"Silseth, Chase",FF,75,212,0.35377358490566035
681217,"Silseth, Chase",ST,69,212,0.32547169811320753
681217,"Silseth, Chase",FS,38,212,0.1792452830188679
681217,"Silseth, Chase",SI,29,212,0.13679245283018868
681217,"Silseth, Chase",CH,1,212,0.0047169811320754715
681293,"Arrighetti, Spencer",FF,170,531,0.32015065913371
681293,"Arrighetti, Spencer",CU,121,531,0.2278719397363465
681293,"Arrighetti, Spencer",ST,72,531,0.13559322033898305
681293,"Arrighetti, Spencer",FC,68,531,0.128060263653484
681293,"Arrighetti, Spencer",SI,51,531,0.096045197740113
681293,"Arrighetti, Spencer",CH,49,531,0.09227871939736347
681343,"Smith, Shane",FF,1089,2419,0.45018602728400164
681343,"Smith, Shane",CH,406,2419,0.16783794956593634
681343,"Smith, Shane",CU,353,2419,0.14592806945018602
681343,"Smith, Shane",SI,300,2419,0.12401818933443572
681343,"Smith, Shane",SL,268,2419,0.1107895824720959
681343,"Smith, Shane",ST,3,2419,0.0012401818933443572
681347,"Burrows, Mike",FF,602,1537,0.3916720884840599
681347,"Burrows, Mike",CH,365,1537,0.23747560182173064
681347,"Burrows, Mike",SL,300,1537,0.1951854261548471
681347,"Burrows, Mike",CU,183,1537,0.11906310995445674
681347,"Burrows, Mike",SI,87,1537,0.05660377358490566
681432,"Little, Luke",FF,41,76,0.5394736842105263
681432,"Little, Luke",ST,35,76,0.4605263157894737
681517,"Leahy, Kyle",FF,399,1328,0.3004518072289157
681517,"Leahy, Kyle",SL,278,1328,0.20933734939759036
681517,"Leahy, Kyle",CU,240,1328,0.18072289156626506
681517,"Leahy, Kyle",ST,184,1328,0.13855421686746988
681517,"Leahy, Kyle",CH,126,1328,0.09487951807228916
681517,"Leahy, Kyle",SI,101,1328,0.07605421686746988
681676,"Fernandez, Ryan",SL,235,494,0.4757085020242915
681676,"Fernandez, Ryan",FF,184,494,0.3724696356275304
681676,"Fernandez, Ryan",CH,42,494,0.08502024291497975
681676,"Fernandez, Ryan",FC,33,494,0.06680161943319839
681751,"Estrada, Lazaro",FF,58,119,0.48739495798319327
681751,"Estrada, Lazaro",SL,41,119,0.3445378151260504
681751,"Estrada, Lazaro",CU,13,119,0.1092436974789916
681751,"Estrada, Lazaro",FS,7,119,0.058823529411764705
681799,"Roberts, Ethan",ST,83,144,0.5763888888888888
681799,"Roberts, Ethan",FC,52,144,0.3611111111111111
681799,"Roberts, Ethan",SI,9,144,0.0625
681810,"Warren, Austin",SI,52,146,0.3561643835616438
681810,"Warren, Austin",ST,42,146,0.2876712328767123
681810,"Warren, Austin",FC,25,146,0.17123287671232876
681810,"Warren, Austin",FF,20,146,0.136986301369863
681810,"Warren, Austin",CH,6,146,0.0410958904109589
681810,"Warren, Austin",CU,1,146,0.00684931506849315
681857,"Olson, Reese",SI,290,1066,0.27204502814258913
681857,"Olson, Reese",CH,282,1066,0.26454033771106944
681857,"Olson, Reese",SL,220,1066,0.20637898686679174
681857,"Olson, Reese",FF,210,1066,0.19699812382739212
681857,"Olson, Reese",CU,59,1066,0.055347091932457786
681857,"Olson, Reese",ST,5,1066,0.004690431519699813
681867,"Criswell, Cooper",CH,80,266,0.3007518796992481
681867,"Criswell, Cooper",FC,80,266,0.3007518796992481
681867,"Criswell, Cooper",SI,76,266,0.2857142857142857
681867,"Criswell, Cooper",ST,30,266,0.11278195488721804
681869,"Dubin, Shawn",FF,193,551,0.3502722323049002
681869,"Dubin, Shawn",ST,96,551,0.17422867513611615
681869,"Dubin, Shawn",SI,82,551,0.14882032667876588
681869,"Dubin, Shawn",CH,80,551,0.14519056261343014
681869,"Dubin, Shawn",CU,80,551,0.14519056261343014
681869,"Dubin, Shawn",FC,20,551,0.036297640653357534
681870,"Sabrowski, Erik",FF,365,534,0.6835205992509363
681870,"Sabrowski, Erik",SL,89,534,0.16666666666666666
681870,"Sabrowski, Erik",CU,80,534,0.149812734082397
681882,"Selby, Colin",SI,90,214,0.4205607476635514
681882,"Selby, Colin",KC,56,214,0.2616822429906542
681882,"Selby, Colin",SL,36,214,0.16822429906542055
681882,"Selby, Colin",FF,32,214,0.14953271028037382
681892,"Funderburk, Kody",SI,237,725,0.32689655172413795
681892,"Funderburk, Kody",FC,179,725,0.24689655172413794
681892,"Funderburk, Kody",ST,144,725,0.1986206896551724
681892,"Funderburk, Kody",CH,87,725,0.12
681892,"Funderburk, Kody",SL,78,725,0.10758620689655173
681895,"Sisk, Evan",SI,103,329,0.3130699088145897
681895,"Sisk, Evan",ST,88,329,0.2674772036474164
681895,"Sisk, Evan",FF,66,329,0.2006079027355623
681895,"Sisk, Evan",CU,34,329,0.1033434650455927
681895,"Sisk, Evan",FC,34,329,0.1033434650455927
681895,"Sisk, Evan",SL,4,329,0.0121580547112462
681911,"Vesia, Alex",FF,569,986,0.577079107505071
681911,"Vesia, Alex",SL,354,986,0.359026369168357
681911,"Vesia, Alex",CH,63,986,0.06389452332657201
681916,"Smith, Dylan",FF,82,165,0.49696969696969695
681916,"Smith, Dylan",ST,56,165,0.3393939393939394
681916,"Smith, Dylan",FS,15,165,0.09090909090909091
681916,"Smith, Dylan",SI,12,165,0.07272727272727272
681962,"Capra, Vinny",OTHER,32,32,1.0
681982,"Anderson, Grant",ST,424,1110,0.38198198198198197
681982,"Anderson, Grant",FF,377,1110,0.3396396396396396
681982,"Anderson, Grant",SI,271,1110,0.24414414414414415
681982,"Anderson, Grant",CH,38,1110,0.03423423423423423
681987,"Eaton, Nate",OTHER,14,14,1.0
682052,"Lopez, Jacob",FF,587,1666,0.35234093637454983
682052,"Lopez, Jacob",SL,509,1666,0.3055222088835534
682052,"Lopez, Jacob",FC,243,1666,0.14585834333733494
682052,"Lopez, Jacob",CH,224,1666,0.13445378151260504
682052,"Lopez, Jacob",SI,103,1666,0.06182472989195678
682120,"Herrin, Tim",CU,306,758,0.40369393139841686
682120,"Herrin, Tim",FF,194,758,0.2559366754617414
682120,"Herrin, Tim",SL,130,758,0.17150395778364116
682120,"Herrin, Tim",SI,128,758,0.16886543535620052
682144,"Sandridge, Jayvien",SL,13,31,0.41935483870967744
682144,"Sandridge, Jayvien",FF,12,31,0.3870967741935484
682144,"Sandridge, Jayvien",SI,4,31,0.12903225806451613
682144,"Sandridge, Jayvien",FS,2,31,0.06451612903225806
682171,"Murfee, Penn",ST,97,201,0.48258706467661694
682171,"Murfee, Penn",FF,69,201,0.34328358208955223
682171,"Murfee, Penn",SI,33,201,0.16417910447761194
682171,"Murfee, Penn",CH,2,201,0.009950248756218905
682243,"Miller, Bryce",FF,617,1453,0.42463867859600823
682243,"Miller, Bryce",FS,278,1453,0.1913282863041982
682243,"Miller, Bryce",SI,228,1453,0.15691672401927048
682243,"Miller, Bryce",KC,148,1453,0.1018582243633861
682243,"Miller, Bryce",SL,106,1453,0.0729525120440468
682243,"Miller, Bryce",ST,64,1453,0.0440467997247075
682243,"Miller, Bryce",FC,11,1453,0.007570543702684102
682243,"Miller, Bryce",OTHER,1,1453,0.0006882312456985547
682254,"Montgomery, Mason",FF,561,847,0.6623376623376623
682254,"Montgomery, Mason",SL,286,847,0.33766233766233766
682274,"Hiraldo, Yaramil",FF,119,314,0.37898089171974525
682274,"Hiraldo, Yaramil",FS,111,314,0.3535031847133758
682274,"Hiraldo, Yaramil",SL,82,314,0.2611464968152866
682274,"Hiraldo, Yaramil",SI,2,314,0.006369426751592357
682515,"Porter, Logan",SL,14,15,0.9333333333333333
682515,"Porter, Logan",CU,1,15,0.06666666666666667
682610,"Muñoz, Roddery",SL,70,229,0.3056768558951965
682610,"Muñoz, Roddery",FC,64,229,0.2794759825327511
682610,"Muñoz, Roddery",SI,50,229,0.2183406113537118
682610,"Muñoz, Roddery",FF,38,229,0.16593886462882096
682610,"Muñoz, Roddery",CH,7,229,0.03056768558951965
682790,"González, Wikelman",FF,206,368,0.5597826086956522
682790,"González, Wikelman",SV,86,368,0.23369565217391305
682790,"González, Wikelman",CH,57,368,0.15489130434782608
682790,"González, Wikelman",SL,19,368,0.051630434782608696
682825,"Mey, Luis",SI,302,414,0.7294685990338164
682825,"Mey, Luis",SL,104,414,0.25120772946859904
682825,"Mey, Luis",FF,8,414,0.01932367149758454
682842,"Uribe, Abner",SI,603,1164,0.5180412371134021
682842,"Uribe, Abner",SL,536,1164,0.46048109965635736
682842,"Uribe, Abner",FF,25,1164,0.02147766323024055
682847,"Ortiz, Luis",FF,410,1411,0.2905740609496811
682847,"Ortiz, Luis",SL,367,1411,0.260099220411056
682847,"Ortiz, Luis",SI,283,1411,0.2005669737774628
682847,"Ortiz, Luis",CH,184,1411,0.13040396881644223
682847,"Ortiz, Luis",FC,167,1411,0.11835577604535791
682989,"Mederos, Victor",SI,153,314,0.4872611464968153
682989,"Mederos, Victor",FC,81,314,0.25796178343949044
682989,"Mederos, Victor",ST,63,314,0.20063694267515925
682989,"Mederos, Victor",CH,12,314,0.03821656050955414
682989,"Mederos, Victor",FS,5,314,0.01592356687898089
682990,"Priester, Quinn",SI,1029,2468,0.41693679092382496
682990,"Priester, Quinn",SL,664,2468,0.26904376012965964
682990,"Priester, Quinn",FC,508,2468,0.20583468395461912
682990,"Priester, Quinn",CU,230,2468,0.09319286871961102
682990,"Priester, Quinn",CH,37,2468,0.014991896272285251
682995,"Barco, Hunter",FF,23,46,0.5
682995,"Barco, Hunter",FS,13,46,0.2826086956521739
682995,"Barco, Hunter",SL,10,46,0.21739130434782608
683004,"Leiter, Jack",FF,976,2502,0.390087929656275
683004,"Leiter, Jack",SL,592,2502,0.23661071143085532
683004,"Leiter, Jack",CH,413,2502,0.1650679456434852
683004,"Leiter, Jack",SI,283,2502,0.11310951239008793
683004,"Leiter, Jack",CU,237,2502,0.09472422062350119
683004,"Leiter, Jack",OTHER,1,2502,0.0003996802557953637
683021,"Stefanic, Michael",OTHER,7,7,1.0
683155,"Estes, Joey",FF,53,101,0.5247524752475248
683155,"Estes, Joey",SL,20,101,0.19801980198019803
683155,"Estes, Joey",ST,14,101,0.13861386138613863
683155,"Estes, Joey",CH,10,101,0.09900990099009901
683155,"Estes, Joey",SI,4,101,0.039603960396039604
683175,"Phillips, Connor",FF,198,400,0.495
683175,"Phillips, Connor",ST,183,400,0.4575
683175,"Phillips, Connor",CU,19,400,0.0475
683232,"Mears, Nick",FF,462,865,0.5341040462427745
683232,"Mears, Nick",SL,368,865,0.4254335260115607
683232,"Mears, Nick",CU,35,865,0.04046242774566474
683409,"Chivilli, Angel",FF,453,989,0.4580384226491405
683409,"Chivilli, Angel",CH,359,989,0.36299292214357937
683409,"Chivilli, Angel",SL,177,989,0.1789686552072801
683618,"Henriquez, Edgardo",SI,88,297,0.2962962962962963
683618,"Henriquez, Edgardo",FF,85,297,0.28619528619528617
683618,"Henriquez, Edgardo",FC,56,297,0.18855218855218855
683618,"Henriquez, Edgardo",SL,38,297,0.12794612794612795
683618,"Henriquez, Edgardo",CU,30,297,0.10101010101010101
683627,"Molina, Anthony",FF,270,608,0.4440789473684211
683627,"Molina, Anthony",CH,110,608,0.18092105263157895
683627,"Molina, Anthony",CU,91,608,0.14967105263157895
683627,"Molina, Anthony",SL,87,608,0.14309210526315788
683627,"Molina, Anthony",SI,29,608,0.047697368421052634
683627,"Molina, Anthony",FC,21,608,0.03453947368421053
683766,"Koss, Christian",OTHER,42,42,1.0
683769,"Gaddis, Hunter",SL,561,1053,0.5327635327635327
683769,"Gaddis, Hunter",FF,347,1053,0.3295346628679962
683769,"Gaddis, Hunter",CH,145,1053,0.13770180436847104
684007,"Imanaga, Shota",FF,1019,2083,0.48919827172347574
684007,"Imanaga, Shota",FS,638,2083,0.3062890062409986
684007,"Imanaga, Shota",ST,358,2083,0.17186749879980798
684007,"Imanaga, Shota",CU,31,2083,0.014882381180988958
684007,"Imanaga, Shota",SI,26,2083,0.012481997119539127
684007,"Imanaga, Shota",SL,11,2083,0.00528084493518963
684320,"Rodríguez, Yariel",SL,460,1107,0.41553748870822044
684320,"Rodríguez, Yariel",FF,444,1107,0.4010840108401084
684320,"Rodríguez, Yariel",FS,135,1107,0.12195121951219512
684320,"Rodríguez, Yariel",SI,67,1107,0.06052393857271906
684320,"Rodríguez, Yariel",OTHER,1,1107,0.0009033423667570009
684974,"Yoho, Craig",CH,81,176,0.4602272727272727
684974,"Yoho, Craig",FF,67,176,0.3806818181818182
684974,"Yoho, Craig",ST,16,176,0.09090909090909091
684974,"Yoho, Craig",FC,12,176,0.06818181818181818
685005,"Roa, Christian",SI,17,41,0.4146341463414634
685005,"Roa, Christian",SL,12,41,0.2926829268292683
685005,"Roa, Christian",FF,9,41,0.21951219512195122
685005,"Roa, Christian",CH,3,41,0.07317073170731707
685068,"Ragsdale, Carson",CU,30,95,0.3157894736842105
685068,"Ragsdale, Carson",FF,27,95,0.28421052631578947
685068,"Ragsdale, Carson",SI,22,95,0.23157894736842105
685068,"Ragsdale, Carson",FS,9,95,0.09473684210526316
685068,"Ragsdale, Carson",SL,7,95,0.07368421052631578
685107,"Veneziano, Anthony",FF,134,452,0.29646017699115046
685107,"Veneziano, Anthony",ST,123,452,0.2721238938053097
685107,"Veneziano, Anthony",SL,108,452,0.23893805309734514
685107,"Veneziano, Anthony",SI,56,452,0.12389380530973451
685107,"Veneziano, Anthony",CH,31,452,0.06858407079646017
685126,"Eisert, Brandon",SL,421,1196,0.3520066889632107
685126,"Eisert, Brandon",FF,383,1196,0.3202341137123746
685126,"Eisert, Brandon",CH,352,1196,0.29431438127090304
685126,"Eisert, Brandon",SI,40,1196,0.033444816053511704
685299,"Gordon, Tanner",FF,657,1244,0.5281350482315113
685299,"Gordon, Tanner",SL,319,1244,0.25643086816720256
685299,"Gordon, Tanner",CH,263,1244,0.21141479099678456
685299,"Gordon, Tanner",CU,5,1244,0.0040192926045016075
685314,"Saalfrank, Andrew",SI,195,427,0.4566744730679157
685314,"Saalfrank, Andrew",CU,191,427,0.44730679156908665
685314,"Saalfrank, Andrew",FF,41,427,0.09601873536299765
685326,"Brown, McCade",FF,286,502,0.5697211155378487
685326,"Brown, McCade",SL,97,502,0.19322709163346613
685326,"Brown, McCade",KC,90,502,0.17928286852589642
685326,"Brown, McCade",CH,28,502,0.055776892430278883
685326,"Brown, McCade",OTHER,1,502,0.00199203187250996
685801,"Bigge, Hunter",SL,89,193,0.46113989637305697
685801,"Bigge, Hunter",FF,87,193,0.45077720207253885
685801,"Bigge, Hunter",CU,10,193,0.05181347150259067
685801,"Bigge, Hunter",SI,6,193,0.031088082901554404
685801,"Bigge, Hunter",FS,1,193,0.0051813471502590676
686218,"Sheehan, Emmet",FF,553,1173,0.47144075021312876
686218,"Sheehan, Emmet",SL,357,1173,0.30434782608695654
686218,"Sheehan, Emmet",CH,192,1173,0.1636828644501279
686218,"Sheehan, Emmet",CU,70,1173,0.059676044330775786
686218,"Sheehan, Emmet",OTHER,1,1173,0.0008525149190110827
686228,"Burgos, Juan",FC,73,220,0.33181818181818185
686228,"Burgos, Juan",SI,72,220,0.32727272727272727
686228,"Burgos, Juan",ST,70,220,0.3181818181818182
686228,"Burgos, Juan",CH,5,220,0.022727272727272728
686249,"Wiles, Nathan",CH,9,24,0.375
686249,"Wiles, Nathan",FF,9,24,0.375
686249,"Wiles, Nathan",FC,6,24,0.25
686563,"Cannon, Jonathan",FC,395,1708,0.23126463700234193
686563,"Cannon, Jonathan",SI,374,1708,0.2189695550351288
686563,"Cannon, Jonathan",CH,368,1708,0.2154566744730679
686563,"Cannon, Jonathan",FF,310,1708,0.18149882903981265
686563,"Cannon, Jonathan",ST,256,1708,0.14988290398126464
686563,"Cannon, Jonathan",SL,5,1708,0.002927400468384075
686580,"Slaten, Justin",FF,185,500,0.37
686580,"Slaten, Justin",FC,160,500,0.32
686580,"Slaten, Justin",CU,94,500,0.188
686580,"Slaten, Justin",ST,61,500,0.122
686613,"Brown, Hunter",FF,1087,2866,0.3792742498255408
686613,"Brown, Hunter",SI,656,2866,0.2288904396371249
686613,"Brown, Hunter",KC,511,2866,0.17829727843684579
686613,"Brown, Hunter",CH,334,2866,0.11653872993719469
686613,"Brown, Hunter",SL,243,2866,0.08478715980460572
686613,"Brown, Hunter",FC,35,2866,0.012212142358688068
686642,"Ellard, Fraser",FF,161,317,0.5078864353312302
686642,"Ellard, Fraser",SL,81,317,0.2555205047318612
686642,"Ellard, Fraser",SI,49,317,0.15457413249211358
686642,"Ellard, Fraser",CH,23,317,0.07255520504731862
686642,"Ellard, Fraser",FC,3,317,0.00946372239747634
686654,"Adcock, Ty",FF,34,82,0.4146341463414634
686654,"Adcock, Ty",SL,25,82,0.3048780487804878
686654,"Adcock, Ty",FC,17,82,0.2073170731707317
686654,"Adcock, Ty",FS,5,82,0.06097560975609756
686654,"Adcock, Ty",SI,1,82,0.012195121951219513
686676,"Lee, Korey",OTHER,42,44,0.9545454545454546
686676,"Lee, Korey",FF,2,44,0.045454545454545456
686701,"Bergert, Ryan",FF,558,1312,0.4253048780487805
686701,"Bergert, Ryan",SL,325,1312,0.24771341463414634
686701,"Bergert, Ryan",ST,234,1312,0.17835365853658536
686701,"Bergert, Ryan",CH,99,1312,0.07545731707317073
686701,"Bergert, Ryan",SI,86,1312,0.06554878048780488
686701,"Bergert, Ryan",CU,10,1312,0.007621951219512195
686730,"Spiers, Carson",ST,56,245,0.22857142857142856
686730,"Spiers, Carson",CH,55,245,0.22448979591836735
686730,"Spiers, Carson",SI,53,245,0.2163265306122449
686730,"Spiers, Carson",FC,46,245,0.18775510204081633
686730,"Spiers, Carson",FF,35,245,0.14285714285714285
686747,"La Sorsa, Joe",SI,39,100,0.39
686747,"La Sorsa, Joe",FF,25,100,0.25
686747,"La Sorsa, Joe",ST,22,100,0.22
686747,"La Sorsa, Joe",CH,14,100,0.14
686751,"Johnson, Seth",FF,110,214,0.514018691588785
686751,"Johnson, Seth",SL,73,214,0.3411214953271028
686751,"Johnson, Seth",FS,16,214,0.07476635514018691
686751,"Johnson, Seth",CU,15,214,0.07009345794392523
686752,"Pepiot, Ryan",FF,1180,2614,0.45141545524100996
686752,"Pepiot, Ryan",CH,655,2614,0.25057383320581483
686752,"Pepiot, Ryan",SL,464,2614,0.17750573833205815
686752,"Pepiot, Ryan",FC,158,2614,0.060443764345830146
686752,"Pepiot, Ryan",CU,86,2614,0.03289977046671767
686752,"Pepiot, Ryan",SI,70,2614,0.026778882938026015
686752,"Pepiot, Ryan",OTHER,1,2614,0.00038255547054322876
686753,"Jameson, Drey",SI,16,53,0.3018867924528302
686753,"Jameson, Drey",SL,14,53,0.2641509433962264
686753,"Jameson, Drey",CH,13,53,0.24528301886792453
686753,"Jameson, Drey",FF,10,53,0.18867924528301888
686790,"McDonald, Trevor",SL,107,212,0.5047169811320755
686790,"McDonald, Trevor",SI,82,212,0.3867924528301887
686790,"McDonald, Trevor",CH,12,212,0.05660377358490566
686790,"McDonald, Trevor",FC,11,212,0.05188679245283019
686799,"Kochanowicz, Jack",SI,846,1795,0.4713091922005571
686799,"Kochanowicz, Jack",FF,322,1795,0.17938718662952646
686799,"Kochanowicz, Jack",SL,263,1795,0.14651810584958216
686799,"Kochanowicz, Jack",CH,261,1795,0.14540389972144846
686799,"Kochanowicz, Jack",ST,102,1795,0.05682451253481894
686799,"Kochanowicz, Jack",OTHER,1,1795,0.0005571030640668524
686826,"Jarvis, Bryce",FF,145,357,0.4061624649859944
686826,"Jarvis, Bryce",CH,80,357,0.22408963585434175
686826,"Jarvis, Bryce",SL,71,357,0.19887955182072828
686826,"Jarvis, Bryce",SI,30,357,0.08403361344537816
686826,"Jarvis, Bryce",CU,19,357,0.05322128851540616
686826,"Jarvis, Bryce",FC,12,357,0.03361344537815126
686930,"Barnett, Mason",FF,230,431,0.5336426914153132
686930,"Barnett, Mason",ST,92,431,0.21345707656612528
686930,"Barnett, Mason",CU,65,431,0.15081206496519722
686930,"Barnett, Mason",CH,44,431,0.10208816705336426
686973,"Varland, Louis",FF,476,1057,0.4503311258278146
686973,"Varland, Louis",KC,403,1057,0.3812677388836329
686973,"Varland, Louis",SL,72,1057,0.06811731315042574
686973,"Varland, Louis",SI,54,1057,0.0510879848628193
686973,"Varland, Louis",CH,52,1057,0.04919583727530748
686993,"Sterner, Justin",FF,548,1055,0.5194312796208531
686993,"Sterner, Justin",FC,341,1055,0.3232227488151659
686993,"Sterner, Justin",ST,165,1055,0.15639810426540285
686993,"Sterner, Justin",OTHER,1,1055,0.0009478672985781991
687003,"Van Belle, Brian",CH,56,129,0.43410852713178294
687003,"Van Belle, Brian",SI,33,129,0.2558139534883721
687003,"Van Belle, Brian",ST,19,129,0.14728682170542637
687003,"Van Belle, Brian",SL,11,129,0.08527131782945736
687003,"Van Belle, Brian",FF,10,129,0.07751937984496124
687064,"Young, Brandon",FF,411,940,0.4372340425531915
687064,"Young, Brandon",FS,167,940,0.1776595744680851
687064,"Young, Brandon",CU,148,940,0.1574468085106383
687064,"Young, Brandon",FC,86,940,0.09148936170212765
687064,"Young, Brandon",SL,84,940,0.08936170212765958
687064,"Young, Brandon",CH,43,940,0.045744680851063826
687064,"Young, Brandon",OTHER,1,940,0.0010638297872340426
687074,"Owens, Tyler",FF,28,66,0.42424242424242425
687074,"Owens, Tyler",FC,18,66,0.2727272727272727
687074,"Owens, Tyler",SL,15,66,0.22727272727272727
687074,"Owens, Tyler",FS,5,66,0.07575757575757576
687075,"Sproat, Brandon",SI,101,290,0.3482758620689655
687075,"Sproat, Brandon",ST,55,290,0.1896551724137931
687075,"Sproat, Brandon",CU,43,290,0.1482758620689655
687075,"Sproat, Brandon",CH,41,290,0.1413793103448276
687075,"Sproat, Brandon",FF,40,290,0.13793103448275862
687075,"Sproat, Brandon",SL,10,290,0.034482758620689655
687134,"Blalock, Bradley",FF,466,1005,0.46368159203980097
687134,"Blalock, Bradley",SL,157,1005,0.1562189054726368
687134,"Blalock, Bradley",FS,153,1005,0.15223880597014924
687134,"Blalock, Bradley",CU,128,1005,0.12736318407960198
687134,"Blalock, Bradley",FC,101,1005,0.10049751243781095
687166,"Pope, Austin",FF,19,36,0.5277777777777778
687166,"Pope, Austin",SL,9,36,0.25
687166,"Pope, Austin",CU,6,36,0.16666666666666666
687166,"Pope, Austin",SI,2,36,0.05555555555555555
687209,"Maxwell, Zach",FF,94,165,0.5696969696969697
687209,"Maxwell, Zach",FC,40,165,0.24242424242424243
687209,"Maxwell, Zach",ST,31,165,0.18787878787878787
687223,"Palmquist, Carson",FF,370,705,0.524822695035461
687223,"Palmquist, Carson",ST,222,705,0.3148936170212766
687223,"Palmquist, Carson",FC,88,705,0.12482269503546099
687223,"Palmquist, Carson",CH,25,705,0.03546099290780142
687287,"Monteverde, Patrick",FC,39,87,0.4482758620689655
687287,"Monteverde, Patrick",FF,13,87,0.14942528735632185
687287,"Monteverde, Patrick",CU,12,87,0.13793103448275862
687287,"Monteverde, Patrick",SI,11,87,0.12643678160919541
687287,"Monteverde, Patrick",CH,9,87,0.10344827586206896
687287,"Monteverde, Patrick",SL,3,87,0.034482758620689655
687330,"Kelly, Kevin",SI,337,565,0.5964601769911504
687330,"Kelly, Kevin",ST,110,565,0.19469026548672566
687330,"Kelly, Kevin",FC,70,565,0.12389380530973451
687330,"Kelly, Kevin",FF,48,565,0.08495575221238938
687362,"Gillispie, Connor",ST,111,386,0.28756476683937826
687362,"Gillispie, Connor",FF,106,386,0.27461139896373055
687362,"Gillispie, Connor",FC,100,386,0.25906735751295334
687362,"Gillispie, Connor",CH,64,386,0.16580310880829016
687362,"Gillispie, Connor",CU,5,386,0.012953367875647668
687377,"Ribalta, Orlando",FF,168,452,0.37168141592920356
687377,"Ribalta, Orlando",SL,105,452,0.2323008849557522
687377,"Ribalta, Orlando",CH,93,452,0.20575221238938052
687377,"Ribalta, Orlando",SI,86,452,0.1902654867256637
687396,"Headrick, Brent",FF,222,351,0.6324786324786325
687396,"Headrick, Brent",SL,91,351,0.25925925925925924
687396,"Headrick, Brent",FS,38,351,0.10826210826210826
687424,"Maldonado, Anthony",SL,67,129,0.5193798449612403
687424,"Maldonado, Anthony",FF,62,129,0.4806201550387597
687473,"Gusto, Ryan",FF,756,1735,0.43573487031700286
687473,"Gusto, Ryan",CU,261,1735,0.15043227665706052
687473,"Gusto, Ryan",FC,190,1735,0.10951008645533142
687473,"Gusto, Ryan",SI,186,1735,0.10720461095100864
687473,"Gusto, Ryan",ST,177,1735,0.10201729106628242
687473,"Gusto, Ryan",CH,165,1735,0.09510086455331412
687589,"Hamel, Dom",SL,4,13,0.3076923076923077
687589,"Hamel, Dom",ST,4,13,0.3076923076923077
687589,"Hamel, Dom",FF,2,13,0.15384615384615385
687589,"Hamel, Dom",CH,1,13,0.07692307692307693
687589,"Hamel, Dom",FC,1,13,0.07692307692307693
687589,"Hamel, Dom",SI,1,13,0.07692307692307693
687606,"Schultz, Paxton",FF,166,448,0.3705357142857143
687606,"Schultz, Paxton",FC,129,448,0.28794642857142855
687606,"Schultz, Paxton",CH,87,448,0.19419642857142858
687606,"Schultz, Paxton",SL,66,448,0.14732142857142858
687765,"Spence, Mitch",FC,565,1289,0.4383242823894492
687765,"Spence, Mitch",SL,354,1289,0.2746314972847168
687765,"Spence, Mitch",CU,227,1289,0.1761055081458495
687765,"Spence, Mitch",SI,125,1289,0.0969743987587277
687765,"Spence, Mitch",CH,17,1289,0.013188518231186967
687765,"Spence, Mitch",OTHER,1,1289,0.0007757951900698216
687830,"Gipson-Long, Sawyer",FF,131,463,0.28293736501079914
687830,"Gipson-Long, Sawyer",SL,99,463,0.21382289416846653
687830,"Gipson-Long, Sawyer",CH,98,463,0.21166306695464362
687830,"Gipson-Long, Sawyer",SI,85,463,0.183585313174946
687830,"Gipson-Long, Sawyer",FC,50,463,0.1079913606911447
687847,"Church, Marc",FF,32,59,0.5423728813559322
687847,"Church, Marc",SL,26,59,0.4406779661016949
687847,"Church, Marc",CH,1,59,0.01694915254237288
687849,"Kent, Zak",SL,118,308,0.38311688311688313
687849,"Kent, Zak",FF,93,308,0.30194805194805197
687849,"Kent, Zak",CU,77,308,0.25
687849,"Kent, Zak",SI,17,308,0.05519480519480519
687849,"Kent, Zak",ST,3,308,0.00974025974025974
687863,"Hodge, Porter",FF,287,568,0.5052816901408451
687863,"Hodge, Porter",ST,174,568,0.30633802816901406
687863,"Hodge, Porter",SL,105,568,0.18485915492957747
687863,"Hodge, Porter",FS,2,568,0.0035211267605633804
687888,"Walter, Brandon",FC,223,814,0.273955773955774
687888,"Walter, Brandon",ST,183,814,0.22481572481572482
687888,"Walter, Brandon",FF,157,814,0.1928746928746929
687888,"Walter, Brandon",CH,149,814,0.18304668304668303
687888,"Walter, Brandon",SI,102,814,0.12530712530712532
687911,"King, Bryan",FF,644,1028,0.6264591439688716
687911,"King, Bryan",ST,312,1028,0.3035019455252918
687911,"King, Bryan",SI,54,1028,0.05252918287937743
687911,"King, Bryan",CH,16,1028,0.01556420233463035
687911,"King, Bryan",CU,2,1028,0.0019455252918287938
687922,"Lucas, Easton",FF,218,438,0.4977168949771689
687922,"Lucas, Easton",CH,92,438,0.2100456621004566
687922,"Lucas, Easton",SL,53,438,0.12100456621004566
687922,"Lucas, Easton",ST,43,438,0.09817351598173515
687922,"Lucas, Easton",FC,32,438,0.0730593607305936
687931,"Whisenhunt, Carson",FF,195,408,0.47794117647058826
687931,"Whisenhunt, Carson",CH,152,408,0.37254901960784315
687931,"Whisenhunt, Carson",SL,57,408,0.13970588235294118
687931,"Whisenhunt, Carson",CU,4,408,0.00980392156862745
688107,"Gasser, Robert",ST,34,102,0.3333333333333333
688107,"Gasser, Robert",FF,27,102,0.2647058823529412
688107,"Gasser, Robert",SI,27,102,0.2647058823529412
688107,"Gasser, Robert",CH,11,102,0.10784313725490197
688107,"Gasser, Robert",FC,3,102,0.029411764705882353
688138,"Evans, Logan",FC,356,1338,0.26606875934230195
688138,"Evans, Logan",ST,315,1338,0.23542600896860988
688138,"Evans, Logan",SI,226,1338,0.16890881913303438
688138,"Evans, Logan",CH,163,1338,0.1218236173393124
688138,"Evans, Logan",FF,147,1338,0.10986547085201794
688138,"Evans, Logan",CU,131,1338,0.09790732436472346
688158,"Morgan, David",FF,285,777,0.3667953667953668
688158,"Morgan, David",CU,181,777,0.23294723294723294
688158,"Morgan, David",SI,166,777,0.21364221364221364
688158,"Morgan, David",SL,144,777,0.18532818532818532
688158,"Morgan, David",CH,1,777,0.001287001287001287
688297,"Roycroft, Chris",SI,182,378,0.48148148148148145
688297,"Roycroft, Chris",FF,109,378,0.28835978835978837
688297,"Roycroft, Chris",FC,87,378,0.23015873015873015
688497,"Rashi, Taylor",FF,178,319,0.5579937304075235
688497,"Rashi, Taylor",FS,78,319,0.2445141065830721
688497,"Rashi, Taylor",SL,35,319,0.109717868338558
688497,"Rashi, Taylor",CU,28,319,0.0877742946708464
688642,"Agnos, Zach",FC,176,527,0.33396584440227706
688642,"Agnos, Zach",FF,155,527,0.29411764705882354
688642,"Agnos, Zach",FS,108,527,0.2049335863377609
688642,"Agnos, Zach",ST,86,527,0.16318785578747627
688642,"Agnos, Zach",CU,2,527,0.003795066413662239
689017,"Knack, Landon",FF,361,743,0.4858681022880215
689017,"Knack, Landon",CH,194,743,0.2611036339165545
689017,"Knack, Landon",KC,97,743,0.13055181695827725
689017,"Knack, Landon",SL,91,743,0.1224764468371467
689147,"Kerkering, Orion",ST,504,1058,0.4763705103969754
689147,"Kerkering, Orion",FF,356,1058,0.33648393194706994
689147,"Kerkering, Orion",SI,198,1058,0.18714555765595464
689225,"Brieske, Beau",FF,182,372,0.489247311827957
689225,"Brieske, Beau",CH,89,372,0.239247311827957
689225,"Brieske, Beau",SI,64,372,0.17204301075268819
689225,"Brieske, Beau",SL,37,372,0.09946236559139784
689254,"Fluharty, Mason",FC,500,861,0.5807200929152149
689254,"Fluharty, Mason",ST,360,861,0.4181184668989547
689254,"Fluharty, Mason",SI,1,861,0.0011614401858304297
689266,"Dodd, Dylan",FC,289,536,0.539179104477612
689266,"Dodd, Dylan",SI,189,536,0.35261194029850745
689266,"Dodd, Dylan",SL,45,536,0.08395522388059702
689266,"Dodd, Dylan",CH,13,536,0.024253731343283583
689520,"Laweryson, Cody",FF,58,93,0.6236559139784946
689520,"Laweryson, Cody",CH,25,93,0.26881720430107525
689520,"Laweryson, Cody",FC,10,93,0.10752688172043011
689690,"Jacob, Alek",FF,217,517,0.4197292069632495
689690,"Jacob, Alek",CH,166,517,0.32108317214700194
689690,"Jacob, Alek",SI,80,517,0.15473887814313347
689690,"Jacob, Alek",ST,54,517,0.10444874274661509
689958,"Walters, Andrew",FF,19,29,0.6551724137931034
689958,"Walters, Andrew",SL,10,29,0.3448275862068966
690382,"Darrell-Hicks, Michael",SI,68,158,0.43037974683544306
690382,"Darrell-Hicks, Michael",FC,53,158,0.33544303797468356
690382,"Darrell-Hicks, Michael",ST,30,158,0.189873417721519
690382,"Darrell-Hicks, Michael",FF,7,158,0.04430379746835443
690544,"Horn, Bailey",FF,73,224,0.32589285714285715
690544,"Horn, Bailey",ST,73,224,0.32589285714285715
690544,"Horn, Bailey",SI,44,224,0.19642857142857142
690544,"Horn, Bailey",FC,34,224,0.15178571428571427
690829,"Joyce, Ben",SI,24,42,0.5714285714285714
690829,"Joyce, Ben",FF,16,42,0.38095238095238093
690829,"Joyce, Ben",SL,2,42,0.047619047619047616
690916,"Fitts, Richard",FF,266,664,0.4006024096385542
690916,"Fitts, Richard",SL,186,664,0.28012048192771083
690916,"Fitts, Richard",CU,76,664,0.1144578313253012
690916,"Fitts, Richard",SI,62,664,0.09337349397590361
690916,"Fitts, Richard",ST,58,664,0.08734939759036145
690916,"Fitts, Richard",CH,16,664,0.024096385542168676
690925,"Beeter, Clayton",FF,251,465,0.5397849462365591
690925,"Beeter, Clayton",SL,214,465,0.46021505376344085
690928,"Dobbins, Hunter",FF,377,931,0.40494092373791624
690928,"Dobbins, Hunter",SL,252,931,0.2706766917293233
690928,"Dobbins, Hunter",CU,112,931,0.12030075187969924
690928,"Dobbins, Hunter",ST,96,931,0.10311493018259936
690928,"Dobbins, Hunter",FS,81,931,0.08700322234156821
690928,"Dobbins, Hunter",SI,13,931,0.013963480128893663
690953,"Abel, Mick",FF,303,720,0.42083333333333334
690953,"Abel, Mick",CU,154,720,0.21388888888888888
690953,"Abel, Mick",SI,95,720,0.13194444444444445
690953,"Abel, Mick",SL,83,720,0.11527777777777778
690953,"Abel, Mick",CH,63,720,0.0875
690953,"Abel, Mick",ST,22,720,0.030555555555555555
690986,"Harrison, Kyle",FF,345,588,0.5867346938775511
690986,"Harrison, Kyle",SV,161,588,0.27380952380952384
690986,"Harrison, Kyle",CH,47,588,0.07993197278911565
690986,"Harrison, Kyle",FC,22,588,0.03741496598639456
690986,"Harrison, Kyle",SI,12,588,0.02040816326530612
690986,"Harrison, Kyle",OTHER,1,588,0.0017006802721088435
690990,"Horton, Cade",FF,899,1788,0.5027964205816555
690990,"Horton, Cade",ST,387,1788,0.21644295302013422
690990,"Horton, Cade",CH,228,1788,0.12751677852348994
690990,"Horton, Cade",CU,174,1788,0.09731543624161074
690990,"Horton, Cade",SI,98,1788,0.05480984340044743
690990,"Horton, Cade",SL,2,1788,0.0011185682326621924
690997,"McLean, Nolan",SI,206,739,0.2787550744248985
690997,"McLean, Nolan",ST,190,739,0.2571041948579161
690997,"McLean, Nolan",CU,117,739,0.15832205683355885
690997,"McLean, Nolan",FF,98,739,0.13261163734776726
690997,"McLean, Nolan",CH,64,739,0.08660351826792964
690997,"McLean, Nolan",FC,63,739,0.08525033829499323
690997,"McLean, Nolan",OTHER,1,739,0.0013531799729364006
691094,"Wynne, Randy",FF,20,47,0.425531914893617
691094,"Wynne, Randy",FC,9,47,0.19148936170212766
691094,"Wynne, Randy",CH,6,47,0.1276595744680851
691094,"Wynne, Randy",CU,5,47,0.10638297872340426
691094,"Wynne, Randy",SI,4,47,0.0851063829787234
691094,"Wynne, Randy",SL,3,47,0.06382978723404255
691172,"Zulueta, Yosver",SI,57,140,0.40714285714285714
691172,"Zulueta, Yosver",SL,48,140,0.34285714285714286
691172,"Zulueta, Yosver",FF,26,140,0.18571428571428572
691172,"Zulueta, Yosver",CH,9,140,0.06428571428571428
691251,"Lara, Andry",FF,116,255,0.4549019607843137
691251,"Lara, Andry",SL,83,255,0.3254901960784314
691251,"Lara, Andry",SI,41,255,0.1607843137254902
691251,"Lara, Andry",FS,15,255,0.058823529411764705
691441,"Mena, Cristian",CU,33,100,0.33
691441,"Mena, Cristian",FF,29,100,0.29
691441,"Mena, Cristian",CH,15,100,0.15
691441,"Mena, Cristian",SI,12,100,0.12
691441,"Mena, Cristian",ST,11,100,0.11
691548,"Muñoz, Rolddy",SI,42,78,0.5384615384615384
691548,"Muñoz, Rolddy",SL,35,78,0.44871794871794873
691548,"Muñoz, Rolddy",FF,1,78,0.01282051282051282
691587,"Pérez, Eury",FF,859,1673,0.5134488942020323
691587,"Pérez, Eury",SL,366,1673,0.21876867901972505
691587,"Pérez, Eury",CU,154,1673,0.09205020920502092
691587,"Pérez, Eury",CH,131,1673,0.07830245068738792
691587,"Pérez, Eury",ST,130,1673,0.07770472205618649
691587,"Pérez, Eury",SI,17,1673,0.010161386730424387
691587,"Pérez, Eury",FC,16,1673,0.009563658099222952
691594,"Sanoja, Javier",OTHER,170,170,1.0
691769,"Abner, Philip",FF,52,71,0.7323943661971831
691769,"Abner, Philip",SL,15,71,0.2112676056338028
691769,"Abner, Philip",CU,4,71,0.056338028169014086
691799,"Taylor, Grant",FF,338,610,0.5540983606557377
691799,"Taylor, Grant",CU,132,610,0.21639344262295082
691799,"Taylor, Grant",FC,102,610,0.16721311475409836
691799,"Taylor, Grant",SL,38,610,0.06229508196721312
691951,"Aldegheri, Sam",FF,143,303,0.47194719471947194
691951,"Aldegheri, Sam",CH,72,303,0.2376237623762376
691951,"Aldegheri, Sam",SL,53,303,0.17491749174917492
691951,"Aldegheri, Sam",CU,35,303,0.11551155115511551
692024,"Carrillo, Alex",FF,35,84,0.4166666666666667
692024,"Carrillo, Alex",SL,27,84,0.32142857142857145
692024,"Carrillo, Alex",FS,22,84,0.2619047619047619
692030,"Corniell, Jose",FF,20,41,0.4878048780487805
692030,"Corniell, Jose",FC,12,41,0.2926829268292683
692030,"Corniell, Jose",CH,8,41,0.1951219512195122
692030,"Corniell, Jose",ST,1,41,0.024390243902439025
692230,"Rodriguez, Carlos",FF,54,208,0.25961538461538464
692230,"Rodriguez, Carlos",CH,46,208,0.22115384615384615
692230,"Rodriguez, Carlos",FC,43,208,0.20673076923076922
692230,"Rodriguez, Carlos",ST,39,208,0.1875
692230,"Rodriguez, Carlos",CU,14,208,0.0673076923076923
692230,"Rodriguez, Carlos",SI,12,208,0.057692307692307696
692285,"Guerrero, Luis",SL,124,289,0.4290657439446367
692285,"Guerrero, Luis",FF,107,289,0.370242214532872
692285,"Guerrero, Luis",ST,43,289,0.14878892733564014
692285,"Guerrero, Luis",CH,14,289,0.04844290657439446
692285,"Guerrero, Luis",OTHER,1,289,0.0034602076124567475
693312,"Nicolas, Kyle",FF,330,652,0.5061349693251533
693312,"Nicolas, Kyle",SL,174,652,0.2668711656441718
693312,"Nicolas, Kyle",CU,145,652,0.2223926380368098
693312,"Nicolas, Kyle",SI,2,652,0.003067484662576687
693312,"Nicolas, Kyle",CH,1,652,0.0015337423312883436
693313,"Seymour, Carson",SI,263,621,0.42351046698872785
693313,"Seymour, Carson",FF,136,621,0.21900161030595813
693313,"Seymour, Carson",SL,131,621,0.2109500805152979
693313,"Seymour, Carson",FC,62,621,0.0998389694041868
693313,"Seymour, Carson",CU,29,621,0.04669887278582931
693433,"Woo, Bryan",FF,1251,2638,0.47422289613343444
693433,"Woo, Bryan",SI,665,2638,0.2520849128127369
693433,"Woo, Bryan",SL,294,2638,0.11144806671721001
693433,"Woo, Bryan",ST,241,2638,0.09135708870356331
693433,"Woo, Bryan",CH,187,2638,0.07088703563305535
693645,"Schlittler, Cam",FF,750,1360,0.5514705882352942
693645,"Schlittler, Cam",FC,268,1360,0.19705882352941176
693645,"Schlittler, Cam",CU,197,1360,0.1448529411764706
693645,"Schlittler, Cam",SI,101,1360,0.07426470588235294
693645,"Schlittler, Cam",ST,29,1360,0.021323529411764706
693645,"Schlittler, Cam",SL,15,1360,0.011029411764705883
693821,"Elder, Bryce",SI,1059,2514,0.4212410501193317
693821,"Elder, Bryce",SL,883,2514,0.35123309466984887
693821,"Elder, Bryce",FF,309,2514,0.12291169451073986
693821,"Elder, Bryce",CH,263,2514,0.10461416070007955
693855,"Seymour, Ian",FF,317,995,0.3185929648241206
693855,"Seymour, Ian",CH,314,995,0.3155778894472362
693855,"Seymour, Ian",FC,214,995,0.2150753768844221
693855,"Seymour, Ian",SI,54,995,0.054271356783919596
693855,"Seymour, Ian",ST,54,995,0.054271356783919596
693855,"Seymour, Ian",SL,26,995,0.02613065326633166
693855,"Seymour, Ian",CU,16,995,0.016080402010050253
694037,"Palencia, Daniel",FF,628,880,0.7136363636363636
694037,"Palencia, Daniel",SL,207,880,0.23522727272727273
694037,"Palencia, Daniel",FS,39,880,0.04431818181818182
694037,"Palencia, Daniel",CU,3,880,0.003409090909090909
694037,"Palencia, Daniel",SI,3,880,0.003409090909090909
694297,"Pfaadt, Brandon",SI,674,2842,0.23715693173821253
694297,"Pfaadt, Brandon",FF,660,2842,0.2322308233638283
694297,"Pfaadt, Brandon",ST,525,2842,0.18472906403940886
694297,"Pfaadt, Brandon",CH,441,2842,0.15517241379310345
694297,"Pfaadt, Brandon",CU,273,2842,0.0960591133004926
694297,"Pfaadt, Brandon",FC,267,2842,0.09394792399718509
694297,"Pfaadt, Brandon",OTHER,2,2842,0.0007037297677691766
694335,"Svanson, Matt",SI,457,964,0.47406639004149376
694335,"Svanson, Matt",ST,336,964,0.34854771784232363
694335,"Svanson, Matt",FC,158,964,0.16390041493775934
694335,"Svanson, Matt",FF,13,964,0.013485477178423237
694350,"Brzykcy, Zach",FF,245,459,0.5337690631808278
694350,"Brzykcy, Zach",CU,112,459,0.2440087145969499
694350,"Brzykcy, Zach",CH,102,459,0.2222222222222222
694359,"Kavadas, Niko",OTHER,25,25,1.0
694361,"Klein, Will",FF,175,305,0.5737704918032787
694361,"Klein, Will",CU,67,305,0.21967213114754097
694361,"Klein, Will",FC,49,305,0.16065573770491803
694361,"Klein, Will",ST,14,305,0.04590163934426229
694363,"Shuster, Jared",CH,102,280,0.36428571428571427
694363,"Shuster, Jared",FF,91,280,0.325
694363,"Shuster, Jared",SL,74,280,0.2642857142857143
694363,"Shuster, Jared",SI,11,280,0.039285714285714285
694363,"Shuster, Jared",ST,2,280,0.007142857142857143
694462,"Waldrep, Hurston",FS,279,862,0.3236658932714617
694462,"Waldrep, Hurston",FC,188,862,0.21809744779582366
694462,"Waldrep, Hurston",SI,162,862,0.18793503480278423
694462,"Waldrep, Hurston",CU,113,862,0.13109048723897912
694462,"Waldrep, Hurston",SL,100,862,0.11600928074245939
694462,"Waldrep, Hurston",FF,20,862,0.02320185614849188
694477,"Patrick, Chad",FC,819,1988,0.4119718309859155
694477,"Patrick, Chad",SI,460,1988,0.23138832997987926
694477,"Patrick, Chad",FF,439,1988,0.22082494969818914
694477,"Patrick, Chad",CH,133,1988,0.06690140845070422
694477,"Patrick, Chad",SL,105,1988,0.0528169014084507
694477,"Patrick, Chad",SV,32,1988,0.01609657947686117
694646,"McDermott, Chayce",FF,105,195,0.5384615384615384
694646,"McDermott, Chayce",SL,52,195,0.26666666666666666
694646,"McDermott, Chayce",FC,21,195,0.1076923076923077
694646,"McDermott, Chayce",FS,10,195,0.05128205128205128
694646,"McDermott, Chayce",ST,5,195,0.02564102564102564
694646,"McDermott, Chayce",CU,2,195,0.010256410256410256
694738,"Roupp, Landen",SI,739,1851,0.39924365207995677
694738,"Roupp, Landen",CU,660,1851,0.3565640194489465
694738,"Roupp, Landen",CH,315,1851,0.17017828200972449
694738,"Roupp, Landen",FC,124,1851,0.06699081577525662
694738,"Roupp, Landen",FF,13,1851,0.007023230686115613
694819,"Misiorowski, Jacob",FF,642,1164,0.5515463917525774
694819,"Misiorowski, Jacob",SL,283,1164,0.24312714776632302
694819,"Misiorowski, Jacob",CU,170,1164,0.14604810996563575
694819,"Misiorowski, Jacob",CH,69,1164,0.059278350515463915
694851,"Hoffmann, Andrew",CH,117,245,0.4775510204081633
694851,"Hoffmann, Andrew",FF,102,245,0.4163265306122449
694851,"Hoffmann, Andrew",SL,20,245,0.08163265306122448
694851,"Hoffmann, Andrew",CU,6,245,0.024489795918367346
694918,"Tidwell, Blade",FF,120,309,0.3883495145631068
694918,"Tidwell, Blade",ST,67,309,0.2168284789644013
694918,"Tidwell, Blade",SI,58,309,0.18770226537216828
694918,"Tidwell, Blade",SL,53,309,0.1715210355987055
694918,"Tidwell, Blade",CH,10,309,0.032362459546925564
694918,"Tidwell, Blade",CU,1,309,0.003236245954692557
694973,"Skenes, Paul",FF,1132,2903,0.3899414398897692
694973,"Skenes, Paul",ST,473,2903,0.16293489493627283
694973,"Skenes, Paul",FS,366,2903,0.1260764726145367
694973,"Skenes, Paul",CH,316,2903,0.10885291078194971
694973,"Skenes, Paul",SI,310,2903,0.10678608336203926
694973,"Skenes, Paul",SL,162,2903,0.05580434033758181
694973,"Skenes, Paul",CU,144,2903,0.0496038580778505
695243,"Miller, Mason",FF,515,995,0.5175879396984925
695243,"Miller, Mason",SL,458,995,0.46030150753768845
695243,"Miller, Mason",CH,22,995,0.022110552763819097
695418,"Lord, Brad",FF,1021,2106,0.48480531813865146
695418,"Lord, Brad",SL,430,2106,0.20417853751187084
695418,"Lord, Brad",SI,377,2106,0.17901234567901234
695418,"Lord, Brad",CH,274,2106,0.13010446343779677
695418,"Lord, Brad",ST,3,2106,0.0014245014245014246
695418,"Lord, Brad",OTHER,1,2106,0.0004748338081671415
695445,"Lee, Chase",SI,229,600,0.38166666666666665
695445,"Lee, Chase",ST,209,600,0.34833333333333333
695445,"Lee, Chase",FF,126,600,0.21
695445,"Lee, Chase",CH,36,600,0.06
695505,"Burns, Chase",FF,449,778,0.577120822622108
695505,"Burns, Chase",SL,264,778,0.3393316195372751
695505,"Burns, Chase",CH,43,778,0.055269922879177376
695505,"Burns, Chase",CU,13,778,0.016709511568123392
695505,"Burns, Chase",SI,8,778,0.010282776349614395
695505,"Burns, Chase",OTHER,1,778,0.0012853470437017994
695534,"Petty, Chase",SL,54,169,0.31952662721893493
695534,"Petty, Chase",SI,39,169,0.23076923076923078
695534,"Petty, Chase",FF,37,169,0.21893491124260356
695534,"Petty, Chase",CH,20,169,0.11834319526627218
695534,"Petty, Chase",ST,19,169,0.11242603550295859
695549,"Jobe, Jackson",SL,245,798,0.30701754385964913
695549,"Jobe, Jackson",FF,242,798,0.3032581453634085
695549,"Jobe, Jackson",CH,135,798,0.16917293233082706
695549,"Jobe, Jackson",SI,110,798,0.13784461152882205
695549,"Jobe, Jackson",CU,62,798,0.07769423558897243
695549,"Jobe, Jackson",ST,4,798,0.005012531328320802
696131,"Black, Mason",FF,29,74,0.3918918918918919
696131,"Black, Mason",ST,23,74,0.3108108108108108
696131,"Black, Mason",SI,15,74,0.20270270270270271
696131,"Black, Mason",FC,5,74,0.06756756756756757
696131,"Black, Mason",CH,2,74,0.02702702702702703
696136,"Wicks, Jordan",FF,86,217,0.39631336405529954
696136,"Wicks, Jordan",CH,53,217,0.24423963133640553
696136,"Wicks, Jordan",SL,28,217,0.12903225806451613
696136,"Wicks, Jordan",ST,26,217,0.11981566820276497
696136,"Wicks, Jordan",SI,22,217,0.10138248847926268
696136,"Wicks, Jordan",CU,2,217,0.009216589861751152
696147,"Bachman, Sam",SL,185,335,0.5522388059701493
696147,"Bachman, Sam",SI,114,335,0.3402985074626866
696147,"Bachman, Sam",CH,29,335,0.08656716417910448
696147,"Bachman, Sam",FF,6,335,0.01791044776119403
696147,"Bachman, Sam",OTHER,1,335,0.0029850746268656717
696149,"Chandler, Bubba",FF,249,461,0.5401301518438177
696149,"Chandler, Bubba",CH,104,461,0.22559652928416485
696149,"Chandler, Bubba",SL,80,461,0.1735357917570499
696149,"Chandler, Bubba",CU,28,461,0.06073752711496746
696270,"Johnson, Ryan",FC,97,219,0.4429223744292237
696270,"Johnson, Ryan",ST,58,219,0.2648401826484018
696270,"Johnson, Ryan",SI,41,219,0.1872146118721461
696270,"Johnson, Ryan",SL,13,219,0.0593607305936073
696270,"Johnson, Ryan",FS,10,219,0.045662100456621
697812,"Rock, Joe",SI,64,145,0.4413793103448276
697812,"Rock, Joe",SL,38,145,0.2620689655172414
697812,"Rock, Joe",FF,33,145,0.22758620689655173
697812,"Rock, Joe",CH,10,145,0.06896551724137931
699134,"Rodriguez, Bradgley",FF,52,127,0.4094488188976378
699134,"Rodriguez, Bradgley",SI,32,127,0.25196850393700787
699134,"Rodriguez, Bradgley",CH,30,127,0.23622047244094488
699134,"Rodriguez, Bradgley",FC,13,127,0.10236220472440945
699911,"Darnell, Dugan",FF,98,186,0.5268817204301075
699911,"Darnell, Dugan",FS,50,186,0.26881720430107525
699911,"Darnell, Dugan",SL,38,186,0.20430107526881722
700187,"Taylor, Troy",FF,64,136,0.47058823529411764
700187,"Taylor, Troy",ST,51,136,0.375
700187,"Taylor, Troy",SI,19,136,0.13970588235294118
700187,"Taylor, Troy",CH,2,136,0.014705882352941176
700241,"McGreevy, Michael",FF,373,1465,0.2546075085324232
700241,"McGreevy, Michael",SI,325,1465,0.22184300341296928
700241,"McGreevy, Michael",ST,296,1465,0.20204778156996586
700241,"McGreevy, Michael",CU,177,1465,0.12081911262798635
700241,"McGreevy, Michael",CH,147,1465,0.10034129692832765
700241,"McGreevy, Michael",FC,144,1465,0.09829351535836177
700241,"McGreevy, Michael",SL,3,1465,0.0020477815699658703
700249,"Povich, Cade",FF,690,1877,0.3676078849227491
700249,"Povich, Cade",CU,410,1877,0.2184336707511987
700249,"Povich, Cade",CH,287,1877,0.1529035695258391
700249,"Povich, Cade",SI,235,1877,0.12519978689397976
700249,"Povich, Cade",ST,188,1877,0.1001598295151838
700249,"Povich, Cade",SL,34,1877,0.018114011720831113
700249,"Povich, Cade",FC,33,1877,0.017581246670218435
700270,"Díaz, Yilber",FF,34,60,0.5666666666666667
700270,"Díaz, Yilber",SL,21,60,0.35
700270,"Díaz, Yilber",KC,5,60,0.08333333333333333
700363,"Smith-Shawver, AJ",FF,310,634,0.4889589905362776
700363,"Smith-Shawver, AJ",FS,214,634,0.33753943217665616
700363,"Smith-Shawver, AJ",CU,90,634,0.14195583596214512
700363,"Smith-Shawver, AJ",SL,20,634,0.031545741324921134
700669,"Graceffo, Gordon",FF,329,756,0.4351851851851852
700669,"Graceffo, Gordon",SL,201,756,0.26587301587301587
700669,"Graceffo, Gordon",CU,195,756,0.25793650793650796
700669,"Graceffo, Gordon",CH,20,756,0.026455026455026454
700669,"Graceffo, Gordon",SI,11,756,0.01455026455026455
701121,"VanWey, Logan",FF,96,182,0.5274725274725275
701121,"VanWey, Logan",ST,43,182,0.23626373626373626
701121,"VanWey, Logan",CH,22,182,0.12087912087912088
701121,"VanWey, Logan",SI,15,182,0.08241758241758242
701121,"VanWey, Logan",FC,6,182,0.03296703296703297
701487,"Ohl, Pierson",FF,238,544,0.4375
701487,"Ohl, Pierson",CH,205,544,0.37683823529411764
701487,"Ohl, Pierson",FC,64,544,0.11764705882352941
701487,"Ohl, Pierson",CU,32,544,0.058823529411764705
701487,"Ohl, Pierson",OTHER,5,544,0.009191176470588236
701519,"Adams, Travis",FF,195,663,0.29411764705882354
701519,"Adams, Travis",SL,133,663,0.20060331825037708
701519,"Adams, Travis",FC,123,663,0.18552036199095023
701519,"Adams, Travis",CH,111,663,0.167420814479638
701519,"Adams, Travis",SI,74,663,0.11161387631975868
701519,"Adams, Travis",CU,27,663,0.04072398190045249
701542,"Warren, Will",FF,1198,2886,0.4151074151074151
701542,"Warren, Will",SI,614,2886,0.21275121275121275
701542,"Warren, Will",ST,594,2886,0.20582120582120583
701542,"Warren, Will",CH,278,2886,0.09632709632709632
701542,"Warren, Will",CU,202,2886,0.06999306999306999
701552,"Granillo, Andre",SL,235,361,0.6509695290858726
701552,"Granillo, Andre",FF,102,361,0.28254847645429365
701552,"Granillo, Andre",CH,20,361,0.055401662049861494
701552,"Granillo, Andre",SI,4,361,0.0110803324099723
701581,"Festa, David",FF,278,882,0.31519274376417233
701581,"Festa, David",CH,256,882,0.29024943310657597
701581,"Festa, David",SL,236,882,0.2675736961451247
701581,"Festa, David",SI,112,882,0.12698412698412698
701656,"Henderson, Logan",FF,200,410,0.4878048780487805
701656,"Henderson, Logan",CH,164,410,0.4
701656,"Henderson, Logan",FC,32,410,0.07804878048780488
701656,"Henderson, Logan",SL,14,410,0.03414634146341464
702056,"Yesavage, Trey",FF,143,317,0.45110410094637227
702056,"Yesavage, Trey",FS,92,317,0.2902208201892745
702056,"Yesavage, Trey",SL,82,317,0.2586750788643533
702070,"Cameron, Noah",FF,571,2164,0.26386321626617376
702070,"Cameron, Noah",FC,468,2164,0.21626617375231053
702070,"Cameron, Noah",CU,417,2164,0.19269870609981515
702070,"Cameron, Noah",CH,402,2164,0.18576709796672827
702070,"Cameron, Noah",SL,306,2164,0.1414048059149723
702352,"Bivens, Spencer",SI,471,1254,0.37559808612440193
702352,"Bivens, Spencer",FC,338,1254,0.26953748006379585
702352,"Bivens, Spencer",CH,192,1254,0.15311004784688995
702352,"Bivens, Spencer",ST,103,1254,0.08213716108452951
702352,"Bivens, Spencer",FF,81,1254,0.0645933014354067
702352,"Bivens, Spencer",SV,69,1254,0.05502392344497608
702674,"Dana, Caden",FF,253,562,0.4501779359430605
702674,"Dana, Caden",SL,155,562,0.27580071174377224
702674,"Dana, Caden",CH,109,562,0.19395017793594305
702674,"Dana, Caden",CU,45,562,0.0800711743772242
702752,"Pintaro, Jonathan",FC,21,29,0.7241379310344828
702752,"Pintaro, Jonathan",FF,6,29,0.20689655172413793
702752,"Pintaro, Jonathan",CH,2,29,0.06896551724137931
702795,"Loutos, Ryan",FF,107,231,0.46320346320346323
702795,"Loutos, Ryan",SL,52,231,0.22510822510822512
702795,"Loutos, Ryan",CH,39,231,0.16883116883116883
702795,"Loutos, Ryan",ST,21,231,0.09090909090909091
702795,"Loutos, Ryan",SI,12,231,0.05194805194805195
800048,"Messick, Parker",FF,225,625,0.36
800048,"Messick, Parker",CH,146,625,0.2336
800048,"Messick, Parker",SL,91,625,0.1456
800048,"Messick, Parker",SI,84,625,0.1344
800048,"Messick, Parker",CU,79,625,0.1264
800049,"Mazur, Adam",SL,140,489,0.28629856850715746
800049,"Mazur, Adam",FF,117,489,0.2392638036809816
800049,"Mazur, Adam",SI,78,489,0.15950920245398773
800049,"Mazur, Adam",ST,60,489,0.12269938650306748
800049,"Mazur, Adam",CU,53,489,0.1083844580777096
800049,"Mazur, Adam",CH,41,489,0.08384458077709611
800311,"Fuentes, Didier",FF,169,293,0.5767918088737202
800311,"Fuentes, Didier",ST,80,293,0.27303754266211605
800311,"Fuentes, Didier",CU,35,293,0.11945392491467577
800311,"Fuentes, Didier",FS,9,293,0.030716723549488054
801139,"Tolle, Payton",FF,202,311,0.6495176848874598
801139,"Tolle, Payton",FC,42,311,0.13504823151125403
801139,"Tolle, Payton",SL,29,311,0.0932475884244373
801139,"Tolle, Payton",CH,20,311,0.06430868167202572
801139,"Tolle, Payton",CU,18,311,0.05787781350482315
801216,"Montes De Oca, Christian",FF,16,46,0.34782608695652173
801216,"Montes De Oca, Christian",SL,14,46,0.30434782608695654
801216,"Montes De Oca, Christian",SI,12,46,0.2608695652173913
801216,"Montes De Oca, Christian",CH,4,46,0.08695652173913043
801403,"Dollander, Chase",FF,867,1778,0.4876265466816648
801403,"Dollander, Chase",CU,379,1778,0.21316085489313835
801403,"Dollander, Chase",SL,219,1778,0.12317210348706412
801403,"Dollander, Chase",SI,175,1778,0.0984251968503937
801403,"Dollander, Chase",CH,138,1778,0.07761529808773904
801434,"Gervase, Paul",FF,80,136,0.5882352941176471
801434,"Gervase, Paul",SL,40,136,0.29411764705882354
801434,"Gervase, Paul",FC,16,136,0.11764705882352941
802419,"Harrington, Thomas",FF,81,200,0.405
802419,"Harrington, Thomas",FS,47,200,0.235
802419,"Harrington, Thomas",ST,39,200,0.195
802419,"Harrington, Thomas",FC,20,200,0.1
802419,"Harrington, Thomas",SI,13,200,0.065
802686,"Harris, Hayden",FF,42,50,0.84
802686,"Harris, Hayden",ST,6,50,0.12
802686,"Harris, Hayden",FS,2,50,0.04
804636,"Tong, Jonah",FF,213,371,0.5741239892183289
804636,"Tong, Jonah",CH,102,371,0.2749326145552561
804636,"Tong, Jonah",CU,46,371,0.12398921832884097
804636,"Tong, Jonah",SL,10,371,0.026954177897574125
805123,"Blubaugh, AJ",FF,278,507,0.5483234714003945
805123,"Blubaugh, AJ",ST,108,507,0.21301775147928995
805123,"Blubaugh, AJ",CH,98,507,0.1932938856015779
805123,"Blubaugh, AJ",CU,17,507,0.03353057199211045
805123,"Blubaugh, AJ",FC,6,507,0.011834319526627219
805299,"Garcia, Brandyn",SI,145,277,0.5234657039711191
805299,"Garcia, Brandyn",ST,84,277,0.30324909747292417
805299,"Garcia, Brandyn",SL,42,277,0.15162454873646208
805299,"Garcia, Brandyn",CH,6,277,0.021660649819494584
805427,"Sommers, Drew",SI,34,78,0.4358974358974359
805427,"Sommers, Drew",SL,33,78,0.4230769230769231
805427,"Sommers, Drew",FF,10,78,0.1282051282051282
805427,"Sommers, Drew",CH,1,78,0.01282051282051282
805673,"Matthews, Zebby",FF,557,1353,0.4116777531411678
805673,"Matthews, Zebby",SL,342,1353,0.25277161862527714
805673,"Matthews, Zebby",FC,175,1353,0.1293422025129342
805673,"Matthews, Zebby",CH,143,1353,0.10569105691056911
805673,"Matthews, Zebby",CU,78,1353,0.057649667405764965
805673,"Matthews, Zebby",SI,58,1353,0.04286770140428677
806185,"Birdsong, Hayden",FF,527,1194,0.44137353433835846
806185,"Birdsong, Hayden",SL,291,1194,0.24371859296482412
806185,"Birdsong, Hayden",CH,201,1194,0.16834170854271358
806185,"Birdsong, Hayden",CU,155,1194,0.12981574539363483
806185,"Birdsong, Hayden",SV,20,1194,0.01675041876046901
806188,"Gibson, Cade",CU,259,908,0.2852422907488987
806188,"Gibson, Cade",SI,215,908,0.236784140969163
806188,"Gibson, Cade",CH,132,908,0.14537444933920704
806188,"Gibson, Cade",ST,129,908,0.1420704845814978
806188,"Gibson, Cade",SL,87,908,0.09581497797356828
806188,"Gibson, Cade",FF,86,908,0.0947136563876652
806960,"Morales, Luis",FF,423,821,0.5152253349573691
806960,"Morales, Luis",ST,220,821,0.2679658952496955
806960,"Morales, Luis",CH,107,821,0.13032886723507917
806960,"Morales, Luis",SL,64,821,0.0779537149817296
806960,"Morales, Luis",SI,7,821,0.008526187576126675
808963,"Sasaki, Roki",FF,254,526,0.4828897338403042
808963,"Sasaki, Roki",OTHER,187,526,0.35551330798479086
808963,"Sasaki, Roki",ST,83,526,0.15779467680608364
808963,"Sasaki, Roki",SI,2,526,0.0038022813688212928
808967,"Yamamoto, Yoshinobu",FF,962,2739,0.3512230741146404
808967,"Yamamoto, Yoshinobu",FS,670,2739,0.24461482292807593
808967,"Yamamoto, Yoshinobu",CU,499,2739,0.18218327856882074
808967,"Yamamoto, Yoshinobu",FC,309,2739,0.11281489594742607
808967,"Yamamoto, Yoshinobu",SI,219,2739,0.07995618838992333
808967,"Yamamoto, Yoshinobu",SL,79,2739,0.028842643300474625
808967,"Yamamoto, Yoshinobu",ST,1,2739,0.0003650967506389193
813349,"Early, Connelly",FF,114,401,0.28428927680798005
813349,"Early, Connelly",CH,73,401,0.18204488778054864
813349,"Early, Connelly",CU,73,401,0.18204488778054864
813349,"Early, Connelly",SI,60,401,0.14962593516209477
813349,"Early, Connelly",SL,43,401,0.10723192019950124
813349,"Early, Connelly",ST,38,401,0.09476309226932668
815083,"Farris, Mitch",FF,202,405,0.49876543209876545
815083,"Farris, Mitch",CH,108,405,0.26666666666666666
815083,"Farris, Mitch",SL,95,405,0.2345679012345679
820862,"Fermin, José",SL,317,645,0.49147286821705427
820862,"Fermin, José",FF,304,645,0.47131782945736433
820862,"Fermin, José",SI,22,645,0.034108527131782945
820862,"Fermin, José",CH,2,645,0.0031007751937984496
829272,"Ogasawara, Shinnosuke",FF,261,674,0.38724035608308605
829272,"Ogasawara, Shinnosuke",CH,150,674,0.22255192878338279
829272,"Ogasawara, Shinnosuke",KC,129,674,0.1913946587537092
829272,"Ogasawara, Shinnosuke",SL,125,674,0.18545994065281898
829272,"Ogasawara, Shinnosuke",SI,6,674,0.008902077151335312
829272,"Ogasawara, Shinnosuke",ST,3,674,0.004451038575667656
