pitcher,pitch_label,pitch_count,pitcher_total_pitches,pitch_ratio,player_name
405395,OTHER,8.55,12.15,0.7037037037037037,"Pujols, Albert"
405395,CU,3.6,12.15,0.2962962962962963,"Pujols, Albert"
424144,SI,31.2,54.15,0.5761772853185596,"Pérez, Oliver"
424144,SL,17.55,54.15,0.32409972299168976,"Pérez, Oliver"
424144,FF,5.4,54.15,0.0997229916897507,"Pérez, Oliver"
425794,CU,1097.7,3490.5,0.31448216587881395,"Wainwright, Adam"
425794,SI,1016.2,3490.5,0.2911330754906174,"Wainwright, Adam"
425794,FC,814.6,3490.5,0.2333763071193239,"Wainwright, Adam"
425794,FF,335.9,3490.5,0.09623263142816214,"Wainwright, Adam"
425794,CH,201.4,3490.5,0.05769946998997279,"Wainwright, Adam"
425794,OTHER,20.1,3490.5,0.005758487322733133,"Wainwright, Adam"
425794,SL,4.6,3490.5,0.0013178627703767367,"Wainwright, Adam"
425844,FF,1078.85,3185.85,0.3386380400834942,"Greinke, Zack"
425844,CH,570.4,3185.85,0.17904170001726383,"Greinke, Zack"
425844,CU,523.0,3185.85,0.16416341007894283,"Greinke, Zack"
425844,SL,453.55,3185.85,0.1423638903275421,"Greinke, Zack"
425844,SI,286.1,3185.85,0.089803349184676,"Greinke, Zack"
425844,FC,268.2,3185.85,0.08418475446113283,"Greinke, Zack"
425844,OTHER,5.75,3185.85,0.0018048558469482242,"Greinke, Zack"
425877,CU,9.0,18.0,0.5,"Molina, Yadier"
425877,OTHER,5.8500000000000005,18.0,0.325,"Molina, Yadier"
425877,FF,2.7,18.0,0.15000000000000002,"Molina, Yadier"
425877,SL,0.45,18.0,0.025,"Molina, Yadier"
429722,SL,164.4,318.9,0.5155221072436501,"Santana, Ervin"
429722,FF,144.0,318.9,0.451552210724365,"Santana, Ervin"
429722,CH,10.5,318.9,0.03292568203198495,"Santana, Ervin"
431148,FF,33.6,62.099999999999994,0.5410628019323672,"Kazmir, Scott"
431148,CH,19.2,62.099999999999994,0.3091787439613527,"Kazmir, Scott"
431148,SL,9.0,62.099999999999994,0.14492753623188406,"Kazmir, Scott"
431148,SI,0.3,62.099999999999994,0.004830917874396136,"Kazmir, Scott"
433589,FF,148.79999999999998,324.59999999999997,0.4584103512014787,"Petit, Yusmeiro"
433589,FC,74.1,324.59999999999997,0.22828096118299446,"Petit, Yusmeiro"
433589,CH,57.3,324.59999999999997,0.17652495378927913,"Petit, Yusmeiro"
433589,CU,44.1,324.59999999999997,0.1358595194085028,"Petit, Yusmeiro"
433589,OTHER,0.3,324.59999999999997,0.0009242144177449169,"Petit, Yusmeiro"
434378,FF,3228.55,6732.45,0.4795505350949506,"Verlander, Justin"
434378,SL,1616.7,6732.45,0.24013546331573202,"Verlander, Justin"
434378,CU,1224.05,6732.45,0.18181345572562738,"Verlander, Justin"
434378,CH,456.0,6732.45,0.06773165786600717,"Verlander, Justin"
434378,ST,195.0,6732.45,0.028964195797963596,"Verlander, Justin"
434378,SI,12.15,6732.45,0.0018046921997192703,"Verlander, Justin"
434671,FC,151.20000000000002,554.4,0.27272727272727276,"Sánchez, Aníbal"
434671,CH,141.75,554.4,0.2556818181818182,"Sánchez, Aníbal"
434671,SI,102.15,554.4,0.18425324675324678,"Sánchez, Aníbal"
434671,FF,96.75,554.4,0.174512987012987,"Sánchez, Aníbal"
434671,SL,31.5,554.4,0.05681818181818182,"Sánchez, Aníbal"
434671,CU,31.05,554.4,0.05600649350649351,"Sánchez, Aníbal"
444482,OTHER,8.4,8.4,1.0,"Peralta, David"
444876,CU,5.4,10.8,0.5,"Escobar, Alcides"
444876,OTHER,5.4,10.8,0.5,"Escobar, Alcides"
445213,SI,114.0,153.0,0.7450980392156863,"Kintzler, Brandon"
445213,SL,21.3,153.0,0.1392156862745098,"Kintzler, Brandon"
445213,CH,16.8,153.0,0.10980392156862745,"Kintzler, Brandon"
445213,FF,0.8999999999999999,153.0,0.00588235294117647,"Kintzler, Brandon"
445276,FC,2089.6,2748.75,0.760200090950432,"Jansen, Kenley"
445276,SI,363.35,2748.75,0.13218735788994998,"Jansen, Kenley"
445276,SL,256.05,2748.75,0.09315143246930423,"Jansen, Kenley"
445276,ST,39.75,2748.75,0.014461118690313779,"Jansen, Kenley"
445926,FC,1067.1,2063.45,0.5171436186968427,"Chavez, Jesse"
445926,SI,588.25,2063.45,0.28508081126269114,"Chavez, Jesse"
445926,CH,274.4,2063.45,0.13298117230851245,"Chavez, Jesse"
445926,CU,89.4,2063.45,0.04332549855823985,"Chavez, Jesse"
445926,SL,34.45,2063.45,0.016695340328091307,"Chavez, Jesse"
445926,FF,8.75,2063.45,0.004240471055756137,"Chavez, Jesse"
445926,OTHER,1.1,2063.45,0.0005330877898664858,"Chavez, Jesse"
446099,SI,4.5,6.6,0.6818181818181819,"Axford, John"
446099,FF,1.2,6.6,0.18181818181818182,"Axford, John"
446099,CU,0.8999999999999999,6.6,0.13636363636363635,"Axford, John"
446321,FC,190.35,478.35,0.39793038570084666,"Detwiler, Ross"
446321,FF,143.85,478.35,0.3007212292254625,"Detwiler, Ross"
446321,SI,99.3,478.35,0.20758858576356223,"Detwiler, Ross"
446321,CU,27.3,478.35,0.05707118218877391,"Detwiler, Ross"
446321,CH,17.55,478.35,0.036688617121354655,"Detwiler, Ross"
446372,FC,649.9,2097.2,0.30988937631127217,"Kluber, Corey"
446372,CU,586.65,2097.2,0.2797301163456037,"Kluber, Corey"
446372,SI,549.4,2097.2,0.26196833873736414,"Kluber, Corey"
446372,CH,264.8,2097.2,0.12626358954796874,"Kluber, Corey"
446372,FF,46.45,2097.2,0.022148579057791343,"Kluber, Corey"
448179,FF,1305.6,3520.8,0.3708248125426039,"Hill, Rich"
448179,CU,1247.2,3520.8,0.35423767325607813,"Hill, Rich"
448179,FC,412.8,3520.8,0.11724608043626449,"Hill, Rich"
448179,ST,288.45,3520.8,0.08192740286298568,"Hill, Rich"
448179,SI,110.95,3520.8,0.03151272438082254,"Hill, Rich"
448179,CH,98.25,3520.8,0.027905589638718472,"Hill, Rich"
448179,SL,35.45,3520.8,0.01006873437855033,"Hill, Rich"
448179,OTHER,22.1,3520.8,0.006276982503976369,"Hill, Rich"
448281,FF,229.04999999999998,284.55,0.8049551924090669,"Doolittle, Sean"
448281,CU,28.8,284.55,0.10121244069583553,"Doolittle, Sean"
448281,SL,14.1,284.55,0.049551924090669476,"Doolittle, Sean"
448281,FS,12.6,284.55,0.04428044280442804,"Doolittle, Sean"
448855,SI,141.29999999999998,367.5,0.3844897959183673,"Guerra, Junior"
448855,FF,64.5,367.5,0.17551020408163265,"Guerra, Junior"
448855,CU,58.199999999999996,367.5,0.1583673469387755,"Guerra, Junior"
448855,FS,58.199999999999996,367.5,0.1583673469387755,"Guerra, Junior"
448855,SL,45.3,367.5,0.12326530612244897,"Guerra, Junior"
450203,CU,3582.8,8890.1,0.4030100898752545,"Morton, Charlie"
450203,FF,2710.1,8890.1,0.3048447149075938,"Morton, Charlie"
450203,SI,983.9,8890.1,0.11067367071236543,"Morton, Charlie"
450203,CH,854.05,8890.1,0.09606753579824748,"Morton, Charlie"
450203,FC,759.25,8890.1,0.08540398870653873,"Morton, Charlie"
451584,FF,93.0,230.7,0.4031209362808843,"Davis, Wade"
451584,FC,73.8,230.7,0.3198959687906372,"Davis, Wade"
451584,KC,45.3,230.7,0.19635890767230169,"Davis, Wade"
451584,SI,15.0,230.7,0.06501950585175553,"Davis, Wade"
451584,CH,3.5999999999999996,230.7,0.015604681404421325,"Davis, Wade"
452027,SI,35.1,109.5,0.32054794520547947,"Albers, Andrew"
452027,FF,34.8,109.5,0.31780821917808216,"Albers, Andrew"
452027,SL,16.2,109.5,0.14794520547945206,"Albers, Andrew"
452027,CH,15.899999999999999,109.5,0.14520547945205478,"Albers, Andrew"
452027,CU,7.5,109.5,0.0684931506849315,"Albers, Andrew"
452657,FF,222.29999999999998,714.0,0.311344537815126,"Lester, Jon"
452657,FC,182.4,714.0,0.25546218487394956,"Lester, Jon"
452657,CH,129.6,714.0,0.1815126050420168,"Lester, Jon"
452657,SI,119.39999999999999,714.0,0.1672268907563025,"Lester, Jon"
452657,CU,60.3,714.0,0.08445378151260503,"Lester, Jon"
452678,OTHER,4.8,5.1,0.9411764705882353,"Cabrera, Asdrúbal"
452678,CU,0.3,5.1,0.058823529411764705,"Cabrera, Asdrúbal"
453178,FF,672.1,878.35,0.765184721352536,"Kennedy, Ian"
453178,FS,108.0,878.35,0.12295781863721751,"Kennedy, Ian"
453178,KC,36.65,878.35,0.0417259634542039,"Kennedy, Ian"
453178,CH,27.45,878.35,0.03125177890362611,"Kennedy, Ian"
453178,FC,20.5,878.35,0.023339215574657027,"Kennedy, Ian"
453178,SL,13.65,878.35,0.015540502077759435,"Kennedy, Ian"
453192,SL,120.3,186.0,0.646774193548387,"Miller, Andrew"
453192,SI,35.4,186.0,0.19032258064516128,"Miller, Andrew"
453192,FF,30.299999999999997,186.0,0.16290322580645158,"Miller, Andrew"
453265,CH,86.39999999999999,259.8,0.3325635103926097,"Watson, Tony"
453265,FF,65.1,259.8,0.2505773672055427,"Watson, Tony"
453265,SL,62.699999999999996,259.8,0.2413394919168591,"Watson, Tony"
453265,SI,45.6,259.8,0.17551963048498845,"Watson, Tony"
453268,SL,633.15,1417.05,0.44680851063829785,"Bard, Daniel"
453268,SI,539.9,1417.05,0.38100278748103455,"Bard, Daniel"
453268,FF,190.3,1417.05,0.13429307363889773,"Bard, Daniel"
453268,CH,31.45,1417.05,0.02219399456617621,"Bard, Daniel"
453268,SV,21.95,1417.05,0.01548992625524858,"Bard, Daniel"
453268,OTHER,0.3,1417.05,0.0002117074203450831,"Bard, Daniel"
453281,FC,66.6,238.2,0.2795969773299748,"LeBlanc, Wade"
453281,SI,57.0,238.2,0.23929471032745592,"LeBlanc, Wade"
453281,CH,53.1,238.2,0.22292191435768263,"LeBlanc, Wade"
453281,FF,35.699999999999996,238.2,0.14987405541561713,"LeBlanc, Wade"
453281,CU,25.8,238.2,0.10831234256926953,"LeBlanc, Wade"
453284,FF,101.25,219.29999999999998,0.4616963064295486,"Parker, Blake"
453284,FS,74.85,219.29999999999998,0.34131326949384405,"Parker, Blake"
453284,FC,25.5,219.29999999999998,0.11627906976744187,"Parker, Blake"
453284,CU,17.7,219.29999999999998,0.08071135430916553,"Parker, Blake"
453286,FF,2457.15,5278.2,0.4655280209162215,"Scherzer, Max"
453286,SL,1090.65,5278.2,0.20663294304876664,"Scherzer, Max"
453286,CH,734.8,5278.2,0.1392141260278125,"Scherzer, Max"
453286,CU,604.85,5278.2,0.11459399037550681,"Scherzer, Max"
453286,FC,390.75,5278.2,0.07403091963169263,"Scherzer, Max"
453343,FC,454.65,725.85,0.6263690845215953,"Melancon, Mark"
453343,KC,230.55,725.85,0.31762760901012604,"Melancon, Mark"
453343,FF,18.15,725.85,0.025005166356685263,"Melancon, Mark"
453343,FS,10.05,725.85,0.013845835916511676,"Melancon, Mark"
453343,SL,7.5,725.85,0.010332713370531101,"Melancon, Mark"
453343,SI,4.95,725.85,0.006819590824550527,"Melancon, Mark"
453562,SI,276.0,523.8,0.5269186712485682,"Arrieta, Jake"
453562,SL,124.5,523.8,0.23768613974799543,"Arrieta, Jake"
453562,CU,80.7,523.8,0.15406643757159222,"Arrieta, Jake"
453562,CH,42.6,523.8,0.08132875143184423,"Arrieta, Jake"
455117,OTHER,19.5,19.5,1.0,"Maldonado, Martín"
455119,FC,773.6,2181.7,0.35458587340147596,"Martin, Chris"
455119,FF,757.95,2181.7,0.3474125681807765,"Martin, Chris"
455119,FS,282.65,2181.7,0.12955493422560388,"Martin, Chris"
455119,SI,265.1,2181.7,0.12151074849887704,"Martin, Chris"
455119,ST,65.9,2181.7,0.030205802814319112,"Martin, Chris"
455119,CU,30.0,2181.7,0.013750744832011734,"Martin, Chris"
455119,SL,6.5,2181.7,0.002979328046935876,"Martin, Chris"
456034,SI,201.75,633.3,0.3185693983893889,"Price, David"
456034,FF,170.85,633.3,0.26977735670298436,"Price, David"
456034,FC,122.25,633.3,0.19303647560397916,"Price, David"
456034,CH,118.05,633.3,0.18640454760776884,"Price, David"
456034,KC,20.4,633.3,0.03221222169587873,"Price, David"
456501,FF,611.55,2331.75,0.2622708266323577,"Cueto, Johnny"
456501,SI,504.05,2331.75,0.21616811407740968,"Cueto, Johnny"
456501,CH,496.55,2331.75,0.2129516457596226,"Cueto, Johnny"
456501,SL,459.2,2331.75,0.196933633537043,"Cueto, Johnny"
456501,FC,241.25,2331.75,0.10346306422215075,"Cueto, Johnny"
456501,CU,18.85,2331.75,0.008084057038704837,"Cueto, Johnny"
456501,OTHER,0.3,2331.75,0.0001286587327114828,"Cueto, Johnny"
456713,FF,274.1,555.85,0.493118647117028,"Bush, Matt"
456713,CU,197.0,555.85,0.35441216155437616,"Bush, Matt"
456713,FC,66.45,555.85,0.11954664028065126,"Bush, Matt"
456713,SI,10.0,555.85,0.017990465053521632,"Bush, Matt"
456713,SL,5.7,555.85,0.01025456508050733,"Bush, Matt"
456713,ST,2.6,555.85,0.004677520913915625,"Bush, Matt"
457759,OTHER,2.6999999999999997,3.0,0.8999999999999999,"Turner, Justin"
457759,SL,0.3,3.0,0.09999999999999999,"Turner, Justin"
457915,FF,20.4,44.4,0.45945945945945943,"Guerra, Javy"
457915,SL,15.0,44.4,0.33783783783783783,"Guerra, Javy"
457915,CU,3.9,44.4,0.08783783783783784,"Guerra, Javy"
457915,SI,3.9,44.4,0.08783783783783784,"Guerra, Javy"
457915,CH,1.2,44.4,0.02702702702702703,"Guerra, Javy"
457918,FF,432.9,802.1999999999999,0.5396409872849663,"Happ, J.A."
457918,SI,141.6,802.1999999999999,0.17651458489154825,"Happ, J.A."
457918,SL,120.89999999999999,802.1999999999999,0.15071054599850411,"Happ, J.A."
457918,CH,96.6,802.1999999999999,0.12041884816753927,"Happ, J.A."
457918,CU,10.2,802.1999999999999,0.012715033657442035,"Happ, J.A."
458676,FF,38.1,102.6,0.3713450292397661,"Lindblom, Josh"
458676,FC,17.099999999999998,102.6,0.16666666666666666,"Lindblom, Josh"
458676,SL,14.7,102.6,0.14327485380116958,"Lindblom, Josh"
458676,CH,12.6,102.6,0.12280701754385966,"Lindblom, Josh"
458676,CU,10.799999999999999,102.6,0.10526315789473684,"Lindblom, Josh"
458676,FS,4.8,102.6,0.04678362573099415,"Lindblom, Josh"
458676,SI,4.5,102.6,0.04385964912280702,"Lindblom, Josh"
458677,FF,835.3,1708.6499999999999,0.4888654785942118,"Wilson, Justin"
458677,SL,468.6,1708.6499999999999,0.274251602142042,"Wilson, Justin"
458677,FC,357.8,1708.6499999999999,0.20940508588651863,"Wilson, Justin"
458677,FS,46.95,1708.6499999999999,0.027477833377227638,"Wilson, Justin"
458681,FF,2407.95,5366.15,0.4487295360733487,"Lynn, Lance"
458681,FC,1291.5,5366.15,0.2406753445207458,"Lynn, Lance"
458681,SI,820.7,5366.15,0.15294018989405814,"Lynn, Lance"
458681,CU,481.25,5366.15,0.08968254707751368,"Lynn, Lance"
458681,CH,315.05,5366.15,0.05871062120887415,"Lynn, Lance"
458681,SL,27.6,5366.15,0.00514335231031559,"Lynn, Lance"
458681,ST,22.099999999999998,5366.15,0.0041184089151440045,"Lynn, Lance"
458708,FC,114.3,242.39999999999998,0.47153465346534656,"Tomlin, Josh"
458708,CU,69.89999999999999,242.39999999999998,0.28836633663366334,"Tomlin, Josh"
458708,FF,54.6,242.39999999999998,0.22524752475247528,"Tomlin, Josh"
458708,CH,3.5999999999999996,242.39999999999998,0.01485148514851485,"Tomlin, Josh"
459429,FF,468.6,546.45,0.8575349986275048,"McGee, Jake"
459429,SL,74.7,546.45,0.13670052154817458,"McGee, Jake"
459429,SI,3.15,546.45,0.005764479824320614,"McGee, Jake"
461325,CH,58.199999999999996,173.85,0.3347713546160483,"Clippard, Tyler"
461325,FF,45.0,173.85,0.25884383088869717,"Clippard, Tyler"
461325,SI,32.7,173.85,0.18809318377911996,"Clippard, Tyler"
461325,FS,26.25,173.85,0.15099223468507333,"Clippard, Tyler"
461325,CU,8.25,173.85,0.04745470232959448,"Clippard, Tyler"
461325,SL,3.4499999999999997,173.85,0.01984469370146678,"Clippard, Tyler"
461865,OTHER,4.5,4.5,1.0,"Romine, Andrew"
461872,SL,33.3,59.699999999999996,0.5577889447236181,"Swarzak, Anthony"
461872,FF,25.5,59.699999999999996,0.4271356783919598,"Swarzak, Anthony"
461872,SI,0.8999999999999999,59.699999999999996,0.01507537688442211,"Swarzak, Anthony"
465657,FF,107.7,181.5,0.5933884297520662,"Soria, Joakim"
465657,SL,38.699999999999996,181.5,0.21322314049586774,"Soria, Joakim"
465657,CH,26.099999999999998,181.5,0.14380165289256197,"Soria, Joakim"
465657,CU,7.8,181.5,0.04297520661157025,"Soria, Joakim"
465657,SI,1.2,181.5,0.006611570247933884,"Soria, Joakim"
467008,FC,4.5,13.5,0.3333333333333333,"Strop, Pedro"
467008,SL,3.9,13.5,0.28888888888888886,"Strop, Pedro"
467008,FF,2.6999999999999997,13.5,0.19999999999999998,"Strop, Pedro"
467008,SI,2.4,13.5,0.17777777777777778,"Strop, Pedro"
468504,SI,241.05,688.2,0.35026155187445507,"Chacín, Jhoulys"
468504,CU,205.95,688.2,0.2992589363557105,"Chacín, Jhoulys"
468504,FC,164.55,688.2,0.2391020052310375,"Chacín, Jhoulys"
468504,FF,51.75,688.2,0.07519616390584132,"Chacín, Jhoulys"
468504,CH,20.85,688.2,0.03029642545771578,"Chacín, Jhoulys"
468504,SL,4.05,688.2,0.005884917175239755,"Chacín, Jhoulys"
471911,FF,1316.5,4494.55,0.2929103024774449,"Carrasco, Carlos"
471911,CH,1115.2,4494.55,0.24812272641310032,"Carrasco, Carlos"
471911,SL,1036.65,4494.55,0.23064600460557788,"Carrasco, Carlos"
471911,SI,663.05,4494.55,0.14752311132371426,"Carrasco, Carlos"
471911,CU,312.35,4494.55,0.06949527761399918,"Carrasco, Carlos"
471911,ST,46.9,4494.55,0.010434859997107608,"Carrasco, Carlos"
471911,FC,3.9000000000000004,4494.55,0.0008677175690558566,"Carrasco, Carlos"
472551,SI,91.75,181.35,0.5059277639922801,"Abad, Fernando"
472551,KC,38.35,181.35,0.21146953405017924,"Abad, Fernando"
472551,CH,26.45,181.35,0.1458505652054039,"Abad, Fernando"
472551,FF,20.0,181.35,0.11028398125172319,"Abad, Fernando"
472551,FC,4.8,181.35,0.026468155500413565,"Abad, Fernando"
472610,SI,1364.65,2777.7,0.4912877560571697,"García, Luis"
472610,ST,661.3,2777.7,0.23807466609065053,"García, Luis"
472610,FS,439.55,2777.7,0.15824243078806208,"García, Luis"
472610,SL,161.25,2777.7,0.05805162544551248,"García, Luis"
472610,FF,135.65,2777.7,0.04883536739028693,"García, Luis"
472610,FC,14.45,2777.7,0.005202145660078482,"García, Luis"
472610,OTHER,0.85,2777.7,0.0003060085682399107,"García, Luis"
474463,SI,203.7,452.4,0.45026525198938994,"Anderson, Brett"
474463,CH,116.1,452.4,0.256631299734748,"Anderson, Brett"
474463,KC,58.5,452.4,0.12931034482758622,"Anderson, Brett"
474463,FC,36.9,452.4,0.08156498673740054,"Anderson, Brett"
474463,SL,34.199999999999996,452.4,0.07559681697612732,"Anderson, Brett"
474463,FF,3.0,452.4,0.006631299734748011,"Anderson, Brett"
475054,ST,3.5999999999999996,6.8999999999999995,0.5217391304347826,"Roe, Chaz"
475054,SI,3.3,6.8999999999999995,0.4782608695652174,"Roe, Chaz"
475479,FF,172.05,580.95,0.29615285308546346,"Phelps, David"
475479,KC,153.3,580.95,0.2638781306480764,"Phelps, David"
475479,FC,146.85,580.95,0.25277562612961524,"Phelps, David"
475479,SI,67.2,580.95,0.11567260521559514,"Phelps, David"
475479,CH,41.550000000000004,580.95,0.07152078492124968,"Phelps, David"
476454,FF,3.5999999999999996,6.3,0.5714285714285714,"Betances, Dellin"
476454,KC,2.6999999999999997,6.3,0.42857142857142855,"Betances, Dellin"
476594,FF,36.9,109.39999999999999,0.3372943327239488,"Stock, Robert"
476594,FC,32.6,109.39999999999999,0.29798903107861063,"Stock, Robert"
476594,SI,19.0,109.39999999999999,0.1736745886654479,"Stock, Robert"
476594,CH,9.0,109.39999999999999,0.08226691042047532,"Stock, Robert"
476594,SL,6.0,109.39999999999999,0.05484460694698355,"Stock, Robert"
476594,ST,5.0,109.39999999999999,0.045703839122486295,"Stock, Robert"
476594,CU,0.8999999999999999,109.39999999999999,0.008226691042047532,"Stock, Robert"
476595,FC,561.75,995.35,0.5643743406841815,"Luetge, Lucas"
476595,ST,204.65,995.35,0.20560606821721003,"Luetge, Lucas"
476595,CU,143.95,995.35,0.14462249459988946,"Luetge, Lucas"
476595,SL,77.7,995.35,0.07806299291706435,"Luetge, Lucas"
476595,SI,4.55,995.35,0.004571256341990255,"Luetge, Lucas"
476595,FF,2.75,995.35,0.0027628472396644395,"Luetge, Lucas"
477132,SL,2101.45,4886.0,0.4300961932050757,"Kershaw, Clayton"
477132,FF,1775.2,4886.0,0.36332378223495704,"Kershaw, Clayton"
477132,CU,832.95,4886.0,0.17047687269750308,"Kershaw, Clayton"
477132,FS,120.4,4886.0,0.024641833810888254,"Kershaw, Clayton"
477132,CH,31.400000000000002,4886.0,0.0064265247646336475,"Kershaw, Clayton"
477132,SI,20.95,4886.0,0.004287760949652067,"Kershaw, Clayton"
477132,OTHER,3.65,4886.0,0.0007470323372902169,"Kershaw, Clayton"
488748,FF,45.3,88.2,0.5136054421768707,"Buchter, Ryan"
488748,CU,33.0,88.2,0.37414965986394555,"Buchter, Ryan"
488748,FC,9.9,88.2,0.11224489795918367,"Buchter, Ryan"
488984,FC,158.4,415.95,0.38081500180310135,"Hunter, Tommy"
488984,SI,157.25,415.95,0.37805024642384905,"Hunter, Tommy"
488984,CU,58.65,415.95,0.14100252434186802,"Hunter, Tommy"
488984,FF,25.6,415.95,0.061545858877268905,"Hunter, Tommy"
488984,CH,16.05,415.95,0.03858636855391273,"Hunter, Tommy"
489119,FC,1119.45,2555.05,0.4381323261775699,"Miley, Wade"
489119,CH,658.65,2555.05,0.2577836050175143,"Miley, Wade"
489119,FF,463.95,2555.05,0.1815815737461106,"Miley, Wade"
489119,SL,119.85,2555.05,0.04690710553609518,"Miley, Wade"
489119,SI,118.0,2555.05,0.04618304925539617,"Miley, Wade"
489119,CU,65.3,2555.05,0.02555722979980822,"Miley, Wade"
489119,ST,9.55,2555.05,0.0037376959355002837,"Miley, Wade"
489119,OTHER,0.3,2555.05,0.0001174145320052445,"Miley, Wade"
489265,SL,250.35,463.65,0.5399547072144937,"Romo, Sergio"
489265,SI,148.35,463.65,0.31996117761242315,"Romo, Sergio"
489265,CH,54.0,463.65,0.11646716273050793,"Romo, Sergio"
489265,FF,10.95,463.65,0.02361695244257522,"Romo, Sergio"
489334,SI,347.55,707.85,0.4909938546302183,"Stammen, Craig"
489334,FC,154.95,707.85,0.21890230981140069,"Stammen, Craig"
489334,KC,141.75,707.85,0.20025429116338206,"Stammen, Craig"
489334,SL,39.300000000000004,707.85,0.05552023733841916,"Stammen, Craig"
489334,FF,13.95,707.85,0.019707565162110616,"Stammen, Craig"
489334,CH,10.35,707.85,0.014621741894469166,"Stammen, Craig"
489446,FF,1326.45,2306.7,0.5750422681753155,"Yates, Kirby"
489446,FS,963.0,2306.7,0.41747951619196255,"Yates, Kirby"
489446,ST,9.1,2306.7,0.003945029696102657,"Yates, Kirby"
489446,SL,6.0,2306.7,0.0026011184809468075,"Yates, Kirby"
489446,OTHER,2.15,2306.7,0.000932067455672606,"Yates, Kirby"
491624,CH,183.15,244.65,0.7486204782342122,"Valdez, César"
491624,SI,28.65,244.65,0.11710606989576945,"Valdez, César"
491624,FF,20.7,244.65,0.08461066830165542,"Valdez, César"
491624,SL,12.15,244.65,0.04966278356836297,"Valdez, César"
491703,FF,14.1,20.099999999999998,0.7014925373134329,"Feliz, Neftalí"
491703,SL,3.5999999999999996,20.099999999999998,0.1791044776119403,"Feliz, Neftalí"
491703,CH,2.4,20.099999999999998,0.11940298507462688,"Feliz, Neftalí"
493603,ST,881.95,2368.2,0.37241364749598854,"Ottavino, Adam"
493603,SI,796.65,2368.2,0.33639473017481636,"Ottavino, Adam"
493603,FF,261.8,2368.2,0.1105480956000338,"Ottavino, Adam"
493603,FC,227.5,2368.2,0.09606452157756946,"Ottavino, Adam"
493603,CH,172.6,2368.2,0.0728823579089604,"Ottavino, Adam"
493603,SL,18.5,2368.2,0.007811840216197957,"Ottavino, Adam"
493603,CU,9.2,2368.2,0.003884807026433578,"Ottavino, Adam"
500610,FF,122.69999999999999,325.8,0.37661141804788206,"Guerra, Deolis"
500610,CH,100.8,325.8,0.30939226519337015,"Guerra, Deolis"
500610,SL,46.199999999999996,325.8,0.14180478821362796,"Guerra, Deolis"
500610,CU,30.599999999999998,325.8,0.09392265193370165,"Guerra, Deolis"
500610,SI,25.5,325.8,0.07826887661141804,"Guerra, Deolis"
500743,OTHER,104.95,104.95,1.0,"Rojas, Miguel"
500779,SI,2204.05,6998.75,0.3149205215217003,"Quintana, Jose"
500779,FF,1598.5,6998.75,0.22839792820146454,"Quintana, Jose"
500779,CH,1392.1,6998.75,0.19890694766922665,"Quintana, Jose"
500779,CU,1311.3,6998.75,0.18736202893373816,"Quintana, Jose"
500779,SV,492.8,6998.75,0.07041257367387034,"Quintana, Jose"
500871,OTHER,28.6,28.6,1.0,"Escobar, Eduardo"
501303,OTHER,5.4,5.4,1.0,"Adrianza, Ehire"
501381,FF,472.35,841.05,0.5616194043160336,"Pineda, Michael"
501381,SL,218.85,841.05,0.2602104512216872,"Pineda, Michael"
501381,CH,149.85,841.05,0.1781701444622793,"Pineda, Michael"
501593,CH,16.5,32.4,0.5092592592592593,"Avilán, Luis"
501593,SI,13.799999999999999,32.4,0.42592592592592593,"Avilán, Luis"
501593,CU,2.1,32.4,0.06481481481481483,"Avilán, Luis"
501625,SI,193.79999999999998,413.84999999999997,0.4682856107285248,"Alvarez, Jose"
501625,CH,124.8,413.84999999999997,0.30155853570134106,"Alvarez, Jose"
501625,FF,42.6,413.84999999999997,0.10293584632113086,"Alvarez, Jose"
501625,SL,42.15,413.84999999999997,0.10184849583182314,"Alvarez, Jose"
501625,FC,10.5,413.84999999999997,0.02537151141718014,"Alvarez, Jose"
501789,FC,31.799999999999997,40.5,0.7851851851851851,"Harris, Will"
501789,CU,7.8,40.5,0.1925925925925926,"Harris, Will"
501789,FF,0.8999999999999999,40.5,0.02222222222222222,"Harris, Will"
501925,SI,168.45,414.15,0.4067366896052155,"Smith, Joe"
501925,SL,126.6,414.15,0.305686345526983,"Smith, Joe"
501925,FF,114.9,414.15,0.27743571169865994,"Smith, Joe"
501925,CH,4.2,414.15,0.010141253169141617,"Smith, Joe"
501985,FF,662.25,1573.8,0.4207967975600458,"Minor, Mike"
501985,SL,367.65,1573.8,0.23360655737704916,"Minor, Mike"
501985,CH,335.25,1573.8,0.21301944338543652,"Minor, Mike"
501985,KC,205.2,1573.8,0.1303850552802135,"Minor, Mike"
501985,SI,3.45,1573.8,0.0021921463972550516,"Minor, Mike"
502042,SL,407.85,924.75,0.4410381184103812,"Archer, Chris"
502042,FF,343.35,924.75,0.3712895377128954,"Archer, Chris"
502042,CH,130.95,924.75,0.1416058394160584,"Archer, Chris"
502042,CU,42.6,924.75,0.04606650446066505,"Archer, Chris"
502043,SI,1876.05,6682.0,0.2807617479796468,"Gibson, Kyle"
502043,FC,1243.05,6682.0,0.18602963184675247,"Gibson, Kyle"
502043,ST,949.55,6682.0,0.14210565698892547,"Gibson, Kyle"
502043,FF,858.0,6682.0,0.12840466926070038,"Gibson, Kyle"
502043,CH,848.15,6682.0,0.12693055971266087,"Gibson, Kyle"
502043,CU,562.0,6682.0,0.08410655492367555,"Gibson, Kyle"
502043,SL,345.2,6682.0,0.05166117928763843,"Gibson, Kyle"
502083,FF,42.25,79.95,0.5284552845528455,"McAllister, Zach"
502083,FC,22.75,79.95,0.2845528455284553,"McAllister, Zach"
502083,CH,5.8500000000000005,79.95,0.07317073170731708,"McAllister, Zach"
502083,ST,5.8500000000000005,79.95,0.07317073170731708,"McAllister, Zach"
502083,SI,3.25,79.95,0.04065040650406504,"McAllister, Zach"
502085,FC,1474.5,2575.65,0.5724768505037563,"Robertson, David"
502085,KC,693.5,2575.65,0.26925242171878944,"Robertson, David"
502085,SL,348.0,2575.65,0.13511152524605438,"Robertson, David"
502085,CH,30.6,2575.65,0.011880496185428921,"Robertson, David"
502085,SI,28.75,2575.65,0.011162230893172597,"Robertson, David"
502085,FF,0.3,2575.65,0.00011647545279832275,"Robertson, David"
502154,SI,95.7,115.64999999999999,0.827496757457847,"Britton, Zack"
502154,SL,19.05,115.64999999999999,0.1647211413748379,"Britton, Zack"
502154,FF,0.9,115.64999999999999,0.007782101167315176,"Britton, Zack"
502171,SI,1383.95,3396.4,0.40747556236014604,"Cobb, Alex"
502171,FS,1359.3500000000001,3396.4,0.40023259922270643,"Cobb, Alex"
502171,KC,532.9,3396.4,0.1569014250382758,"Cobb, Alex"
502171,SL,85.75,3396.4,0.025247320692497938,"Cobb, Alex"
502171,FF,34.15,3396.4,0.010054763867624543,"Cobb, Alex"
502171,OTHER,0.3,3396.4,8.832881874926391e-05,"Cobb, Alex"
502179,FF,759.55,1563.3,0.48586323802213266,"Espino, Paolo"
502179,CU,402.35,1563.3,0.2573722254205847,"Espino, Paolo"
502179,ST,303.75,1563.3,0.19430051813471502,"Espino, Paolo"
502179,CH,94.65,1563.3,0.06054500095950874,"Espino, Paolo"
502179,SL,2.4,1563.3,0.001535213970447131,"Espino, Paolo"
502179,SI,0.6,1563.3,0.00038380349261178274,"Espino, Paolo"
502202,FF,568.6,1030.95,0.5515301421019448,"Boxberger, Brad"
502202,SL,256.8,1030.95,0.24909064455114216,"Boxberger, Brad"
502202,CH,205.55,1030.95,0.19937921334691305,"Boxberger, Brad"
502210,OTHER,4.8,5.1,0.9411764705882353,"Reddick, Josh"
502210,SL,0.3,5.1,0.058823529411764705,"Reddick, Josh"
502239,SI,59.4,199.5,0.29774436090225564,"Cahill, Trevor"
502239,CH,47.699999999999996,199.5,0.23909774436090223,"Cahill, Trevor"
502239,KC,43.199999999999996,199.5,0.21654135338345862,"Cahill, Trevor"
502239,FC,36.9,199.5,0.18496240601503758,"Cahill, Trevor"
502239,FF,12.299999999999999,199.5,0.06165413533834586,"Cahill, Trevor"
502273,SL,1.2,1.2,1.0,"Freeman, Mike"
502327,FF,96.3,147.29999999999998,0.6537678207739308,"Santiago, Héctor"
502327,CH,37.5,147.29999999999998,0.25458248472505096,"Santiago, Héctor"
502327,SL,10.799999999999999,147.29999999999998,0.07331975560081466,"Santiago, Héctor"
502327,SI,2.4,147.29999999999998,0.01629327902240326,"Santiago, Héctor"
502327,CU,0.3,147.29999999999998,0.0020366598778004076,"Santiago, Héctor"
502522,FF,46.5,88.5,0.5254237288135594,"Miller, Justin"
502522,SL,24.599999999999998,88.5,0.27796610169491526,"Miller, Justin"
502522,SI,17.4,88.5,0.1966101694915254,"Miller, Justin"
502593,SI,21.3,40.5,0.5259259259259259,"Petricka, Jake"
502593,CH,14.7,40.5,0.36296296296296293,"Petricka, Jake"
502593,SL,4.5,40.5,0.1111111111111111,"Petricka, Jake"
502624,FC,630.35,2295.1,0.2746503420330269,"Anderson, Chase"
502624,CH,619.45,2295.1,0.26990109363426434,"Anderson, Chase"
502624,FF,507.95,2295.1,0.221319332490959,"Anderson, Chase"
502624,ST,214.7,2295.1,0.09354712212975469,"Anderson, Chase"
502624,SI,183.65,2295.1,0.08001829985621542,"Anderson, Chase"
502624,CU,116.1,2295.1,0.05058603110975556,"Anderson, Chase"
502624,SL,22.9,2295.1,0.009977778746024138,"Anderson, Chase"
502706,SI,117.3,250.5,0.4682634730538922,"Holland, Derek"
502706,KC,84.6,250.5,0.3377245508982036,"Holland, Derek"
502706,FF,24.599999999999998,250.5,0.09820359281437124,"Holland, Derek"
502706,CH,24.0,250.5,0.09580838323353294,"Holland, Derek"
502748,ST,9.0,28.5,0.3157894736842105,"Peacock, Brad"
502748,FF,6.3,28.5,0.22105263157894736,"Peacock, Brad"
502748,SI,6.3,28.5,0.22105263157894736,"Peacock, Brad"
502748,CH,6.0,28.5,0.21052631578947367,"Peacock, Brad"
502748,KC,0.8999999999999999,28.5,0.03157894736842105,"Peacock, Brad"
503285,SL,110.4,229.95,0.48010437051532945,"O'Day, Darren"
503285,FF,101.4,229.95,0.44096542726679716,"O'Day, Darren"
503285,SI,18.15,229.95,0.07893020221787345,"O'Day, Darren"
503449,SI,209.85,778.5,0.26955684007707126,"Peralta, Wily"
503449,FF,201.6,778.5,0.2589595375722543,"Peralta, Wily"
503449,SL,197.25,778.5,0.25337186897880537,"Peralta, Wily"
503449,FS,169.8,778.5,0.218111753371869,"Peralta, Wily"
503556,OTHER,3.9,5.1,0.7647058823529412,"Gonzalez, Marwin"
503556,FC,0.9,5.1,0.17647058823529413,"Gonzalez, Marwin"
503556,CU,0.3,5.1,0.058823529411764705,"Gonzalez, Marwin"
503569,SI,117.89999999999999,181.5,0.6495867768595041,"Dolis, Rafael"
503569,SL,41.699999999999996,181.5,0.22975206611570245,"Dolis, Rafael"
503569,FS,21.599999999999998,181.5,0.1190082644628099,"Dolis, Rafael"
503569,FF,0.3,181.5,0.001652892561983471,"Dolis, Rafael"
505447,SL,4.2,10.5,0.4,"Dickson, Brandon"
505447,SI,3.3,10.5,0.3142857142857143,"Dickson, Brandon"
505447,FF,2.6999999999999997,10.5,0.2571428571428571,"Dickson, Brandon"
505447,CH,0.3,10.5,0.02857142857142857,"Dickson, Brandon"
506433,SL,1329.6,5732.7,0.23193259720550524,"Darvish, Yu"
506433,FF,1132.6,5732.7,0.19756833603712037,"Darvish, Yu"
506433,ST,909.5,5732.7,0.1586512463586094,"Darvish, Yu"
506433,SI,845.55,5732.7,0.14749594431943064,"Darvish, Yu"
506433,CU,415.0,5732.7,0.0723917176897448,"Darvish, Yu"
506433,FS,410.55,5732.7,0.071615469150662,"Darvish, Yu"
506433,FC,389.65,5732.7,0.06796971758508207,"Darvish, Yu"
506433,KC,237.95,5732.7,0.0415074921066862,"Darvish, Yu"
506433,CH,58.6,5732.7,0.010222059413539868,"Darvish, Yu"
506433,OTHER,3.7,5732.7,0.0006454201336194115,"Darvish, Yu"
506702,OTHER,40.65,40.65,1.0,"León, Sandy"
517008,FC,561.7,742.15,0.7568550832042041,"Colomé, Alex"
517008,FF,178.2,742.15,0.2401131846661726,"Colomé, Alex"
517008,CH,1.7999999999999998,742.15,0.002425385703698713,"Colomé, Alex"
517008,SI,0.45,742.15,0.0006063464259246784,"Colomé, Alex"
518397,SI,953.8,1384.2,0.6890622742378268,"Alexander, Scott"
518397,SL,265.6,1384.2,0.19187978615806967,"Alexander, Scott"
518397,CH,161.95,1384.2,0.11699898858546452,"Alexander, Scott"
518397,FF,2.85,1384.2,0.002058951018638925,"Alexander, Scott"
518435,FF,9.6,14.399999999999999,0.6666666666666667,"Barreda, Manny"
518435,SL,3.9,14.399999999999999,0.27083333333333337,"Barreda, Manny"
518435,CH,0.8999999999999999,14.399999999999999,0.0625,"Barreda, Manny"
518489,FF,665.8,1755.95,0.379167971753182,"Brasier, Ryan"
518489,SL,663.3,1755.95,0.37774424100914034,"Brasier, Ryan"
518489,SI,251.25,1755.95,0.14308493977618952,"Brasier, Ryan"
518489,FC,166.45,1755.95,0.0947919929382955,"Brasier, Ryan"
518489,CH,5.8500000000000005,1755.95,0.0033315299410575476,"Brasier, Ryan"
518489,CU,3.3,1755.95,0.0018793245821350265,"Brasier, Ryan"
518516,FC,772.0,2162.2,0.35704375173434466,"Bumgarner, Madison"
518516,FF,698.05,2162.2,0.322842475256683,"Bumgarner, Madison"
518516,CU,426.75,2162.2,0.19736842105263158,"Bumgarner, Madison"
518516,CH,222.05,2162.2,0.10269632781426326,"Bumgarner, Madison"
518516,SI,39.9,2162.2,0.018453427065026364,"Bumgarner, Madison"
518516,SL,2.25,2162.2,0.001040606789381186,"Bumgarner, Madison"
518516,OTHER,1.2,2162.2,0.0005549902876699658,"Bumgarner, Madison"
518553,SL,340.5,898.95,0.37877523777740696,"Cishek, Steve"
518553,SI,333.45,898.95,0.3709327548806941,"Cishek, Steve"
518553,FF,221.85,898.95,0.24678791923911228,"Cishek, Steve"
518553,CH,3.15,898.95,0.003504088102786584,"Cishek, Steve"
518585,FS,1169.85,2593.9,0.45100042407186086,"Cruz, Fernando"
518585,FF,761.95,2593.9,0.2937468676510274,"Cruz, Fernando"
518585,FC,459.65,2593.9,0.17720420987701915,"Cruz, Fernando"
518585,SI,117.05,2593.9,0.0451251011989668,"Cruz, Fernando"
518585,SL,85.4,2593.9,0.03292339720112572,"Cruz, Fernando"
518586,OTHER,15.9,17.1,0.9298245614035087,"Culberson, Charlie"
518586,CU,0.45,17.1,0.02631578947368421,"Culberson, Charlie"
518586,SL,0.45,17.1,0.02631578947368421,"Culberson, Charlie"
518586,FC,0.3,17.1,0.017543859649122806,"Culberson, Charlie"
518617,FF,877.0,2046.0,0.4286412512218964,"Diekman, Jake"
518617,ST,562.35,2046.0,0.2748533724340176,"Diekman, Jake"
518617,SI,429.5,2046.0,0.20992179863147606,"Diekman, Jake"
518617,CH,156.35,2046.0,0.07641739980449658,"Diekman, Jake"
518617,FC,20.8,2046.0,0.010166177908113392,"Diekman, Jake"
518626,OTHER,5.2,7.15,0.7272727272727273,"Donaldson, Josh"
518626,CH,1.9500000000000002,7.15,0.27272727272727276,"Donaldson, Josh"
518633,FF,129.6,302.7,0.42814667988107036,"Duffy, Danny"
518633,SL,55.199999999999996,302.7,0.1823587710604559,"Duffy, Danny"
518633,CH,46.5,302.7,0.15361744301288405,"Duffy, Danny"
518633,SI,38.699999999999996,302.7,0.1278493557978196,"Duffy, Danny"
518633,CU,32.699999999999996,302.7,0.10802775024777006,"Duffy, Danny"
518748,FF,51.300000000000004,124.65,0.41155234657039713,"Grimm, Justin"
518748,SL,47.25,124.65,0.37906137184115524,"Grimm, Justin"
518748,CU,26.1,124.65,0.20938628158844766,"Grimm, Justin"
518774,FF,228.0,669.6,0.34050179211469533,"Harvey, Matt"
518774,SI,139.2,669.6,0.20788530465949817,"Harvey, Matt"
518774,SL,129.29999999999998,669.6,0.19310035842293904,"Harvey, Matt"
518774,CU,93.6,669.6,0.13978494623655913,"Harvey, Matt"
518774,CH,79.5,669.6,0.11872759856630824,"Harvey, Matt"
518813,SL,167.1,335.09999999999997,0.4986571172784244,"Holland, Greg"
518813,FF,131.4,335.09999999999997,0.3921217547000896,"Holland, Greg"
518813,CU,36.6,335.09999999999997,0.10922112802148613,"Holland, Greg"
518858,SI,33.9,92.7,0.3656957928802589,"Jones, Nate"
518858,SL,33.6,92.7,0.36245954692556637,"Jones, Nate"
518858,FF,24.3,92.7,0.2621359223300971,"Jones, Nate"
518858,CH,0.8999999999999999,92.7,0.009708737864077669,"Jones, Nate"
518876,FF,1997.55,7562.75,0.26413011140127596,"Kelly, Merrill"
518876,CH,1781.75,7562.75,0.2355955175035536,"Kelly, Merrill"
518876,FC,1464.85,7562.75,0.19369277048692604,"Kelly, Merrill"
518876,SI,1077.05,7562.75,0.14241512677266865,"Kelly, Merrill"
518876,CU,851.1,7562.75,0.11253842848170309,"Kelly, Merrill"
518876,SL,390.0,7562.75,0.05156854318865492,"Kelly, Merrill"
518876,OTHER,0.45,7562.75,5.950216521767876e-05,"Kelly, Merrill"
518886,FF,1691.65,2573.0,0.6574621064904781,"Kimbrel, Craig"
518886,KC,763.25,2573.0,0.2966381655654878,"Kimbrel, Craig"
518886,ST,100.85,2573.0,0.039195491643995335,"Kimbrel, Craig"
518886,CH,16.25,2573.0,0.006315584920326467,"Kimbrel, Craig"
518886,FC,1.0,2573.0,0.000388651379712398,"Kimbrel, Craig"
519008,SI,715.95,1319.5,0.542591890867753,"McFarland, T.J."
519008,ST,358.15,1319.5,0.2714285714285714,"McFarland, T.J."
519008,CH,199.15,1319.5,0.15092838196286473,"McFarland, T.J."
519008,SL,42.75,1319.5,0.03239863584691171,"McFarland, T.J."
519008,FF,2.35,1319.5,0.0017809776430466086,"McFarland, T.J."
519008,FC,1.15,1319.5,0.0008715422508525956,"McFarland, T.J."
519043,FF,1086.2,2203.85,0.4928647593983257,"Moore, Matt"
519043,CH,566.75,2203.85,0.25716360006352523,"Moore, Matt"
519043,KC,511.55,2203.85,0.2321165233568528,"Moore, Matt"
519043,FC,38.699999999999996,2203.85,0.017560178778047508,"Moore, Matt"
519043,SI,0.65,2203.85,0.00029493840324886,"Moore, Matt"
519048,OTHER,3.9,5.1,0.7647058823529412,"Moreland, Mitch"
519048,CH,0.6,5.1,0.11764705882352941,"Moreland, Mitch"
519048,CU,0.6,5.1,0.11764705882352941,"Moreland, Mitch"
519076,KC,54.0,156.9,0.3441682600382409,"Nelson, Jimmy"
519076,FF,51.9,156.9,0.33078393881453155,"Nelson, Jimmy"
519076,SL,51.0,156.9,0.32504780114722753,"Nelson, Jimmy"
519141,FF,733.2,953.0,0.7693599160545646,"Pomeranz, Drew"
519141,KC,219.8,953.0,0.23064008394543548,"Pomeranz, Drew"
519151,FF,856.95,2663.4,0.32175039423293533,"Pressly, Ryan"
519151,SL,833.0,2663.4,0.3127581287076669,"Pressly, Ryan"
519151,CU,676.7,2663.4,0.2540737403319066,"Pressly, Ryan"
519151,CH,192.85,2663.4,0.07240744912517834,"Pressly, Ryan"
519151,SI,96.1,2663.4,0.036081700082601184,"Pressly, Ryan"
519151,FC,7.800000000000001,2663.4,0.002928587519711647,"Pressly, Ryan"
519203,OTHER,3.3,4.5,0.7333333333333333,"Rizzo, Anthony"
519203,CU,1.2,4.5,0.26666666666666666,"Rizzo, Anthony"
519242,SL,2356.25,5621.4,0.41915714946454624,"Sale, Chris"
519242,FF,2284.65,5621.4,0.4064201088696766,"Sale, Chris"
519242,CH,668.05,5621.4,0.11884050236595865,"Sale, Chris"
519242,SI,312.45,5621.4,0.05558223929981855,"Sale, Chris"
519293,SL,878.4,1878.7,0.4675573534891148,"Smith, Will"
519293,FF,714.75,1878.7,0.3804492468196093,"Smith, Will"
519293,CU,186.5,1878.7,0.09927077234257731,"Smith, Will"
519293,CH,96.8,1878.7,0.05152499068504817,"Smith, Will"
519293,SI,2.25,1878.7,0.0011976366636503965,"Smith, Will"
519299,OTHER,20.4,20.4,1.0,"Sogard, Eric"
519326,FF,831.1,2102.5,0.39529131985731275,"Strickland, Hunter"
519326,SL,548.9,2102.5,0.26107015457788346,"Strickland, Hunter"
519326,FC,309.45,2102.5,0.14718192627824017,"Strickland, Hunter"
519326,SI,173.55,2102.5,0.08254458977407848,"Strickland, Hunter"
519326,ST,127.3,2102.5,0.06054696789536266,"Strickland, Hunter"
519326,CH,111.9,2102.5,0.053222354340071346,"Strickland, Hunter"
519326,OTHER,0.3,2102.5,0.0001426872770511296,"Strickland, Hunter"
519443,KC,78.6,154.5,0.5087378640776699,"Workman, Brandon"
519443,FF,54.6,154.5,0.3533980582524272,"Workman, Brandon"
519443,FC,21.3,154.5,0.1378640776699029,"Workman, Brandon"
519455,SL,10.5,24.599999999999998,0.426829268292683,"Zimmermann, Jordan"
519455,SI,8.1,24.599999999999998,0.32926829268292684,"Zimmermann, Jordan"
519455,CH,2.1,24.599999999999998,0.08536585365853659,"Zimmermann, Jordan"
519455,FF,2.1,24.599999999999998,0.08536585365853659,"Zimmermann, Jordan"
519455,CU,1.7999999999999998,24.599999999999998,0.07317073170731707,"Zimmermann, Jordan"
520980,CH,26.1,50.55,0.5163204747774481,"Báez, Pedro"
520980,FF,19.8,50.55,0.39169139465875374,"Báez, Pedro"
520980,SL,4.65,50.55,0.09198813056379823,"Báez, Pedro"
521230,FF,647.3,1046.35,0.6186266545610933,"Hendriks, Liam"
521230,SL,292.35,1046.35,0.27939981841639994,"Hendriks, Liam"
521230,CU,104.95,1046.35,0.10030104649495868,"Hendriks, Liam"
521230,OTHER,1.0,1046.35,0.0009557031585989392,"Hendriks, Liam"
521230,SI,0.45,1046.35,0.00043006642136952266,"Hendriks, Liam"
521230,CH,0.3,1046.35,0.0002867109475796818,"Hendriks, Liam"
523260,SI,448.15,1434.75,0.3123540686530754,"Kelly, Joe"
523260,KC,360.05,1434.75,0.250949642794912,"Kelly, Joe"
523260,SL,267.1,1434.75,0.1861648370796306,"Kelly, Joe"
523260,FF,217.1,1434.75,0.1513155602021258,"Kelly, Joe"
523260,CH,142.35,1434.75,0.09921589127025614,"Kelly, Joe"
527048,SI,2149.5,5952.8,0.3610905792232227,"Pérez, Martín"
527048,CH,1526.85,5952.8,0.2564927429108991,"Pérez, Martín"
527048,FC,1414.55,5952.8,0.23762767101196075,"Pérez, Martín"
527048,CU,473.9,5952.8,0.07960959548447788,"Pérez, Martín"
527048,FF,353.95,5952.8,0.059459414057250366,"Pérez, Martín"
527048,SL,34.050000000000004,5952.8,0.0057199973121892225,"Pérez, Martín"
527054,SI,310.75,786.8000000000001,0.39495424504321297,"Teheran, Julio"
527054,FC,218.5,786.8000000000001,0.2777071682765633,"Teheran, Julio"
527054,CH,89.45,786.8000000000001,0.11368835790543975,"Teheran, Julio"
527054,CU,87.4,786.8000000000001,0.11108286731062532,"Teheran, Julio"
527054,FF,72.60000000000001,786.8000000000001,0.09227249618708694,"Teheran, Julio"
527054,SL,8.1,786.8000000000001,0.010294865277071682,"Teheran, Julio"
527055,SL,20.25,51.75,0.391304347826087,"Vizcaíno, Arodys"
527055,FF,16.650000000000002,51.75,0.32173913043478264,"Vizcaíno, Arodys"
527055,SI,13.950000000000001,51.75,0.26956521739130435,"Vizcaíno, Arodys"
527055,CH,0.9,51.75,0.017391304347826087,"Vizcaíno, Arodys"
528748,SI,240.05,724.2,0.33146920740127034,"Castellanos, Humberto"
528748,CU,154.2,724.2,0.2129246064623032,"Castellanos, Humberto"
528748,FC,144.5,724.2,0.19953051643192488,"Castellanos, Humberto"
528748,FF,105.3,724.2,0.14540182270091134,"Castellanos, Humberto"
528748,CH,80.15,724.2,0.11067384700359018,"Castellanos, Humberto"
533167,FS,106.2,319.2,0.33270676691729323,"Shoemaker, Matt"
533167,SL,78.3,319.2,0.24530075187969924,"Shoemaker, Matt"
533167,FF,78.0,319.2,0.2443609022556391,"Shoemaker, Matt"
533167,SI,52.8,319.2,0.16541353383458646,"Shoemaker, Matt"
533167,KC,3.9,319.2,0.012218045112781954,"Shoemaker, Matt"
534812,FF,2.6999999999999997,6.0,0.44999999999999996,"Quackenbush, Kevin"
534812,CU,2.4,6.0,0.39999999999999997,"Quackenbush, Kevin"
534812,SL,0.8999999999999999,6.0,0.15,"Quackenbush, Kevin"
534910,SI,60.4,105.4,0.573055028462998,"Hahn, Jesse"
534910,ST,17.6,105.4,0.16698292220113853,"Hahn, Jesse"
534910,CU,17.0,105.4,0.16129032258064516,"Hahn, Jesse"
534910,FF,8.0,105.4,0.07590132827324478,"Hahn, Jesse"
534910,SL,2.1,105.4,0.019924098671726755,"Hahn, Jesse"
534910,CH,0.3,105.4,0.0028462998102466793,"Hahn, Jesse"
541640,FC,736.05,1685.4,0.4367212531149875,"Ramírez, Erasmo"
541640,SI,592.5,1685.4,0.35154859380562475,"Ramírez, Erasmo"
541640,CU,121.4,1685.4,0.07203037854515248,"Ramírez, Erasmo"
541640,CH,110.95,1685.4,0.06583007001305329,"Ramírez, Erasmo"
541640,FF,82.65,1685.4,0.04903880384478462,"Ramírez, Erasmo"
541640,SL,34.7,1685.4,0.02058858431232942,"Ramírez, Erasmo"
541640,ST,7.15,1685.4,0.004242316364067877,"Ramírez, Erasmo"
541650,OTHER,4.8,4.8,1.0,"Pérez, Hernán"
542194,OTHER,29.900000000000002,29.900000000000002,1.0,"Bethancourt, Christian"
542208,OTHER,27.3,27.3,1.0,"Pérez, Carlos"
542585,FF,517.45,1389.65,0.37235994674918144,"Cisnero, José"
542585,SI,330.45,1389.65,0.23779368905839599,"Cisnero, José"
542585,SL,262.25,1389.65,0.1887165833123448,"Cisnero, José"
542585,FC,154.3,1389.65,0.1110351527363005,"Cisnero, José"
542585,CH,125.2,1389.65,0.09009462814377721,"Cisnero, José"
542881,FF,3181.6,8244.85,0.38588937336640444,"Anderson, Tyler"
542881,CH,2780.7,8244.85,0.3372650806260878,"Anderson, Tyler"
542881,FC,1714.1,8244.85,0.2078994766429953,"Anderson, Tyler"
542881,SI,396.6,8244.85,0.048102755053154395,"Anderson, Tyler"
542881,SL,140.55,8244.85,0.01704700510015343,"Anderson, Tyler"
542881,CU,31.0,8244.85,0.0037599228609374335,"Anderson, Tyler"
542881,OTHER,0.3,8244.85,3.638635026713645e-05,"Anderson, Tyler"
542882,FF,143.95,331.3,0.43450045276184723,"Andriese, Matt"
542882,CH,87.85,331.3,0.26516752188348924,"Andriese, Matt"
542882,CU,43.449999999999996,331.3,0.13115001509206156,"Andriese, Matt"
542882,FC,33.6,331.3,0.10141865378810745,"Andriese, Matt"
542882,SI,22.45,331.3,0.06776335647449441,"Andriese, Matt"
542888,FF,969.25,3180.65,0.3047333092292456,"Armstrong, Shawn"
542888,FC,933.8,3180.65,0.2935877886595507,"Armstrong, Shawn"
542888,SI,847.5,3180.65,0.2664549698960904,"Armstrong, Shawn"
542888,ST,303.65,3180.65,0.0954679075031833,"Armstrong, Shawn"
542888,SV,126.45,3180.65,0.03975602471192995,"Armstrong, Shawn"
542914,SL,503.65,933.55,0.5394997589845214,"Bass, Anthony"
542914,SI,312.85,933.55,0.3351186331744417,"Bass, Anthony"
542914,FF,83.1,933.55,0.08901505007766054,"Bass, Anthony"
542914,FS,33.95,933.55,0.03636655776337636,"Bass, Anthony"
542932,OTHER,51.0,51.0,1.0,"Berti, Jon"
542947,SI,422.2,855.15,0.49371455300239725,"Bleier, Richard"
542947,FC,245.3,855.15,0.2868502601882711,"Bleier, Richard"
542947,SL,111.05,855.15,0.12986025843419283,"Bleier, Richard"
542947,FF,34.0,855.15,0.039759106589487225,"Bleier, Richard"
542947,CH,26.55,855.15,0.03104718470443782,"Bleier, Richard"
542947,FS,16.05,855.15,0.018768637081213825,"Bleier, Richard"
542960,FF,82.5,173.7,0.4749568221070812,"Brach, Brad"
542960,CH,62.4,173.7,0.3592400690846287,"Brach, Brad"
542960,SL,22.5,173.7,0.1295336787564767,"Brach, Brad"
542960,SI,6.0,173.7,0.03454231433506045,"Brach, Brad"
542960,FC,0.3,173.7,0.0017271157167530226,"Brach, Brad"
542992,CH,4.2,7.199999999999999,0.5833333333333334,"Burns, Andy"
542992,OTHER,2.1,7.199999999999999,0.2916666666666667,"Burns, Andy"
542992,CU,0.8999999999999999,7.199999999999999,0.125,"Burns, Andy"
543022,SI,81.6,177.29999999999998,0.46023688663282575,"Chatwood, Tyler"
543022,FC,64.2,177.29999999999998,0.362098138747885,"Chatwood, Tyler"
543022,FF,14.1,177.29999999999998,0.07952622673434857,"Chatwood, Tyler"
543022,CU,11.1,177.29999999999998,0.06260575296108291,"Chatwood, Tyler"
543022,CH,6.3,177.29999999999998,0.03553299492385787,"Chatwood, Tyler"
543037,FF,2907.75,5850.6,0.4970003076607527,"Cole, Gerrit"
543037,SL,1182.6,5850.6,0.20213311455235358,"Cole, Gerrit"
543037,KC,818.35,5850.6,0.1398745427819369,"Cole, Gerrit"
543037,FC,463.85,5850.6,0.07928246675554644,"Cole, Gerrit"
543037,CH,451.2,5850.6,0.07712029535432263,"Cole, Gerrit"
543037,SI,26.849999999999998,5850.6,0.004589272895087683,"Cole, Gerrit"
543045,FF,48.0,88.8,0.5405405405405406,"Conley, Adam"
543045,CH,25.5,88.8,0.28716216216216217,"Conley, Adam"
543045,SL,15.299999999999999,88.8,0.17229729729729729,"Conley, Adam"
543056,FC,626.1,1888.9,0.3314627561014347,"Coulombe, Danny"
543056,ST,336.95,1888.9,0.17838424479856,"Coulombe, Danny"
543056,FF,321.25,1888.9,0.17007252898512362,"Coulombe, Danny"
543056,SI,306.8,1888.9,0.1624225739848589,"Coulombe, Danny"
543056,KC,177.5,1888.9,0.09397003547037958,"Coulombe, Danny"
543056,SL,88.64999999999999,1888.9,0.04693207687013605,"Coulombe, Danny"
543056,CH,31.650000000000002,1888.9,0.01675578378950712,"Coulombe, Danny"
543063,FF,35.65,42.75,0.8339181286549707,"Crawford, Brandon"
543063,CU,4.1,42.75,0.09590643274853801,"Crawford, Brandon"
543063,CH,1.7,42.75,0.039766081871345026,"Crawford, Brandon"
543063,OTHER,0.65,42.75,0.0152046783625731,"Crawford, Brandon"
543063,SL,0.65,42.75,0.0152046783625731,"Crawford, Brandon"
543101,SL,922.15,2556.95,0.36064451788263363,"DeSclafani, Anthony"
543101,SI,564.45,2556.95,0.22075128571149225,"DeSclafani, Anthony"
543101,FF,481.55,2556.95,0.1883298461057119,"DeSclafani, Anthony"
543101,KC,269.4,2556.95,0.10535990144508105,"DeSclafani, Anthony"
543101,CH,187.75,2556.95,0.07342732552455074,"DeSclafani, Anthony"
543101,FS,129.0,2556.95,0.050450732317800506,"DeSclafani, Anthony"
543101,ST,2.0,2556.95,0.0007821818964000079,"DeSclafani, Anthony"
543101,OTHER,0.65,2556.95,0.0002542091163300026,"DeSclafani, Anthony"
543135,FF,2441.3,7182.35,0.33990267809282476,"Eovaldi, Nathan"
543135,FS,1951.65,7182.35,0.27172861250147934,"Eovaldi, Nathan"
543135,CU,1176.45,7182.35,0.16379736437238507,"Eovaldi, Nathan"
543135,FC,1155.05,7182.35,0.1608178381727429,"Eovaldi, Nathan"
543135,SL,356.55,7182.35,0.04964252647114106,"Eovaldi, Nathan"
543135,SI,101.35,7182.35,0.014110980389426857,"Eovaldi, Nathan"
543238,FF,180.95,283.9,0.6373723141951392,"Gose, Anthony"
543238,SL,102.5,283.9,0.36104262064107084,"Gose, Anthony"
543238,CH,0.45,283.9,0.001585065163790067,"Gose, Anthony"
543243,FF,1992.55,8171.9,0.2438294643840478,"Gray, Sonny"
543243,SI,1570.45,8171.9,0.19217684993697917,"Gray, Sonny"
543243,ST,1521.85,8171.9,0.18622964059765781,"Gray, Sonny"
543243,CU,1446.0,8171.9,0.1769478334291903,"Gray, Sonny"
543243,FC,953.9,8171.9,0.11672927960449835,"Gray, Sonny"
543243,CH,511.9,8171.9,0.06264149096293396,"Gray, Sonny"
543243,SL,162.6,8171.9,0.019897453468593597,"Gray, Sonny"
543243,OTHER,12.65,8171.9,0.0015479876160990713,"Gray, Sonny"
543258,FS,4.5,8.7,0.5172413793103449,"Guilmet, Preston"
543258,FF,3.3,8.7,0.37931034482758624,"Guilmet, Preston"
543258,SL,0.8999999999999999,8.7,0.10344827586206896,"Guilmet, Preston"
543272,ST,645.2,1317.0,0.4899012908124526,"Hand, Brad"
543272,FF,434.4,1317.0,0.3298405466970387,"Hand, Brad"
543272,SI,237.4,1317.0,0.18025816249050874,"Hand, Brad"
543278,FC,4.5,9.299999999999999,0.48387096774193555,"Hardy, Blaine"
543278,CH,3.9,9.299999999999999,0.41935483870967744,"Hardy, Blaine"
543278,CU,0.6,9.299999999999999,0.06451612903225806,"Hardy, Blaine"
543278,FF,0.3,9.299999999999999,0.03225806451612903,"Hardy, Blaine"
543281,OTHER,54.25,54.25,1.0,"Harrison, Josh"
543294,CH,2658.3,7178.0,0.3703399275564224,"Hendricks, Kyle"
543294,SI,2636.65,7178.0,0.36732376706603515,"Hendricks, Kyle"
543294,FF,1209.4,7178.0,0.16848704374477572,"Hendricks, Kyle"
543294,CU,671.0,7178.0,0.09348007801616048,"Hendricks, Kyle"
543294,OTHER,2.65,7178.0,0.00036918361660629703,"Hendricks, Kyle"
543305,OTHER,15.299999999999999,15.299999999999999,1.0,"Hicks, Aaron"
543339,FF,698.55,1295.8,0.5390878221947831,"Hudson, Daniel"
543339,SL,502.3,1295.8,0.38763698101558886,"Hudson, Daniel"
543339,SI,51.9,1295.8,0.04005247723414107,"Hudson, Daniel"
543339,CH,43.05,1295.8,0.03322271955548696,"Hudson, Daniel"
543351,SL,458.7,784.65,0.5845918562416365,"Jackson, Jay"
543351,FF,250.8,784.65,0.31963295736952785,"Jackson, Jay"
543351,CH,49.35,784.65,0.06289428407570255,"Jackson, Jay"
543351,SI,25.15,784.65,0.03205250748741477,"Jackson, Jay"
543351,OTHER,0.65,784.65,0.0008283948257184733,"Jackson, Jay"
543391,FF,27.0,90.3,0.29900332225913623,"Kelly, Casey"
543391,SL,22.0,90.3,0.24363233665559247,"Kelly, Casey"
543391,CH,17.6,90.3,0.19490586932447398,"Kelly, Casey"
543391,SI,15.05,90.3,0.16666666666666669,"Kelly, Casey"
543391,CU,8.65,90.3,0.09579180509413068,"Kelly, Casey"
543456,FF,3.0,10.2,0.29411764705882354,"Lobstein, Kyle"
543456,SI,3.0,10.2,0.29411764705882354,"Lobstein, Kyle"
543456,CH,1.7999999999999998,10.2,0.1764705882352941,"Lobstein, Kyle"
543456,SL,1.5,10.2,0.14705882352941177,"Lobstein, Kyle"
543456,CU,0.8999999999999999,10.2,0.08823529411764705,"Lobstein, Kyle"
543475,FF,1346.55,4109.05,0.32770348377362163,"Lyles, Jordan"
543475,ST,908.45,4109.05,0.22108516567089717,"Lyles, Jordan"
543475,CU,588.7,4109.05,0.14326912546695708,"Lyles, Jordan"
543475,SI,562.15,4109.05,0.13680777795354157,"Lyles, Jordan"
543475,CH,413.2,4109.05,0.10055852325963421,"Lyles, Jordan"
543475,FC,207.45000000000002,4109.05,0.050486122096348306,"Lyles, Jordan"
543475,SL,81.89999999999999,4109.05,0.01993161436341733,"Lyles, Jordan"
543475,OTHER,0.65,4109.05,0.00015818741558267725,"Lyles, Jordan"
543507,FF,521.65,1038.35,0.5023835893484856,"May, Trevor"
543507,SL,264.95,1038.35,0.2551644435883854,"May, Trevor"
543507,CH,193.3,1038.35,0.18616073578273223,"May, Trevor"
543507,ST,47.45,1038.35,0.04569750084268311,"May, Trevor"
543507,FS,10.35,1038.35,0.009967737275485146,"May, Trevor"
543507,OTHER,0.65,1038.35,0.0006259931622285358,"May, Trevor"
543510,OTHER,17.6,17.6,1.0,"McCann, James"
543518,FF,745.8,1550.7,0.48094408976591213,"McGough, Scott"
543518,FS,562.3,1550.7,0.36261043399754944,"McGough, Scott"
543518,SL,211.25,1550.7,0.1362287998968208,"McGough, Scott"
543518,SI,31.35,1550.7,0.02021667633971755,"McGough, Scott"
543521,ST,699.65,1431.3500000000001,0.488804275683795,"McHugh, Collin"
543521,FC,627.25,1431.3500000000001,0.4382226569322667,"McHugh, Collin"
543521,FF,62.45,1431.3500000000001,0.04363013937890802,"McHugh, Collin"
543521,CU,32.45,1431.3500000000001,0.022670905089600728,"McHugh, Collin"
543521,OTHER,6.65,1431.3500000000001,0.004645963600796451,"McHugh, Collin"
543521,CH,2.9000000000000004,1431.3500000000001,0.002026059314633039,"McHugh, Collin"
543543,OTHER,25.35,25.35,1.0,"Miller, Brad"
543548,CH,118.75,285.35,0.4161555983879446,"Milone, Tommy"
543548,FF,107.15,285.35,0.3755037673033117,"Milone, Tommy"
543548,SL,36.05,285.35,0.1263360785000876,"Milone, Tommy"
543548,CU,23.4,285.35,0.08200455580865602,"Milone, Tommy"
543592,OTHER,29.0,29.0,1.0,"Nola, Austin"
543594,FF,82.64999999999999,190.0,0.43499999999999994,"Nolin, Sean"
543594,FC,44.199999999999996,190.0,0.2326315789473684,"Nolin, Sean"
543594,CH,29.25,190.0,0.15394736842105264,"Nolin, Sean"
543594,CU,27.55,190.0,0.145,"Nolin, Sean"
543594,ST,4.55,190.0,0.02394736842105263,"Nolin, Sean"
543594,SI,0.8999999999999999,190.0,0.004736842105263157,"Nolin, Sean"
543594,OTHER,0.6,190.0,0.003157894736842105,"Nolin, Sean"
543594,SL,0.3,190.0,0.0015789473684210526,"Nolin, Sean"
543606,FF,616.5,1363.2,0.45224471830985913,"Odorizzi, Jake"
543606,FS,256.35,1363.2,0.18805017605633803,"Odorizzi, Jake"
543606,FC,232.35,1363.2,0.17044454225352113,"Odorizzi, Jake"
543606,SI,103.5,1363.2,0.07592429577464789,"Odorizzi, Jake"
543606,SL,94.65,1363.2,0.06943221830985916,"Odorizzi, Jake"
543606,CU,59.85,1363.2,0.04390404929577465,"Odorizzi, Jake"
543699,FF,9.0,39.3,0.22900763358778628,"Roark, Tanner"
543699,SL,9.0,39.3,0.22900763358778628,"Roark, Tanner"
543699,CU,8.7,39.3,0.22137404580152673,"Roark, Tanner"
543699,SI,6.8999999999999995,39.3,0.17557251908396945,"Roark, Tanner"
543699,CH,5.7,39.3,0.14503816793893132,"Roark, Tanner"
543766,FC,953.45,1433.9,0.6649347932212846,"Shaw, Bryan"
543766,ST,178.35,1433.9,0.12438105865123089,"Shaw, Bryan"
543766,CU,140.15,1433.9,0.09774042820280354,"Shaw, Bryan"
543766,SI,98.0,1433.9,0.06834507287816444,"Shaw, Bryan"
543766,CH,48.35,1433.9,0.03371922728223725,"Shaw, Bryan"
543766,SL,8.55,1433.9,0.005962758909268429,"Shaw, Bryan"
543766,FF,3.9,1433.9,0.002719854941069809,"Shaw, Bryan"
543766,FS,3.15,1433.9,0.0021968059139409997,"Shaw, Bryan"
543829,OTHER,12.6,12.6,1.0,"Strange-Gordon, Dee"
543859,FF,1172.3,2409.05,0.48662335775513166,"Tonkin, Michael"
543859,SL,835.3,2409.05,0.3467341898258649,"Tonkin, Michael"
543859,SI,238.54999999999998,2409.05,0.09902243623004918,"Tonkin, Michael"
543859,ST,162.9,2409.05,0.06762001618895415,"Tonkin, Michael"
543883,FF,26.099999999999998,54.6,0.478021978021978,"Vincent, Nick"
543883,FC,22.2,54.6,0.4065934065934066,"Vincent, Nick"
543883,CH,4.2,54.6,0.07692307692307693,"Vincent, Nick"
543883,SL,1.5,54.6,0.027472527472527472,"Vincent, Nick"
543883,SI,0.6,54.6,0.010989010989010988,"Vincent, Nick"
543901,SI,125.2,223.45000000000002,0.5603043186395167,"Weber, Ryan"
543901,SL,70.4,223.45000000000002,0.31505929738196464,"Weber, Ryan"
543901,CH,24.25,223.45000000000002,0.1085253971805773,"Weber, Ryan"
543901,CU,2.7,223.45000000000002,0.01208324009845603,"Weber, Ryan"
543901,FC,0.8999999999999999,223.45000000000002,0.0040277466994853425,"Weber, Ryan"
544150,FF,1006.6,2032.8999999999999,0.49515470510108717,"Suárez, Albert"
544150,FC,391.75,2032.8999999999999,0.19270500270549462,"Suárez, Albert"
544150,CH,342.25,2032.8999999999999,0.16835555118303902,"Suárez, Albert"
544150,CU,271.05,2032.8999999999999,0.13333169363962813,"Suárez, Albert"
544150,SV,20.4,2032.8999999999999,0.010034925475921098,"Suárez, Albert"
544150,OTHER,0.85,2032.8999999999999,0.00041812189483004576,"Suárez, Albert"
544365,CU,111.60000000000001,346.05,0.32249674902470743,"Banuelos, Manny"
544365,SI,76.5,346.05,0.22106631989596878,"Banuelos, Manny"
544365,FF,66.60000000000001,346.05,0.19245773732119636,"Banuelos, Manny"
544365,SL,54.45,346.05,0.15734720416124837,"Banuelos, Manny"
544365,CH,36.9,346.05,0.10663198959687906,"Banuelos, Manny"
544727,SI,410.25,852.2,0.48140107955878897,"Familia, Jeurys"
544727,SL,178.4,852.2,0.20934053039192677,"Familia, Jeurys"
544727,FF,177.05,852.2,0.20775639521239145,"Familia, Jeurys"
544727,FS,86.5,852.2,0.10150199483689275,"Familia, Jeurys"
544931,FF,42.75,145.95,0.2929085303186023,"Strasburg, Stephen"
544931,CU,42.6,145.95,0.29188078108941423,"Strasburg, Stephen"
544931,SI,34.65,145.95,0.23741007194244604,"Strasburg, Stephen"
544931,CH,25.95,145.95,0.17780061664953753,"Strasburg, Stephen"
545121,OTHER,40.45,40.45,1.0,"Vargas, Ildemaro"
545333,FF,214.79999999999998,536.1,0.4006715165081141,"Bauer, Trevor"
545333,FC,115.8,536.1,0.21600447677672074,"Bauer, Trevor"
545333,ST,99.6,536.1,0.18578623391158364,"Bauer, Trevor"
545333,KC,60.0,536.1,0.1119194180190263,"Bauer, Trevor"
545333,SI,31.799999999999997,536.1,0.05931729155008393,"Bauer, Trevor"
545333,CH,14.1,536.1,0.026301063234471178,"Bauer, Trevor"
545341,SL,3.6,4.5,0.8,"Grichuk, Randal"
545341,CU,0.9,4.5,0.2,"Grichuk, Randal"
545343,SL,213.45,409.5,0.5212454212454212,"Head, Louis"
545343,FF,184.35,409.5,0.4501831501831502,"Head, Louis"
545343,CH,11.700000000000001,409.5,0.028571428571428574,"Head, Louis"
546991,OTHER,8.4,8.4,1.0,"Almora Jr., Albert"
547001,FF,241.45,777.8,0.31042684494728723,"Poteet, Cody"
547001,CH,187.2,777.8,0.24067883774749294,"Poteet, Cody"
547001,SI,122.0,777.8,0.15685266135253279,"Poteet, Cody"
547001,SL,104.4,777.8,0.13422473643610183,"Poteet, Cody"
547001,CU,62.199999999999996,777.8,0.07996914373875032,"Poteet, Cody"
547001,ST,60.55,777.8,0.07784777577783492,"Poteet, Cody"
547176,SI,17.4,52.199999999999996,0.3333333333333333,"Camarena, Daniel"
547176,SL,15.6,52.199999999999996,0.2988505747126437,"Camarena, Daniel"
547176,FF,10.2,52.199999999999996,0.19540229885057472,"Camarena, Daniel"
547176,CU,5.7,52.199999999999996,0.10919540229885058,"Camarena, Daniel"
547176,CH,3.3,52.199999999999996,0.06321839080459771,"Camarena, Daniel"
547179,FF,1729.1,6579.1,0.26281710264321867,"Lorenzen, Michael"
547179,CH,1268.75,6579.1,0.19284552598379717,"Lorenzen, Michael"
547179,SI,1181.4,6579.1,0.17956863400769102,"Lorenzen, Michael"
547179,SL,834.3,6579.1,0.12681065799273455,"Lorenzen, Michael"
547179,FC,579.7,6579.1,0.0881123557933456,"Lorenzen, Michael"
547179,ST,542.25,6579.1,0.08242008785396178,"Lorenzen, Michael"
547179,CU,442.7,6579.1,0.06728883889893754,"Lorenzen, Michael"
547179,OTHER,0.9,6579.1,0.0001367968263136295,"Lorenzen, Michael"
547184,ST,648.0,1229.05,0.5272364834628371,"Kelly, Michael"
547184,FF,353.9,1229.05,0.287945974533176,"Kelly, Michael"
547184,SL,170.1,1229.05,0.13839957690899476,"Kelly, Michael"
547184,SI,46.2,1229.05,0.03759000854318376,"Kelly, Michael"
547184,CH,10.85,1229.05,0.008827956551808307,"Kelly, Michael"
547942,FF,219.29999999999998,535.1999999999999,0.4097533632286996,"Kim, Kwang Hyun"
547942,SL,201.29999999999998,535.1999999999999,0.37612107623318386,"Kim, Kwang Hyun"
547942,CH,63.0,535.1999999999999,0.11771300448430495,"Kim, Kwang Hyun"
547942,CU,47.4,535.1999999999999,0.08856502242152467,"Kim, Kwang Hyun"
547942,SI,4.2,535.1999999999999,0.007847533632286997,"Kim, Kwang Hyun"
547943,FF,499.8,1523.95,0.32796351586338135,"Ryu, Hyun Jin"
547943,CH,369.15,1523.95,0.24223235670461626,"Ryu, Hyun Jin"
547943,FC,330.45,1523.95,0.216837822763214,"Ryu, Hyun Jin"
547943,CU,228.95,1523.95,0.15023458774894188,"Ryu, Hyun Jin"
547943,SI,92.60000000000001,1523.95,0.06076314839725713,"Ryu, Hyun Jin"
547943,SL,3.0,1523.95,0.0019685685225893238,"Ryu, Hyun Jin"
547973,FF,1350.65,3162.5,0.4270830039525692,"Chapman, Aroldis"
547973,SL,743.55,3162.5,0.23511462450592885,"Chapman, Aroldis"
547973,SI,721.5,3162.5,0.22814229249011858,"Chapman, Aroldis"
547973,FS,346.8,3162.5,0.1096600790513834,"Chapman, Aroldis"
548384,ST,655.1,1746.25,0.3751467430207588,"Raley, Brooks"
548384,FC,401.95,1746.25,0.23017895490336435,"Raley, Brooks"
548384,SI,384.45,1746.25,0.22015748031496063,"Raley, Brooks"
548384,CH,248.0,1746.25,0.1420186113099499,"Raley, Brooks"
548384,CU,33.0,1746.25,0.01889763779527559,"Raley, Brooks"
548384,FF,23.75,1746.25,0.013600572655690766,"Raley, Brooks"
548389,FF,1159.35,3446.15,0.33641890225323906,"Stripling, Ross"
548389,CH,742.35,3446.15,0.2154143029177488,"Stripling, Ross"
548389,SL,695.3,3446.15,0.20176138589440387,"Stripling, Ross"
548389,KC,353.9,3446.15,0.10269431104275785,"Stripling, Ross"
548389,SI,298.0,3446.15,0.08647331079610579,"Stripling, Ross"
548389,FC,188.2,3446.15,0.05461166809337956,"Stripling, Ross"
548389,FS,8.450000000000001,3446.15,0.0024520116651915906,"Stripling, Ross"
548389,OTHER,0.6,3446.15,0.00017410733717336736,"Stripling, Ross"
552640,SL,1064.15,2183.65,0.48732626565612625,"Kittredge, Andrew"
552640,SI,849.05,2183.65,0.38882146864195266,"Kittredge, Andrew"
552640,FF,255.45,2183.65,0.11698303299521443,"Kittredge, Andrew"
552640,FS,7.0,2183.65,0.0032056419297964416,"Kittredge, Andrew"
552640,FC,5.1,2183.65,0.0023355391202802642,"Kittredge, Andrew"
552640,CH,1.75,2183.65,0.0008014104824491104,"Kittredge, Andrew"
552640,OTHER,1.15,2183.65,0.0005266411741808439,"Kittredge, Andrew"
553902,OTHER,25.65,25.65,1.0,"Astudillo, Willians"
554340,FF,890.85,2308.9,0.3858330806877734,"García, Yimi"
554340,CU,533.05,2308.9,0.2308675126683702,"García, Yimi"
554340,SI,319.45,2308.9,0.13835592706483607,"García, Yimi"
554340,SL,264.45,2308.9,0.11453505998527436,"García, Yimi"
554340,CH,173.25,2308.9,0.07503573130061934,"García, Yimi"
554340,ST,127.85,2308.9,0.055372688293126596,"García, Yimi"
554430,FF,3815.15,9117.95,0.41842190404641394,"Wheeler, Zack"
554430,SI,1661.0,9117.95,0.18216814086499705,"Wheeler, Zack"
554430,FC,1271.5,9117.95,0.13945020536414435,"Wheeler, Zack"
554430,CU,955.65,9117.95,0.10480974341820254,"Wheeler, Zack"
554430,ST,955.05,9117.95,0.10474393915298942,"Wheeler, Zack"
554430,FS,396.8,9117.95,0.043518554060945715,"Wheeler, Zack"
554430,CH,62.15,9117.95,0.006816225138326048,"Wheeler, Zack"
554430,SL,0.65,9117.95,7.128795398088386e-05,"Wheeler, Zack"
554431,FF,642.8,911.0,0.7055982436882546,"Matzek, Tyler"
554431,SL,250.55,911.0,0.2750274423710209,"Matzek, Tyler"
554431,SI,9.45,911.0,0.010373216245883644,"Matzek, Tyler"
554431,CU,7.35,911.0,0.008068057080131722,"Matzek, Tyler"
554431,FC,0.85,911.0,0.0009330406147091109,"Matzek, Tyler"
570240,FF,10.65,34.35,0.31004366812227074,"Peña, Félix"
570240,CH,9.0,34.35,0.26200873362445415,"Peña, Félix"
570240,SL,8.85,34.35,0.2576419213973799,"Peña, Félix"
570240,SI,5.85,34.35,0.17030567685589518,"Peña, Félix"
570257,SI,431.0,918.65,0.46916671202307736,"Rodríguez, Joely"
570257,CH,356.85,918.65,0.3884504435856964,"Rodríguez, Joely"
570257,FF,65.2,918.65,0.07097371142437273,"Rodríguez, Joely"
570257,SL,41.8,918.65,0.045501551189245086,"Rodríguez, Joely"
570257,ST,23.8,918.65,0.02590758177760845,"Rodríguez, Joely"
570488,CH,160.2,334.35,0.47913862718707934,"Valdez, Phillips"
570488,SI,140.25,334.35,0.41947061462539253,"Valdez, Phillips"
570488,SL,33.3,334.35,0.09959623149394346,"Valdez, Phillips"
570488,FF,0.6,334.35,0.0017945266935845668,"Valdez, Phillips"
570560,OTHER,6.75,6.75,1.0,"Sánchez, Yolmer"
570632,SI,1755.35,4134.7,0.4245410791593102,"Ureña, José"
570632,SL,1166.75,4134.7,0.2821849227271628,"Ureña, José"
570632,CH,805.6,4134.7,0.19483880329890924,"Ureña, José"
570632,FF,374.15,4134.7,0.09049024112994897,"Ureña, José"
570632,FS,32.0,4134.7,0.007739376496481002,"Ureña, José"
570632,OTHER,0.85,4134.7,0.00020557718818777661,"Ureña, José"
570663,FF,294.45,559.05,0.5266970753957607,"Robles, Hansel"
570663,CH,138.6,559.05,0.24792057955460156,"Robles, Hansel"
570663,SL,116.85,559.05,0.20901529380198552,"Robles, Hansel"
570663,SI,8.85,559.05,0.0158304266165817,"Robles, Hansel"
570663,CU,0.3,559.05,0.0005366246310705661,"Robles, Hansel"
570666,SL,490.95,1141.4,0.43012966532328717,"Cessa, Luis"
570666,FF,241.65,1141.4,0.21171368494830908,"Cessa, Luis"
570666,CH,206.6,1141.4,0.18100578237252496,"Cessa, Luis"
570666,SI,201.9,1141.4,0.1768880322411074,"Cessa, Luis"
570666,FC,0.3,1141.4,0.00026283511477133344,"Cessa, Luis"
570731,CH,6.5,11.05,0.588235294117647,"Schoop, Jonathan"
570731,OTHER,3.9000000000000004,11.05,0.35294117647058826,"Schoop, Jonathan"
570731,CU,0.65,11.05,0.058823529411764705,"Schoop, Jonathan"
571439,SL,8.1,22.95,0.35294117647058826,"Alvarez, R.J."
571439,SI,7.65,22.95,0.33333333333333337,"Alvarez, R.J."
571439,FF,4.05,22.95,0.17647058823529413,"Alvarez, R.J."
571439,CH,3.15,22.95,0.13725490196078433,"Alvarez, R.J."
571446,SI,50.4,67.05,0.7516778523489933,"Appel, Mark"
571446,SL,13.5,67.05,0.20134228187919465,"Appel, Mark"
571446,CH,3.15,67.05,0.04697986577181208,"Appel, Mark"
571466,OTHER,61.8,61.8,1.0,"Barnhart, Tucker"
571479,SL,375.90000000000003,753.5,0.49887193098871935,"Bellatti, Andrew"
571479,FF,330.0,753.5,0.43795620437956206,"Bellatti, Andrew"
571479,CH,47.6,753.5,0.06317186463171864,"Bellatti, Andrew"
571510,FF,2006.1,4544.65,0.4414201313632513,"Boyd, Matthew"
571510,CH,1043.75,4544.65,0.2296656508201952,"Boyd, Matthew"
571510,SL,824.1,4544.65,0.18133409613501592,"Boyd, Matthew"
571510,CU,447.9,4544.65,0.09855544431364352,"Boyd, Matthew"
571510,SI,222.8,4544.65,0.04902467736789412,"Boyd, Matthew"
571521,FF,196.2,299.4,0.655310621242485,"Brothers, Rex"
571521,SL,103.2,299.4,0.34468937875751504,"Brothers, Rex"
571527,FC,17.0,49.3,0.3448275862068966,"Buchanan, David"
571527,CH,12.75,49.3,0.25862068965517243,"Buchanan, David"
571527,SI,12.75,49.3,0.25862068965517243,"Buchanan, David"
571527,CU,5.95,49.3,0.1206896551724138,"Buchanan, David"
571527,FF,0.85,49.3,0.017241379310344827,"Buchanan, David"
571539,SI,220.05,411.65,0.5345560549010082,"Carasiti, Matt"
571539,OTHER,119.15,411.65,0.28944491679825096,"Carasiti, Matt"
571539,FC,44.35,411.65,0.10773715535041906,"Carasiti, Matt"
571539,FF,28.099999999999998,411.65,0.06826187295032188,"Carasiti, Matt"
571578,SI,3151.15,8833.55,0.3567252124004506,"Corbin, Patrick"
571578,SL,2996.9,8833.55,0.3392633765586882,"Corbin, Patrick"
571578,FC,1104.05,8833.55,0.12498372681424796,"Corbin, Patrick"
571578,FF,942.2,8833.55,0.10666153471707299,"Corbin, Patrick"
571578,CH,570.65,8833.55,0.0646003022567371,"Corbin, Patrick"
571578,CU,66.05,8833.55,0.007477175088158215,"Corbin, Patrick"
571578,OTHER,1.7,8833.55,0.00019244810976334545,"Corbin, Patrick"
571578,FS,0.85,8833.55,9.622405488167273e-05,"Corbin, Patrick"
571616,FF,18.55,61.1,0.30360065466448444,"Dermody, Matt"
571616,SI,13.700000000000001,61.1,0.22422258592471359,"Dermody, Matt"
571616,SL,10.950000000000001,61.1,0.17921440261865795,"Dermody, Matt"
571616,FC,8.450000000000001,61.1,0.13829787234042554,"Dermody, Matt"
571616,CH,6.6000000000000005,61.1,0.10801963993453356,"Dermody, Matt"
571616,CU,2.85,61.1,0.046644844517184945,"Dermody, Matt"
571656,FF,802.4,2350.35,0.34139596230348673,"Farmer, Buck"
571656,SL,782.05,2350.35,0.3327376773672006,"Farmer, Buck"
571656,CH,524.2,2350.35,0.22303061246197378,"Farmer, Buck"
571656,SI,240.0,2350.35,0.1021124513370349,"Farmer, Buck"
571656,OTHER,1.7,2350.35,0.0007232965303039973,"Farmer, Buck"
571657,OTHER,41.85,41.85,1.0,"Farmer, Kyle"
571666,SI,15.0,45.6,0.3289473684210526,"Fiers, Mike"
571666,SL,11.4,45.6,0.25,"Fiers, Mike"
571666,FF,10.5,45.6,0.23026315789473684,"Fiers, Mike"
571666,CH,5.1,45.6,0.11184210526315788,"Fiers, Mike"
571666,CU,3.5999999999999996,45.6,0.07894736842105263,"Fiers, Mike"
571670,SI,871.0,2173.55,0.40072692139587307,"Floro, Dylan"
571670,FF,525.0,2173.55,0.24154033723631846,"Floro, Dylan"
571670,SL,496.35,2173.55,0.22835913597570792,"Floro, Dylan"
571670,CH,281.2,2173.55,0.12937360539210047,"Floro, Dylan"
571676,FF,30.9,78.0,0.39615384615384613,"Frankoff, Seth"
571676,SL,23.7,78.0,0.3038461538461538,"Frankoff, Seth"
571676,CH,14.399999999999999,78.0,0.1846153846153846,"Frankoff, Seth"
571676,CU,9.0,78.0,0.11538461538461539,"Frankoff, Seth"
571704,SL,16.650000000000002,30.150000000000002,0.5522388059701493,"Giles, Ken"
571704,FF,13.5,30.150000000000002,0.4477611940298507,"Giles, Ken"
571710,FF,390.2,779.2,0.5007700205338809,"Givens, Mychal"
571710,CH,195.75,779.2,0.25121919917864477,"Givens, Mychal"
571710,SL,188.95,779.2,0.24249229979466116,"Givens, Mychal"
571710,SI,4.0,779.2,0.00513347022587269,"Givens, Mychal"
571710,OTHER,0.3,779.2,0.0003850102669404517,"Givens, Mychal"
571735,FF,64.8,138.29999999999998,0.46854663774403477,"Hale, David"
571735,CH,33.6,138.29999999999998,0.2429501084598699,"Hale, David"
571735,CU,27.9,138.29999999999998,0.20173535791757052,"Hale, David"
571735,SI,12.0,138.29999999999998,0.08676789587852496,"Hale, David"
571760,FF,3773.75,7245.7,0.5208261451619581,"Heaney, Andrew"
571760,SL,1595.25,7245.7,0.22016506341692316,"Heaney, Andrew"
571760,CH,1174.5,7245.7,0.16209613977945542,"Heaney, Andrew"
571760,CU,324.25,7245.7,0.04475067971348524,"Heaney, Andrew"
571760,SI,246.55,7245.7,0.03402707812909726,"Heaney, Andrew"
571760,OTHER,113.55,7245.7,0.015671363705370082,"Heaney, Andrew"
571760,SV,13.6,7245.7,0.0018769753094939068,"Heaney, Andrew"
571760,FC,4.25,7245.7,0.0005865547842168458,"Heaney, Andrew"
571771,OTHER,163.25,163.25,1.0,"Hernández, Enrique"
571788,OTHER,3.0,3.0,1.0,"Holt, Brock"
571800,FF,373.8,906.3000000000001,0.4124462098642833,"Hutchison, Drew"
571800,SL,336.0,906.3000000000001,0.3707381661701423,"Hutchison, Drew"
571800,SI,103.35000000000001,906.3000000000001,0.11403508771929825,"Hutchison, Drew"
571800,CH,93.15,906.3000000000001,0.10278053624627606,"Hutchison, Drew"
571863,FC,202.6,431.55,0.4694705132661337,"Koch, Matt"
571863,FF,183.55,431.55,0.42532730853898737,"Koch, Matt"
571863,SL,45.4,431.55,0.10520217819487891,"Koch, Matt"
571871,SL,40.5,104.7,0.3868194842406877,"Krol, Ian"
571871,FF,19.2,104.7,0.1833810888252149,"Krol, Ian"
571871,SI,18.0,104.7,0.17191977077363896,"Krol, Ian"
571871,CH,14.1,104.7,0.13467048710601717,"Krol, Ian"
571871,CU,12.0,104.7,0.1146131805157593,"Krol, Ian"
571871,FC,0.8999999999999999,104.7,0.008595988538681947,"Krol, Ian"
571875,OTHER,5.2,5.2,1.0,"Lamb, Jake"
571882,FC,726.0,1999.8,0.36303630363036304,"Law, Derek"
571882,SL,526.95,1999.8,0.2635013501350135,"Law, Derek"
571882,FF,307.0,1999.8,0.15351535153515353,"Law, Derek"
571882,SI,211.6,1999.8,0.10581058105810581,"Law, Derek"
571882,CU,131.9,1999.8,0.06595659565956596,"Law, Derek"
571882,CH,96.35,1999.8,0.04817981798179818,"Law, Derek"
571901,SI,640.0,1224.75,0.5225556235966524,"Loup, Aaron"
571901,FC,357.8,1224.75,0.29214125331700347,"Loup, Aaron"
571901,CH,169.0,1224.75,0.13798734435599103,"Loup, Aaron"
571901,CU,47.95,1224.75,0.039150847111655444,"Loup, Aaron"
571901,FF,10.0,1224.75,0.008164931618697694,"Loup, Aaron"
571912,OTHER,126.25,126.25,1.0,"Maile, Luke"
571917,SL,14.85,27.45,0.5409836065573771,"Markel, Parker"
571917,FF,12.6,27.45,0.45901639344262296,"Markel, Parker"
571927,SI,2299.55,4113.4,0.5590387513978705,"Matz, Steven"
571927,CH,979.85,4113.4,0.2382092672728157,"Matz, Steven"
571927,CU,679.65,4113.4,0.16522827830991396,"Matz, Steven"
571927,SL,152.5,4113.4,0.037073953420528036,"Matz, Steven"
571927,OTHER,1.0,4113.4,0.00024310789128215103,"Matz, Steven"
571927,FF,0.85,4113.4,0.00020664170758982837,"Matz, Steven"
571945,FF,2272.8,8321.05,0.27313860630569464,"Mikolas, Miles"
571945,SL,2005.35,8321.05,0.2409972299168975,"Mikolas, Miles"
571945,SI,1781.05,8321.05,0.2140414971668239,"Mikolas, Miles"
571945,CU,1419.0,8321.05,0.17053136322940016,"Mikolas, Miles"
571945,CH,648.0,8321.05,0.07787478743668168,"Mikolas, Miles"
571945,ST,163.35,8321.05,0.019630935999663503,"Mikolas, Miles"
571945,OTHER,31.5,8321.05,0.0037855799448386924,"Mikolas, Miles"
571946,FF,1171.25,1957.05,0.5984773000178841,"Miller, Shelby"
571946,FS,444.25,1957.05,0.22699982115939807,"Miller, Shelby"
571946,ST,168.25,1957.05,0.08597123221174728,"Miller, Shelby"
571946,SL,152.2,1957.05,0.07777011318055235,"Miller, Shelby"
571946,FC,21.099999999999998,1957.05,0.01078153343041823,"Miller, Shelby"
571948,ST,1109.25,3298.6,0.3362790274661978,"Milner, Hoby"
571948,SI,1078.4,3298.6,0.32692657491056815,"Milner, Hoby"
571948,FF,560.45,3298.6,0.16990541441823806,"Milner, Hoby"
571948,CH,545.4,3298.6,0.1653428727338871,"Milner, Hoby"
571948,SV,5.1,3298.6,0.0015461104711089553,"Milner, Hoby"
571951,FF,11.7,20.099999999999998,0.582089552238806,"Mitchell, Bryan"
571951,CU,4.5,20.099999999999998,0.2238805970149254,"Mitchell, Bryan"
571951,FC,3.9,20.099999999999998,0.19402985074626866,"Mitchell, Bryan"
571976,OTHER,19.35,19.35,1.0,"Myers, Wil"
572008,OTHER,10.35,10.35,1.0,"Owings, Chris"
572020,FF,1383.15,2557.5,0.5408211143695015,"Paxton, James"
572020,KC,656.2,2557.5,0.25657869012707724,"Paxton, James"
572020,FC,225.9,2557.5,0.08832844574780059,"Paxton, James"
572020,CH,169.3,2557.5,0.06619745845552298,"Paxton, James"
572020,SI,122.95,2557.5,0.04807429130009775,"Paxton, James"
572070,FF,450.45,1017.9,0.4425287356321839,"Richards, Garrett"
572070,SL,311.55,1017.9,0.30607132331270265,"Richards, Garrett"
572070,CH,158.7,1017.9,0.1559092248747421,"Richards, Garrett"
572070,CU,91.8,1017.9,0.09018567639257294,"Richards, Garrett"
572070,SI,4.8,1017.9,0.004715590922487474,"Richards, Garrett"
572070,OTHER,0.6,1017.9,0.0005894488653109342,"Richards, Garrett"
572125,FF,151.35,280.95,0.5387079551521623,"Selman, Sam"
572125,SL,128.55,280.95,0.4575547250400428,"Selman, Sam"
572125,SI,1.05,280.95,0.0037373198077949817,"Selman, Sam"
572143,FF,509.0,933.55,0.5452305714744792,"Smith, Burch"
572143,CU,171.2,933.55,0.18338599967864602,"Smith, Burch"
572143,FC,149.9,933.55,0.16056986770928178,"Smith, Burch"
572143,ST,65.45,933.55,0.0701087247603235,"Smith, Burch"
572143,CH,33.55,933.55,0.03593808580151036,"Smith, Burch"
572143,SL,3.5999999999999996,933.55,0.0038562476567939583,"Smith, Burch"
572143,SI,0.85,933.55,0.0009105029189652403,"Smith, Burch"
572191,SL,9.450000000000001,16.650000000000002,0.5675675675675675,"Taylor, Michael A."
572191,OTHER,4.05,16.650000000000002,0.2432432432432432,"Taylor, Michael A."
572191,FF,1.8,16.650000000000002,0.1081081081081081,"Taylor, Michael A."
572191,CH,1.35,16.650000000000002,0.08108108108108107,"Taylor, Michael A."
572193,SL,335.0,838.5,0.3995229576624926,"Tepera, Ryan"
572193,FF,272.35,838.5,0.32480620155038764,"Tepera, Ryan"
572193,SI,112.6,838.5,0.13428741800834823,"Tepera, Ryan"
572193,CH,72.85,838.5,0.08688133571854502,"Tepera, Ryan"
572193,ST,39.95,838.5,0.04764460345855695,"Tepera, Ryan"
572193,CU,4.65,838.5,0.005545617173524151,"Tepera, Ryan"
572193,OTHER,1.1,838.5,0.001311866428145498,"Tepera, Ryan"
572362,FF,7.2,18.0,0.4,"Erlin, Robbie"
572362,CU,4.95,18.0,0.275,"Erlin, Robbie"
572362,CH,3.15,18.0,0.175,"Erlin, Robbie"
572362,SL,2.7,18.0,0.15000000000000002,"Erlin, Robbie"
572383,ST,6.3,12.6,0.5,"Moran, Brian"
572383,FF,4.5,12.6,0.35714285714285715,"Moran, Brian"
572383,SI,1.8,12.6,0.14285714285714288,"Moran, Brian"
572403,ST,250.05,855.45,0.2923022970366474,"VerHagen, Drew"
572403,FF,222.05,855.45,0.2595709860307441,"VerHagen, Drew"
572403,SI,165.3,855.45,0.1932316324741364,"VerHagen, Drew"
572403,CH,105.75,855.45,0.12361914781693845,"VerHagen, Drew"
572403,FC,87.10000000000001,855.45,0.1018177567362207,"VerHagen, Drew"
572403,CU,25.2,855.45,0.029458179905312992,"VerHagen, Drew"
572703,FF,37.35,108.45,0.34439834024896265,"Bard, Luke"
572703,SL,24.75,108.45,0.22821576763485477,"Bard, Luke"
572703,CU,21.6,108.45,0.19917012448132781,"Bard, Luke"
572703,FC,19.8,108.45,0.1825726141078838,"Bard, Luke"
572703,CH,4.95,108.45,0.04564315352697095,"Bard, Luke"
572761,CH,5.7,7.8,0.7307692307692308,"Carpenter, Matt"
572761,OTHER,1.5,7.8,0.19230769230769232,"Carpenter, Matt"
572761,CU,0.6,7.8,0.07692307692307693,"Carpenter, Matt"
572816,OTHER,8.1,8.1,1.0,"Dickerson, Corey"
572888,FC,57.6,190.2,0.3028391167192429,"Greene, Shane"
572888,SI,56.699999999999996,190.2,0.2981072555205047,"Greene, Shane"
572888,ST,53.75,190.2,0.28259726603575186,"Greene, Shane"
572888,CH,14.799999999999999,190.2,0.07781282860147214,"Greene, Shane"
572888,FF,7.35,190.2,0.038643533123028394,"Greene, Shane"
572955,CU,1920.15,2859.45,0.6715102554687091,"Johnson, Pierce"
572955,FF,804.65,2859.45,0.28140026928255435,"Johnson, Pierce"
572955,FC,78.3,2859.45,0.02738288831768347,"Johnson, Pierce"
572955,SL,56.35,2859.45,0.019706586931053177,"Johnson, Pierce"
572971,SI,838.6,2031.55,0.41278826511776723,"Keuchel, Dallas"
572971,CH,559.35,2031.55,0.2753316433265241,"Keuchel, Dallas"
572971,FC,426.1,2031.55,0.20974133051118607,"Keuchel, Dallas"
572971,SL,157.25,2031.55,0.07740395264699368,"Keuchel, Dallas"
572971,FF,50.25,2031.55,0.024734808397528982,"Keuchel, Dallas"
573009,SI,772.85,1850.5,0.4176438800324237,"Mantiply, Joe"
573009,CU,532.1,1850.5,0.2875439070521481,"Mantiply, Joe"
573009,CH,458.55,1850.5,0.2477978924614969,"Mantiply, Joe"
573009,FF,87.0,1850.5,0.04701432045393137,"Mantiply, Joe"
573062,SI,24.9,38.699999999999996,0.6434108527131783,"Northcraft, Aaron"
573062,CH,5.3999999999999995,38.699999999999996,0.13953488372093023,"Northcraft, Aaron"
573062,SL,5.1,38.699999999999996,0.13178294573643412,"Northcraft, Aaron"
573062,FF,3.3,38.699999999999996,0.08527131782945736,"Northcraft, Aaron"
573109,FF,6.0,18.599999999999998,0.32258064516129037,"Ramos, AJ"
573109,CH,5.3999999999999995,18.599999999999998,0.2903225806451613,"Ramos, AJ"
573109,FC,3.0,18.599999999999998,0.16129032258064518,"Ramos, AJ"
573109,SL,3.0,18.599999999999998,0.16129032258064518,"Ramos, AJ"
573109,SI,1.2,18.599999999999998,0.06451612903225806,"Ramos, AJ"
573124,ST,1564.7,3009.0,0.5200066467264872,"Rogers, Taylor"
573124,SI,1428.45,3009.0,0.4747258225324028,"Rogers, Taylor"
573124,FC,11.05,3009.0,0.003672316384180791,"Rogers, Taylor"
573124,FF,4.8,3009.0,0.0015952143569292123,"Rogers, Taylor"
573127,CU,5.1,14.399999999999999,0.3541666666666667,"Rosscup, Zac"
573127,SL,4.8,14.399999999999999,0.33333333333333337,"Rosscup, Zac"
573127,FF,4.5,14.399999999999999,0.31250000000000006,"Rosscup, Zac"
573131,OTHER,12.6,12.6,1.0,"Ruf, Darin"
573185,FF,8.1,21.150000000000002,0.38297872340425526,"Straily, Dan"
573185,SL,7.65,21.150000000000002,0.36170212765957444,"Straily, Dan"
573185,CH,4.05,21.150000000000002,0.19148936170212763,"Straily, Dan"
573185,CU,1.35,21.150000000000002,0.06382978723404255,"Straily, Dan"
573186,SI,2376.2,5973.65,0.3977802516049651,"Stroman, Marcus"
573186,SV,1148.9,5973.65,0.19232797368443083,"Stroman, Marcus"
573186,FC,852.55,5973.65,0.14271843847563884,"Stroman, Marcus"
573186,FS,664.5,5973.65,0.1112385225113624,"Stroman, Marcus"
573186,SL,526.5,5973.65,0.08813706862638421,"Stroman, Marcus"
573186,FF,308.5,5973.65,0.051643467561708505,"Stroman, Marcus"
573186,CU,95.64999999999999,5973.65,0.016011985971725828,"Stroman, Marcus"
573186,OTHER,0.85,5973.65,0.000142291563784286,"Stroman, Marcus"
573204,FF,1228.0,2665.55,0.46069291515822247,"Thielbar, Caleb"
573204,CU,649.35,2665.55,0.24360826095927668,"Thielbar, Caleb"
573204,ST,647.45,2665.55,0.24289546247491137,"Thielbar, Caleb"
573204,SL,135.05,2665.55,0.05066496595449344,"Thielbar, Caleb"
573204,CH,5.4,2665.55,0.002025848323985669,"Thielbar, Caleb"
573204,OTHER,0.3,2665.55,0.00011254712911031493,"Thielbar, Caleb"
573262,OTHER,44.65,45.65,0.9780941949616648,"Yastrzemski, Mike"
573262,CU,1.0,45.65,0.02190580503833516,"Yastrzemski, Mike"
573668,FF,139.05,276.0,0.503804347826087,"Minaya, Juan"
573668,CH,117.6,276.0,0.4260869565217391,"Minaya, Juan"
573668,SL,19.35,276.0,0.07010869565217392,"Minaya, Juan"
579328,FF,3708.45,8890.0,0.41714848143982003,"Kikuchi, Yusei"
579328,SL,2566.25,8890.0,0.2886670416197975,"Kikuchi, Yusei"
579328,CU,1271.15,8890.0,0.1429865016872891,"Kikuchi, Yusei"
579328,CH,993.05,8890.0,0.11170416197975253,"Kikuchi, Yusei"
579328,FC,304.2,8890.0,0.03421822272215973,"Kikuchi, Yusei"
579328,SI,38.95,8890.0,0.00438132733408324,"Kikuchi, Yusei"
579328,ST,7.3,8890.0,0.0008211473565804274,"Kikuchi, Yusei"
579328,OTHER,0.65,8890.0,7.311586051743532e-05,"Kikuchi, Yusei"
591720,OTHER,10.2,10.2,1.0,"Torreyes, Ronald"
592094,FF,952.6,3070.65,0.31022747626723984,"Adam, Jason"
592094,CH,940.85,3070.65,0.30640092488561055,"Adam, Jason"
592094,SL,574.35,3070.65,0.18704508817351376,"Adam, Jason"
592094,ST,572.05,3070.65,0.18629606109455651,"Adam, Jason"
592094,FC,16.6,3070.65,0.0054060215263869215,"Adam, Jason"
592094,KC,10.799999999999999,3070.65,0.0035171706316252257,"Adam, Jason"
592094,SI,3.4,3070.65,0.0011072574210672008,"Adam, Jason"
592135,FF,70.5,140.4,0.5021367521367521,"Bedrosian, Cam"
592135,FS,35.4,140.4,0.25213675213675213,"Bedrosian, Cam"
592135,SL,34.5,140.4,0.24572649572649571,"Bedrosian, Cam"
592145,FF,25.5,55.8,0.456989247311828,"Biddle, Jesse"
592145,CU,16.8,55.8,0.3010752688172043,"Biddle, Jesse"
592145,SL,9.299999999999999,55.8,0.16666666666666666,"Biddle, Jesse"
592145,SI,4.2,55.8,0.07526881720430108,"Biddle, Jesse"
592155,FF,496.2,1131.95,0.4383585847431423,"Booser, Cam"
592155,ST,314.75,1131.95,0.2780599849816688,"Booser, Cam"
592155,FC,306.0,1131.95,0.27032996157074074,"Booser, Cam"
592155,CH,15.0,1131.95,0.013251468704448075,"Booser, Cam"
592165,SI,5.7,12.6,0.4523809523809524,"Brennan, Brandon"
592165,CH,4.5,12.6,0.35714285714285715,"Brennan, Brandon"
592165,FF,2.1,12.6,0.16666666666666669,"Brennan, Brandon"
592165,SL,0.3,12.6,0.023809523809523808,"Brennan, Brandon"
592169,CU,62.85,144.3,0.43555093555093555,"Brice, Austin"
592169,FF,54.6,144.3,0.37837837837837834,"Brice, Austin"
592169,SI,24.75,144.3,0.1715176715176715,"Brice, Austin"
592169,CH,2.1,144.3,0.014553014553014552,"Brice, Austin"
592222,SI,76.2,205.25,0.37125456760048725,"Claudio, Alex"
592222,SL,54.9,205.25,0.26747868453105966,"Claudio, Alex"
592222,CH,48.949999999999996,205.25,0.23848964677222897,"Claudio, Alex"
592222,FF,25.2,205.25,0.12277710109622411,"Claudio, Alex"
592229,SI,196.95000000000002,477.75,0.41224489795918373,"Covey, Dylan"
592229,FC,128.05,477.75,0.2680272108843538,"Covey, Dylan"
592229,SL,103.35000000000001,477.75,0.2163265306122449,"Covey, Dylan"
592229,FS,24.7,477.75,0.05170068027210884,"Covey, Dylan"
592229,ST,19.5,477.75,0.04081632653061224,"Covey, Dylan"
592229,CH,4.55,477.75,0.009523809523809523,"Covey, Dylan"
592229,FF,0.65,477.75,0.001360544217687075,"Covey, Dylan"
592233,SI,81.3,120.89999999999999,0.6724565756823822,"Crichton, Stefan"
592233,CU,33.6,120.89999999999999,0.27791563275434245,"Crichton, Stefan"
592233,CH,4.8,120.89999999999999,0.03970223325062035,"Crichton, Stefan"
592233,FF,0.8999999999999999,120.89999999999999,0.007444168734491315,"Crichton, Stefan"
592233,OTHER,0.3,120.89999999999999,0.0024813895781637717,"Crichton, Stefan"
592254,FF,209.6,389.7,0.537849627918912,"De León, José"
592254,CH,80.6,389.7,0.20682576340774955,"De León, José"
592254,ST,41.3,389.7,0.10597895817295355,"De León, José"
592254,SV,24.0,389.7,0.061585835257890686,"De León, José"
592254,FC,18.2,389.7,0.04670259173723377,"De León, José"
592254,SL,16.0,389.7,0.041057223505260455,"De León, José"
592273,SL,3.3,8.1,0.4074074074074074,"Drury, Brandon"
592273,CU,2.6999999999999997,8.1,0.3333333333333333,"Drury, Brandon"
592273,CH,2.1,8.1,0.2592592592592593,"Drury, Brandon"
592288,SI,187.7,328.7,0.5710374201399452,"Emanuel, Kent"
592288,ST,93.5,328.7,0.28445390933982356,"Emanuel, Kent"
592288,CH,46.65,328.7,0.14192272588986918,"Emanuel, Kent"
592288,SL,0.85,328.7,0.0025859446303620323,"Emanuel, Kent"
592314,FF,198.29999999999998,670.8,0.2956171735241503,"Foltynewicz, Mike"
592314,SL,159.0,670.8,0.23703041144901613,"Foltynewicz, Mike"
592314,SI,144.9,670.8,0.21601073345259394,"Foltynewicz, Mike"
592314,CH,84.89999999999999,670.8,0.12656529516994633,"Foltynewicz, Mike"
592314,CU,83.7,670.8,0.1247763864042934,"Foltynewicz, Mike"
592332,FF,4978.85,9613.0,0.5179288463538958,"Gausman, Kevin"
592332,FS,3485.3,9613.0,0.36256111515655887,"Gausman, Kevin"
592332,SL,905.6,9613.0,0.09420576302923125,"Gausman, Kevin"
592332,SI,161.9,9613.0,0.01684177676063664,"Gausman, Kevin"
592332,CH,67.05,9613.0,0.006974929782586081,"Gausman, Kevin"
592332,ST,14.3,9613.0,0.0014875689170914387,"Gausman, Kevin"
592346,FF,294.34999999999997,708.4499999999999,0.415484508433905,"González, Chi Chi"
592346,SL,179.25,708.4499999999999,0.25301715011645143,"González, Chi Chi"
592346,CH,80.5,708.4499999999999,0.11362834356694193,"González, Chi Chi"
592346,SI,71.9,708.4499999999999,0.10148916649022516,"González, Chi Chi"
592346,FC,43.8,708.4499999999999,0.06182511115816219,"González, Chi Chi"
592346,CU,38.35,708.4499999999999,0.05413226056884749,"González, Chi Chi"
592346,OTHER,0.3,708.4499999999999,0.0004234596654668643,"González, Chi Chi"
592351,FF,2154.15,4774.5,0.4511781338360038,"Gray, Jon"
592351,SL,1485.8,4774.5,0.3111948895172269,"Gray, Jon"
592351,CH,440.35,4774.5,0.09222955283275736,"Gray, Jon"
592351,ST,428.65000000000003,4774.5,0.08977903445386952,"Gray, Jon"
592351,CU,247.5,4774.5,0.051837888784165884,"Gray, Jon"
592351,SI,18.05,4774.5,0.003780500575976542,"Gray, Jon"
592390,FF,266.95,516.9,0.516444186496421,"Hembree, Heath"
592390,SL,243.04999999999998,516.9,0.4702070032888373,"Hembree, Heath"
592390,CU,6.9,516.9,0.01334881021474173,"Hembree, Heath"
592407,OTHER,4.2,4.8,0.8750000000000001,"Holaday, Bryan"
592407,CU,0.6,4.8,0.125,"Holaday, Bryan"
592426,SL,1161.45,2178.15,0.5332277391364231,"Jackson, Luke"
592426,FF,700.45,2178.15,0.3215802401120217,"Jackson, Luke"
592426,CU,297.3,2178.15,0.13649197713656083,"Jackson, Luke"
592426,FC,13.65,2178.15,0.006266786034019696,"Jackson, Luke"
592426,SI,4.3,2178.15,0.0019741523770171934,"Jackson, Luke"
592426,CH,1.0,2178.15,0.0004591052039574868,"Jackson, Luke"
592454,CH,1771.6,2225.9,0.7959027808976143,"Kahnle, Tommy"
592454,FF,369.35,2225.9,0.16593288108180962,"Kahnle, Tommy"
592454,SL,52.25,2225.9,0.023473651107417223,"Kahnle, Tommy"
592454,SI,32.7,2225.9,0.014690686913158724,"Kahnle, Tommy"
592464,SL,11.4,13.5,0.8444444444444444,"Kickham, Mike"
592464,CU,1.2,13.5,0.08888888888888889,"Kickham, Mike"
592464,FF,0.6,13.5,0.044444444444444446,"Kickham, Mike"
592464,SI,0.3,13.5,0.022222222222222223,"Kickham, Mike"
592473,SI,165.05,254.5,0.6485265225933203,"Kolarek, Adam"
592473,SL,41.75,254.5,0.16404715127701375,"Kolarek, Adam"
592473,FF,26.25,254.5,0.1031434184675835,"Kolarek, Adam"
592473,CH,21.45,254.5,0.08428290766208252,"Kolarek, Adam"
592527,FF,8.450000000000001,26.650000000000002,0.3170731707317073,"Mariot, Michael"
592527,CH,6.5,26.650000000000002,0.2439024390243902,"Mariot, Michael"
592527,SL,5.8500000000000005,26.650000000000002,0.21951219512195122,"Mariot, Michael"
592527,SI,4.55,26.650000000000002,0.17073170731707316,"Mariot, Michael"
592527,CU,1.3,26.650000000000002,0.048780487804878044,"Mariot, Michael"
592612,FC,45.0,69.3,0.6493506493506493,"Osich, Josh"
592612,CH,13.2,69.3,0.19047619047619047,"Osich, Josh"
592612,SI,4.8,69.3,0.06926406926406926,"Osich, Josh"
592612,SL,3.9,69.3,0.05627705627705628,"Osich, Josh"
592612,FF,2.4,69.3,0.03463203463203463,"Osich, Josh"
592644,FF,151.79999999999998,304.2,0.49901380670611434,"Plutko, Adam"
592644,FC,100.5,304.2,0.33037475345167655,"Plutko, Adam"
592644,SL,30.9,304.2,0.10157790927021697,"Plutko, Adam"
592644,CU,21.0,304.2,0.06903353057199212,"Plutko, Adam"
592662,FF,2898.8,5787.25,0.500894207093179,"Ray, Robbie"
592662,SL,1628.4,5787.25,0.2813771653203162,"Ray, Robbie"
592662,KC,524.65,5787.25,0.09065618385243422,"Ray, Robbie"
592662,CH,432.35,5787.25,0.07470733077022766,"Ray, Robbie"
592662,SI,291.05,5787.25,0.05029158926951489,"Ray, Robbie"
592662,ST,12.0,5787.25,0.002073523694328049,"Ray, Robbie"
592712,SL,14.85,21.6,0.6874999999999999,"Sadzeck, Connor"
592712,FF,4.95,21.6,0.22916666666666666,"Sadzeck, Connor"
592712,SI,1.35,21.6,0.0625,"Sadzeck, Connor"
592712,CH,0.45,21.6,0.020833333333333332,"Sadzeck, Connor"
592716,SI,323.25,928.5,0.3481421647819063,"Sampson, Adrian"
592716,FF,273.9,928.5,0.2949919224555735,"Sampson, Adrian"
592716,CH,142.65,928.5,0.15363489499192245,"Sampson, Adrian"
592716,SL,142.2,928.5,0.15315024232633279,"Sampson, Adrian"
592716,FC,46.5,928.5,0.050080775444264945,"Sampson, Adrian"
592717,SI,236.85,631.2,0.3752376425855513,"Sanchez, Aaron"
592717,CU,183.3,631.2,0.2903992395437262,"Sanchez, Aaron"
592717,FF,126.45,631.2,0.20033269961977185,"Sanchez, Aaron"
592717,CH,84.6,631.2,0.13403041825095055,"Sanchez, Aaron"
592741,FF,383.1,976.6,0.39227933647347946,"Shreve, Chasen"
592741,FS,380.3,976.6,0.3894122465697317,"Shreve, Chasen"
592741,SL,108.1,976.6,0.11069014949825925,"Shreve, Chasen"
592741,ST,104.45,976.6,0.10695269301658816,"Shreve, Chasen"
592741,SI,0.65,976.6,0.0006655744419414295,"Shreve, Chasen"
592743,OTHER,9.450000000000001,11.25,0.8400000000000001,"Simmons, Andrelton"
592743,CU,1.8,11.25,0.16,"Simmons, Andrelton"
592761,FF,550.05,1175.4,0.46796835119959157,"Smith, Caleb"
592761,SL,344.25,1175.4,0.2928790199081164,"Smith, Caleb"
592761,CH,214.5,1175.4,0.18249106687085245,"Smith, Caleb"
592761,CU,64.8,1175.4,0.05513016845329249,"Smith, Caleb"
592761,SI,1.8,1175.4,0.0015313935681470136,"Smith, Caleb"
592767,KC,1783.35,3824.0,0.46635721757322174,"Smyly, Drew"
592767,SI,1589.85,3824.0,0.4157557531380753,"Smyly, Drew"
592767,FC,441.6,3824.0,0.11548117154811716,"Smyly, Drew"
592767,FF,6.5,3824.0,0.0016997907949790796,"Smyly, Drew"
592767,CH,2.7,3824.0,0.0007060669456066946,"Smyly, Drew"
592773,FF,1913.55,3221.2,0.5940488016888117,"Stanek, Ryne"
592773,SL,604.0,3221.2,0.1875077610828263,"Stanek, Ryne"
592773,FS,583.1,3221.2,0.18101949584005964,"Stanek, Ryne"
592773,ST,96.0,3221.2,0.029802558052899542,"Stanek, Ryne"
592773,SI,24.55,3221.2,0.007621383335402956,"Stanek, Ryne"
592779,FF,538.05,1098.45,0.4898265738085483,"Stewart, Brock"
592779,ST,196.55,1098.45,0.17893395238745505,"Stewart, Brock"
592779,FC,152.65,1098.45,0.13896854658837451,"Stewart, Brock"
592779,SI,117.95,1098.45,0.10737857890664118,"Stewart, Brock"
592779,CH,93.25,1098.45,0.08489234830898083,"Stewart, Brock"
592789,SI,539.9,1863.5,0.28972363831499864,"Syndergaard, Noah"
592789,CH,389.95,1863.5,0.20925677488596725,"Syndergaard, Noah"
592789,FF,308.6,1863.5,0.16560236114837673,"Syndergaard, Noah"
592789,CU,264.15000000000003,1863.5,0.14174939629729005,"Syndergaard, Noah"
592789,SL,223.75,1863.5,0.12006976120203917,"Syndergaard, Noah"
592789,FC,129.25,1863.5,0.06935873356587068,"Syndergaard, Noah"
592789,OTHER,4.8500000000000005,1863.5,0.002602629460692246,"Syndergaard, Noah"
592789,FS,3.05,1863.5,0.0016367051247652266,"Syndergaard, Noah"
592791,FF,2748.15,7687.15,0.3574992032157562,"Taillon, Jameson"
592791,FC,1361.15,7687.15,0.17706822424435587,"Taillon, Jameson"
592791,CU,1127.8,7687.15,0.14671237064451714,"Taillon, Jameson"
592791,ST,890.2,7687.15,0.11580364634487425,"Taillon, Jameson"
592791,SI,716.8,7687.15,0.09324652179286211,"Taillon, Jameson"
592791,CH,511.5,7687.15,0.06653961481173126,"Taillon, Jameson"
592791,SL,331.1,7687.15,0.04307187969533573,"Taillon, Jameson"
592791,OTHER,0.45,7687.15,5.8539250567505516e-05,"Taillon, Jameson"
592804,FF,94.5,162.9,0.580110497237569,"Thornburg, Tyler"
592804,CU,35.1,162.9,0.2154696132596685,"Thornburg, Tyler"
592804,CH,22.5,162.9,0.13812154696132597,"Thornburg, Tyler"
592804,SL,10.8,162.9,0.06629834254143646,"Thornburg, Tyler"
592826,FF,693.9,1526.2,0.4546586292753243,"Velasquez, Vince"
592826,SL,391.75,1526.2,0.2566832656270476,"Velasquez, Vince"
592826,KC,184.9,1526.2,0.12115057004324466,"Velasquez, Vince"
592826,CH,184.05,1526.2,0.1205936312409907,"Velasquez, Vince"
592826,SI,71.6,1526.2,0.046913903813392735,"Velasquez, Vince"
592831,CH,25.2,74.39999999999999,0.33870967741935487,"Wade, Konner"
592831,SI,23.7,74.39999999999999,0.31854838709677424,"Wade, Konner"
592831,FC,22.8,74.39999999999999,0.30645161290322587,"Wade, Konner"
592831,CU,1.7999999999999998,74.39999999999999,0.024193548387096774,"Wade, Konner"
592831,FF,0.8999999999999999,74.39999999999999,0.012096774193548387,"Wade, Konner"
592836,FS,1765.8,7013.45,0.2517733782945626,"Walker, Taijuan"
592836,SI,1466.85,7013.45,0.20914813679430236,"Walker, Taijuan"
592836,FF,1279.55,7013.45,0.18244230728101005,"Walker, Taijuan"
592836,FC,1141.15,7013.45,0.16270879524342516,"Walker, Taijuan"
592836,SL,588.95,7013.45,0.08397436354433269,"Walker, Taijuan"
592836,CU,523.8,7013.45,0.0746850694023626,"Walker, Taijuan"
592836,ST,247.35,7013.45,0.03526794944000456,"Walker, Taijuan"
592848,ST,152.1,240.95000000000002,0.6312512969495745,"Weiss, Zack"
592848,FF,72.60000000000001,240.95000000000002,0.30130732517119735,"Weiss, Zack"
592848,SL,10.85,240.95000000000002,0.04503008923013073,"Weiss, Zack"
592848,FC,4.05,240.95000000000002,0.01680846648682299,"Weiss, Zack"
592848,SI,1.35,240.95000000000002,0.005602822162274331,"Weiss, Zack"
592858,FF,357.15,630.3,0.5666349357448834,"Wick, Rowan"
592858,KC,135.75,630.3,0.2153736316039981,"Wick, Rowan"
592858,FC,97.65,630.3,0.1549262256068539,"Wick, Rowan"
592858,SL,38.4,630.3,0.06092336982389339,"Wick, Rowan"
592858,SI,0.9,630.3,0.0014278914802475014,"Wick, Rowan"
592858,CH,0.45,630.3,0.0007139457401237507,"Wick, Rowan"
592859,OTHER,3.5999999999999996,3.5999999999999996,1.0,"Wilkerson, Stevie"
592865,SL,30.0,65.7,0.45662100456621,"Williams, Taylor"
592865,FF,20.7,65.7,0.3150684931506849,"Williams, Taylor"
592865,SI,15.0,65.7,0.228310502283105,"Williams, Taylor"
592866,FF,2238.7,5179.3,0.43223987797578817,"Williams, Trevor"
592866,CH,761.05,5179.3,0.14694070627304848,"Williams, Trevor"
592866,SL,690.0,5179.3,0.13322263626358774,"Williams, Trevor"
592866,ST,636.7,5179.3,0.1229316703029367,"Williams, Trevor"
592866,SI,632.05,5179.3,0.12203386558029077,"Williams, Trevor"
592866,CU,220.8,5179.3,0.04263124360434808,"Williams, Trevor"
592879,FF,11.4,24.9,0.45783132530120485,"Wojciechowski, Asher"
592879,SL,9.299999999999999,24.9,0.37349397590361444,"Wojciechowski, Asher"
592879,FC,4.2,24.9,0.16867469879518074,"Wojciechowski, Asher"
593140,FF,77.1,138.45,0.5568797399783315,"Feliz, Michael"
593140,SL,49.35,138.45,0.35644637053087763,"Feliz, Michael"
593140,CH,12.0,138.45,0.08667388949079091,"Feliz, Michael"
593144,FF,243.89999999999998,283.2,0.861228813559322,"Rodríguez, Richard"
593144,SL,39.3,283.2,0.13877118644067796,"Rodríguez, Richard"
593160,OTHER,5.4,5.8500000000000005,0.923076923076923,"Merrifield, Whit"
593160,CU,0.45,5.8500000000000005,0.07692307692307691,"Merrifield, Whit"
593334,CU,886.95,2351.65,0.3771607169434227,"Germán, Domingo"
593334,FF,693.9,2351.65,0.29506941934386494,"Germán, Domingo"
593334,CH,510.35,2351.65,0.21701783853889822,"Germán, Domingo"
593334,SI,259.55,2351.65,0.11036931516169499,"Germán, Domingo"
593334,OTHER,0.8999999999999999,2351.65,0.00038271001211915033,"Germán, Domingo"
593372,FF,105.6,384.3,0.2747853239656518,"Martinez, Carlos"
593372,SL,87.6,384.3,0.2279469164715066,"Martinez, Carlos"
593372,FC,81.89999999999999,384.3,0.21311475409836061,"Martinez, Carlos"
593372,SI,53.1,384.3,0.13817330210772832,"Martinez, Carlos"
593372,CH,51.9,384.3,0.13505074160811864,"Martinez, Carlos"
593372,CU,4.2,384.3,0.01092896174863388,"Martinez, Carlos"
593423,FF,1482.4,4900.65,0.3024904859559447,"Montas, Frankie"
593423,SI,1059.45,4900.65,0.21618560803158768,"Montas, Frankie"
593423,FS,1016.05,4900.65,0.20732963994572148,"Montas, Frankie"
593423,FC,641.5,4900.65,0.13090100292818302,"Montas, Frankie"
593423,SL,520.45,4900.65,0.10620019793292729,"Montas, Frankie"
593423,ST,180.8,4900.65,0.03689306520563599,"Montas, Frankie"
593576,FF,1306.95,2875.1,0.45457549302632955,"Neris, Héctor"
593576,FS,1052.55,2875.1,0.3660916142047233,"Neris, Héctor"
593576,SI,370.9,2875.1,0.12900420854926783,"Neris, Héctor"
593576,SL,113.7,2875.1,0.03954645055824146,"Neris, Héctor"
593576,CH,31.0,2875.1,0.010782233661437863,"Neris, Héctor"
593604,FF,38.699999999999996,64.5,0.6,"Baldonado, Alberto"
593604,SL,22.2,64.5,0.3441860465116279,"Baldonado, Alberto"
593604,CH,3.3,64.5,0.05116279069767442,"Baldonado, Alberto"
593604,SI,0.3,64.5,0.004651162790697674,"Baldonado, Alberto"
593619,SI,215.35,498.75,0.4317794486215539,"Tapia, Domingo"
593619,FF,155.20000000000002,498.75,0.31117794486215544,"Tapia, Domingo"
593619,SL,72.75,498.75,0.14586466165413534,"Tapia, Domingo"
593619,CH,53.050000000000004,498.75,0.10636591478696743,"Tapia, Domingo"
593619,FC,2.4,498.75,0.00481203007518797,"Tapia, Domingo"
593643,OTHER,90.45,90.45,1.0,"Alberto, Hanser"
593833,FC,343.9,475.35,0.723466919112233,"Suero, Wander"
593833,CH,106.35,475.35,0.2237298832439255,"Suero, Wander"
593833,CU,22.5,475.35,0.047333543704638686,"Suero, Wander"
593833,SI,2.6,475.35,0.005469653939202693,"Suero, Wander"
593934,OTHER,1.7,2.55,0.6666666666666667,"Sanó, Miguel"
593934,CU,0.85,2.55,0.33333333333333337,"Sanó, Miguel"
593958,FF,2748.85,6239.4,0.44056319517902365,"Rodriguez, Eduardo"
593958,CH,1241.95,6239.4,0.19904958810142004,"Rodriguez, Eduardo"
593958,FC,1123.8,6239.4,0.18011347244927398,"Rodriguez, Eduardo"
593958,SI,657.8,6239.4,0.10542680385934546,"Rodriguez, Eduardo"
593958,SL,345.0,6239.4,0.05529377824790846,"Rodriguez, Eduardo"
593958,CU,121.0,6239.4,0.019392890342020068,"Rodriguez, Eduardo"
593958,OTHER,1.0,6239.4,0.00016027182100843032,"Rodriguez, Eduardo"
593974,SI,1130.05,2811.05,0.4020028103377741,"Peralta, Wandy"
593974,CH,1125.25,2811.05,0.4002952633357642,"Peralta, Wandy"
593974,SL,409.4,2811.05,0.14563952971309652,"Peralta, Wandy"
593974,FF,146.35,2811.05,0.052062396613365106,"Peralta, Wandy"
594056,FF,41.699999999999996,68.7,0.6069868995633186,"Guduan, Reymin"
594056,SL,24.9,68.7,0.36244541484716153,"Guduan, Reymin"
594056,SI,2.1,68.7,0.03056768558951965,"Guduan, Reymin"
594311,SI,171.6,306.9,0.5591397849462366,"Gustave, Jandel"
594311,SL,102.6,306.9,0.3343108504398827,"Gustave, Jandel"
594311,FF,32.7,306.9,0.10654936461388076,"Gustave, Jandel"
594577,FF,425.5,1079.2,0.39427353595255743,"Mayers, Mike"
594577,SL,352.05,1079.2,0.32621386212008896,"Mayers, Mike"
594577,FC,172.05,1079.2,0.1594236471460341,"Mayers, Mike"
594577,CH,61.1,1079.2,0.056616011860637507,"Mayers, Mike"
594577,SI,37.050000000000004,1079.2,0.03433098591549296,"Mayers, Mike"
594577,CU,29.5,1079.2,0.027335063009636767,"Mayers, Mike"
594577,FS,1.9500000000000002,1079.2,0.001806893995552261,"Mayers, Mike"
594580,ST,729.35,1881.4,0.38766344211757203,"Moll, Sam"
594580,SI,623.9,1881.4,0.3316147549697034,"Moll, Sam"
594580,FF,439.45,1881.4,0.23357606038056763,"Moll, Sam"
594580,CH,88.7,1881.4,0.047145742532156906,"Moll, Sam"
594694,OTHER,17.4,17.7,0.983050847457627,"Difo, Wilmer"
594694,CU,0.3,17.7,0.01694915254237288,"Difo, Wilmer"
594795,FF,48.3,75.0,0.644,"Dayton, Grant"
594795,CU,26.099999999999998,75.0,0.348,"Dayton, Grant"
594795,SI,0.6,75.0,0.008,"Dayton, Grant"
594798,FF,1778.25,3723.7,0.47754921180546234,"deGrom, Jacob"
594798,SL,1402.65,3723.7,0.37668179498885523,"deGrom, Jacob"
594798,CH,384.55,3723.7,0.10327094019389318,"deGrom, Jacob"
594798,CU,158.25,3723.7,0.04249805301178935,"deGrom, Jacob"
594809,FF,4.2,6.3,0.6666666666666667,"Eaton, Adam"
594809,SL,0.8999999999999999,6.3,0.14285714285714285,"Eaton, Adam"
594809,CU,0.6,6.3,0.09523809523809523,"Eaton, Adam"
594809,SI,0.6,6.3,0.09523809523809523,"Eaton, Adam"
594835,FF,1062.25,2964.65,0.3583053648828698,"Gonzales, Marco"
594835,CH,806.45,2964.65,0.2720219924780328,"Gonzales, Marco"
594835,FC,505.1,2964.65,0.17037424316529776,"Gonzales, Marco"
594835,CU,453.0,2964.65,0.15280049921575903,"Gonzales, Marco"
594835,SI,137.85,2964.65,0.04649790025804058,"Gonzales, Marco"
594838,SL,2.25,2.25,1.0,"Gosselin, Phil"
594902,FF,1134.75,3596.05,0.31555456681636795,"Lively, Ben"
594902,SI,964.15,3596.05,0.26811362467151456,"Lively, Ben"
594902,ST,636.1,3596.05,0.1768885304709334,"Lively, Ben"
594902,CH,329.95,3596.05,0.09175345170395294,"Lively, Ben"
594902,CU,272.1,3596.05,0.07566635614076557,"Lively, Ben"
594902,SL,162.4,3596.05,0.04516066239345949,"Lively, Ben"
594902,FC,96.6,3596.05,0.026862807803006074,"Lively, Ben"
594943,FC,95.55,300.3,0.3181818181818182,"Neal, Zach"
594943,SI,81.9,300.3,0.27272727272727276,"Neal, Zach"
594943,CH,55.25,300.3,0.18398268398268397,"Neal, Zach"
594943,FF,38.35,300.3,0.1277056277056277,"Neal, Zach"
594943,CU,29.25,300.3,0.0974025974025974,"Neal, Zach"
594965,FF,144.29999999999998,195.9,0.7366003062787135,"Ponce de Leon, Daniel"
594965,CH,23.7,195.9,0.12098009188361408,"Ponce de Leon, Daniel"
594965,FC,19.5,195.9,0.0995405819295559,"Ponce de Leon, Daniel"
594965,CU,8.1,195.9,0.04134762633996937,"Ponce de Leon, Daniel"
594965,SI,0.3,195.9,0.0015313935681470136,"Ponce de Leon, Daniel"
594985,SL,30.599999999999998,59.4,0.5151515151515151,"Rowen, Ben"
594985,SI,27.3,59.4,0.4595959595959596,"Rowen, Ben"
594985,FF,1.5,59.4,0.025252525252525252,"Rowen, Ben"
594986,SI,27.0,67.5,0.4,"Ryan, Kyle"
594986,FF,17.7,67.5,0.2622222222222222,"Ryan, Kyle"
594986,FC,15.299999999999999,67.5,0.22666666666666666,"Ryan, Kyle"
594986,CU,7.5,67.5,0.1111111111111111,"Ryan, Kyle"
594987,FC,71.1,174.29999999999998,0.4079173838209983,"Sadler, Casey"
594987,CU,54.9,174.29999999999998,0.314974182444062,"Sadler, Casey"
594987,SI,47.1,174.29999999999998,0.27022375215146305,"Sadler, Casey"
594987,CH,0.6,174.29999999999998,0.0034423407917383822,"Sadler, Casey"
594987,FF,0.6,174.29999999999998,0.0034423407917383822,"Sadler, Casey"
595014,ST,601.05,1504.1,0.3996077388471511,"Treinen, Blake"
595014,SI,469.4,1504.1,0.31208031380892226,"Treinen, Blake"
595014,FC,266.55,1504.1,0.1772156106641846,"Treinen, Blake"
595014,FF,165.6,1504.1,0.11009906256232964,"Treinen, Blake"
595014,SL,1.2,1504.1,0.0007978192939299248,"Treinen, Blake"
595014,CH,0.3,1504.1,0.0001994548234824812,"Treinen, Blake"
595191,FF,66.75,166.5,0.4009009009009009,"Eickhoff, Jerad"
595191,SL,54.9,166.5,0.32972972972972975,"Eickhoff, Jerad"
595191,CU,26.85,166.5,0.16126126126126128,"Eickhoff, Jerad"
595191,CH,17.7,166.5,0.1063063063063063,"Eickhoff, Jerad"
595191,SI,0.3,166.5,0.0018018018018018018,"Eickhoff, Jerad"
595263,OTHER,17.099999999999998,21.3,0.8028169014084505,"Jannis, Mickey"
595263,FF,2.6999999999999997,21.3,0.12676056338028166,"Jannis, Mickey"
595263,KC,1.5,21.3,0.07042253521126761,"Jannis, Mickey"
595284,SL,1.2,1.2,1.0,"Knapp, Andrew"
595345,SL,1722.65,2843.6,0.6057989871993249,"Okert, Steven"
595345,FF,1008.75,2843.6,0.354743986495991,"Okert, Steven"
595345,SI,61.55,2843.6,0.02164509776339851,"Okert, Steven"
595345,CH,42.65,2843.6,0.014998593332395555,"Okert, Steven"
595345,FC,7.0,2843.6,0.002461668307778872,"Okert, Steven"
595345,OTHER,1.0,2843.6,0.0003516669011112674,"Okert, Steven"
595411,SI,84.15,151.0,0.5572847682119205,"Sherriff, Ryan"
595411,SL,64.7,151.0,0.428476821192053,"Sherriff, Ryan"
595411,CH,2.15,151.0,0.01423841059602649,"Sherriff, Ryan"
595465,FC,157.2,236.1,0.6658195679796696,"Winkler, Dan"
595465,FF,47.1,236.1,0.1994917407878018,"Winkler, Dan"
595465,CU,16.8,236.1,0.07115628970775095,"Winkler, Dan"
595465,SI,15.0,236.1,0.06353240152477764,"Winkler, Dan"
595798,SI,11.1,21.3,0.5211267605633803,"Alaniz, R.J."
595798,CH,5.1,21.3,0.23943661971830985,"Alaniz, R.J."
595798,SL,5.1,21.3,0.23943661971830985,"Alaniz, R.J."
595881,FF,177.1,694.8,0.25489349453080024,"Beede, Tyler"
595881,SI,130.05,694.8,0.18717616580310883,"Beede, Tyler"
595881,CH,129.45000000000002,694.8,0.18631260794473234,"Beede, Tyler"
595881,CU,108.75,694.8,0.15651986183074268,"Beede, Tyler"
595881,FS,75.64999999999999,694.8,0.10888025331030513,"Beede, Tyler"
595881,SL,73.8,694.8,0.10621761658031088,"Beede, Tyler"
595897,FF,140.85,277.1,0.5083002526163839,"Burdi, Nick"
595897,SL,95.7,277.1,0.3453626849512811,"Burdi, Nick"
595897,SI,38.55,277.1,0.1391194514615662,"Burdi, Nick"
595897,CH,2.0,277.1,0.007217610970768675,"Burdi, Nick"
595918,FF,14.399999999999999,34.199999999999996,0.4210526315789474,"Cole, A.J."
595918,SL,8.1,34.199999999999996,0.2368421052631579,"Cole, A.J."
595918,FC,6.6,34.199999999999996,0.1929824561403509,"Cole, A.J."
595918,CU,3.9,34.199999999999996,0.11403508771929825,"Cole, A.J."
595918,CH,1.2,34.199999999999996,0.03508771929824562,"Cole, A.J."
595928,FF,516.65,976.05,0.5293273910148045,"Curtiss, John"
595928,SL,236.6,976.05,0.24240561446647202,"Curtiss, John"
595928,FC,180.75,976.05,0.1851851851851852,"Curtiss, John"
595928,CH,42.05,976.05,0.04308180933353824,"Curtiss, John"
595939,FF,92.55,195.0,0.4746153846153846,"Ellis, Chris"
595939,SL,62.4,195.0,0.32,"Ellis, Chris"
595939,CU,21.45,195.0,0.11,"Ellis, Chris"
595939,CH,18.6,195.0,0.09538461538461539,"Ellis, Chris"
595943,OTHER,1.5,1.5,1.0,"Evans, Phillip"
595978,OTHER,106.15,106.15,1.0,"Hedges, Austin"
596001,ST,1857.0,3726.4,0.49833619579218547,"Junis, Jakob"
596001,SI,1064.9,3726.4,0.28577179046801204,"Junis, Jakob"
596001,CH,505.35,3726.4,0.13561346071275227,"Junis, Jakob"
596001,FF,246.1,3726.4,0.06604229282954058,"Junis, Jakob"
596001,FC,40.699999999999996,3726.4,0.010922069557750106,"Junis, Jakob"
596001,SL,12.35,3726.4,0.0033141906397595533,"Junis, Jakob"
596027,SL,62.849999999999994,179.85,0.3494578815679733,"Maples, Dillon"
596027,FF,59.699999999999996,179.85,0.3319432860717264,"Maples, Dillon"
596027,SI,33.3,179.85,0.18515429524603835,"Maples, Dillon"
596027,CU,24.0,179.85,0.13344453711426188,"Maples, Dillon"
596043,FC,17.55,53.550000000000004,0.3277310924369748,"Mengden, Daniel"
596043,FF,15.75,53.550000000000004,0.2941176470588235,"Mengden, Daniel"
596043,CH,10.35,53.550000000000004,0.19327731092436973,"Mengden, Daniel"
596043,CU,9.450000000000001,53.550000000000004,0.17647058823529413,"Mengden, Daniel"
596043,SL,0.45,53.550000000000004,0.008403361344537815,"Mengden, Daniel"
596049,FF,19.5,59.699999999999996,0.32663316582914576,"Morimando, Shawn"
596049,FC,18.0,59.699999999999996,0.30150753768844224,"Morimando, Shawn"
596049,CU,15.0,59.699999999999996,0.2512562814070352,"Morimando, Shawn"
596049,SI,5.7,59.699999999999996,0.09547738693467338,"Morimando, Shawn"
596049,CH,1.5,59.699999999999996,0.02512562814070352,"Morimando, Shawn"
596056,OTHER,7.5,10.5,0.7142857142857143,"Nogowski, John"
596056,CU,3.0,10.5,0.2857142857142857,"Nogowski, John"
596057,FF,369.35,928.5,0.3977921378567582,"Norris, Daniel"
596057,CH,289.6,928.5,0.311900915455035,"Norris, Daniel"
596057,ST,131.05,928.5,0.14114162627894455,"Norris, Daniel"
596057,SL,94.64999999999999,928.5,0.10193861066235864,"Norris, Daniel"
596057,SI,36.65,928.5,0.03947226709746903,"Norris, Daniel"
596057,CU,7.2,928.5,0.007754442649434572,"Norris, Daniel"
596071,CH,121.65,439.35,0.2768863093205872,"Peters, Dillon"
596071,FF,112.8,439.35,0.2567429156708774,"Peters, Dillon"
596071,SI,106.35,439.35,0.24206213724820755,"Peters, Dillon"
596071,CU,67.05,439.35,0.15261181290542847,"Peters, Dillon"
596071,SL,31.5,439.35,0.07169682485489928,"Peters, Dillon"
596082,SL,99.5,205.0,0.4853658536585366,"Reed, Jake"
596082,SI,84.9,205.0,0.41414634146341467,"Reed, Jake"
596082,FF,14.200000000000001,205.0,0.06926829268292684,"Reed, Jake"
596082,CH,3.8,205.0,0.018536585365853658,"Reed, Jake"
596082,FC,2.6,205.0,0.012682926829268294,"Reed, Jake"
596103,OTHER,11.8,11.8,1.0,"Slater, Austin"
596112,FF,453.5,1290.65,0.3513733390152249,"Stephenson, Robert"
596112,SL,406.0,1290.65,0.31457017781737884,"Stephenson, Robert"
596112,FC,309.1,1290.65,0.2394917289737729,"Stephenson, Robert"
596112,FS,68.7,1290.65,0.05322899314298996,"Stephenson, Robert"
596112,CU,52.9,1290.65,0.04098709952349591,"Stephenson, Robert"
596112,SI,0.45,1290.65,0.0003486615271374888,"Stephenson, Robert"
596117,OTHER,82.25,82.25,1.0,"Stubbs, Garrett"
596133,FF,2204.3,4355.55,0.5060899312371572,"Weaver, Luke"
596133,CH,1122.95,4355.55,0.25782048191388,"Weaver, Luke"
596133,FC,519.85,4355.55,0.11935346856309766,"Weaver, Luke"
596133,SL,209.0,4355.55,0.04798475508259577,"Weaver, Luke"
596133,KC,186.3,4355.55,0.04277301374108896,"Weaver, Luke"
596133,ST,46.15,4355.55,0.010595676780199974,"Weaver, Luke"
596133,CU,36.45,4355.55,0.008368633123256536,"Weaver, Luke"
596133,SI,30.55,4355.55,0.007014039558723927,"Weaver, Luke"
596142,OTHER,19.0,19.0,1.0,"Sánchez, Gary"
596271,SI,223.0,700.2,0.31848043416166805,"Lawrence, Casey"
596271,CH,135.95,700.2,0.19415881176806624,"Lawrence, Casey"
596271,ST,116.10000000000001,700.2,0.16580976863753213,"Lawrence, Casey"
596271,SL,112.65,700.2,0.16088260497000856,"Lawrence, Casey"
596271,FF,93.10000000000001,700.2,0.13296201085404172,"Lawrence, Casey"
596271,CU,11.4,700.2,0.016281062553556127,"Lawrence, Casey"
596271,FC,8.0,700.2,0.011425307055127105,"Lawrence, Casey"
596295,FF,2457.35,6069.05,0.40489862499073165,"Gomber, Austin"
596295,KC,1221.7,6069.05,0.2013000387210519,"Gomber, Austin"
596295,SL,1163.05,6069.05,0.1916362527907992,"Gomber, Austin"
596295,CH,1125.55,6069.05,0.18545736153104686,"Gomber, Austin"
596295,FC,46.0,6069.05,0.007579439945296216,"Gomber, Austin"
596295,FS,45.0,6069.05,0.0074146695117028195,"Gomber, Austin"
596295,SI,10.4,6069.05,0.0017136125093713183,"Gomber, Austin"
596825,OTHER,6.6,8.7,0.7586206896551725,"García, Robel"
596825,CU,1.2,8.7,0.13793103448275862,"García, Robel"
596825,SL,0.6,8.7,0.06896551724137931,"García, Robel"
596825,CH,0.3,8.7,0.034482758620689655,"García, Robel"
597113,FF,12.299999999999999,21.599999999999998,0.5694444444444444,"Johnson, DJ"
597113,CU,6.0,21.599999999999998,0.2777777777777778,"Johnson, DJ"
597113,CH,3.3,21.599999999999998,0.1527777777777778,"Johnson, DJ"
598264,KC,487.85,1041.35,0.4684784174389015,"Barnes, Matt"
598264,FF,477.05,1041.35,0.45810726460844103,"Barnes, Matt"
598264,FS,53.65,1041.35,0.05151966197724108,"Barnes, Matt"
598264,CH,22.8,1041.35,0.021894655975416528,"Barnes, Matt"
598265,OTHER,13.5,13.5,1.0,"Bradley Jr., Jackie"
598286,SI,280.75,686.8,0.40877984857309263,"Ramirez, Nick"
598286,CH,201.85,686.8,0.29389924286546304,"Ramirez, Nick"
598286,ST,155.25,686.8,0.22604834012813046,"Ramirez, Nick"
598286,FC,17.4,686.8,0.025334886429819452,"Ramirez, Nick"
598286,SL,16.05,686.8,0.023369248689574844,"Ramirez, Nick"
598286,FF,13.950000000000001,686.8,0.02031158998252767,"Ramirez, Nick"
598286,KC,1.55,686.8,0.002256843331391963,"Ramirez, Nick"
598287,FF,207.3,561.15,0.3694199411921946,"Ramirez, Noé"
598287,CU,179.55,561.15,0.3199679230152366,"Ramirez, Noé"
598287,CH,172.95,561.15,0.3082063619353114,"Ramirez, Noé"
598287,OTHER,1.35,561.15,0.002405773857257418,"Ramirez, Noé"
600887,FF,14.399999999999999,24.0,0.6,"Del Pozo, Miguel"
600887,CU,9.299999999999999,24.0,0.38749999999999996,"Del Pozo, Miguel"
600887,CH,0.3,24.0,0.012499999999999999,"Del Pozo, Miguel"
600917,FF,749.7,2142.95,0.3498448400569309,"Leclerc, José"
600917,SL,681.35,2142.95,0.31794955551926085,"Leclerc, José"
600917,FC,306.6,2142.95,0.1430738001353275,"Leclerc, José"
600917,CH,291.25,2142.95,0.1359107771996547,"Leclerc, José"
600917,SI,106.8,2142.95,0.04983784036025106,"Leclerc, José"
600917,CU,7.25,2142.95,0.0033831867285750955,"Leclerc, José"
600921,FF,401.65,1149.75,0.34933681235051095,"Machado, Andrés"
600921,SI,327.05,1149.75,0.2844531419873886,"Machado, Andrés"
600921,CH,227.55,1149.75,0.19791258969341163,"Machado, Andrés"
600921,SL,193.5,1149.75,0.16829745596868884,"Machado, Andrés"
600944,FF,6.3,9.6,0.65625,"Paulino, David"
600944,CU,3.3,9.6,0.34375,"Paulino, David"
600986,SI,263.05,649.85,0.40478571978148803,"Vieira, Thyago"
600986,SL,239.75,649.85,0.36893129183657764,"Vieira, Thyago"
600986,FF,141.95,649.85,0.2184350234669539,"Vieira, Thyago"
600986,CH,5.1,649.85,0.007847964914980379,"Vieira, Thyago"
601713,FF,4239.3,8570.9,0.4946155012892462,"Pivetta, Nick"
601713,CU,1373.35,8570.9,0.16023404776627892,"Pivetta, Nick"
601713,ST,1108.4,8570.9,0.12932130814733578,"Pivetta, Nick"
601713,FC,719.45,8570.9,0.08394100969559791,"Pivetta, Nick"
601713,KC,520.95,8570.9,0.06078124817697092,"Pivetta, Nick"
601713,SL,463.45,8570.9,0.05407250113757015,"Pivetta, Nick"
601713,SI,79.3,8570.9,0.009252237221295314,"Pivetta, Nick"
601713,FS,43.2,8570.9,0.005040310819167182,"Pivetta, Nick"
601713,CH,22.65,8570.9,0.0026426629642161267,"Pivetta, Nick"
601713,OTHER,0.85,8570.9,9.91727823215765e-05,"Pivetta, Nick"
605121,SL,363.8,803.25,0.45291005291005293,"Anderson, Justin"
605121,FF,266.05,803.25,0.33121693121693124,"Anderson, Justin"
605121,SI,112.2,803.25,0.13968253968253969,"Anderson, Justin"
605121,FC,61.199999999999996,803.25,0.07619047619047618,"Anderson, Justin"
605130,CU,888.15,3793.65,0.23411490253449843,"Barlow, Scott"
605130,FF,867.45,3793.65,0.22865841603732553,"Barlow, Scott"
605130,SL,858.35,3793.65,0.2262596707656215,"Barlow, Scott"
605130,ST,817.45,3793.65,0.21547849696202867,"Barlow, Scott"
605130,SI,359.25,3793.65,0.09469771855600806,"Barlow, Scott"
605130,OTHER,2.0,3793.65,0.0005271967630118751,"Barlow, Scott"
605130,CH,1.0,3793.65,0.00026359838150593755,"Barlow, Scott"
605135,SI,3625.95,9251.25,0.3919416295095257,"Bassitt, Chris"
605135,FC,1614.25,9251.25,0.1744899337927307,"Bassitt, Chris"
605135,CU,1262.95,9251.25,0.13651668693419808,"Bassitt, Chris"
605135,FF,875.45,9251.25,0.09463045534387246,"Bassitt, Chris"
605135,ST,682.35,9251.25,0.07375760032428051,"Bassitt, Chris"
605135,CH,517.9,9251.25,0.05598162410485069,"Bassitt, Chris"
605135,SL,405.45,9251.25,0.04382650993109039,"Bassitt, Chris"
605135,FS,266.95,9251.25,0.028855560059451425,"Bassitt, Chris"
605138,FF,60.599999999999994,138.29999999999998,0.43817787418655096,"Benjamin, Wes"
605138,FC,39.0,138.29999999999998,0.2819956616052061,"Benjamin, Wes"
605138,CU,20.4,138.29999999999998,0.14750542299349242,"Benjamin, Wes"
605138,CH,17.4,138.29999999999998,0.12581344902386118,"Benjamin, Wes"
605138,SL,0.8999999999999999,138.29999999999998,0.006507592190889371,"Benjamin, Wes"
605151,FF,217.65,519.85,0.41867846494181016,"Bradley, Archie"
605151,SI,132.85,519.85,0.25555448687121285,"Bradley, Archie"
605151,KC,101.8,519.85,0.19582571895739154,"Bradley, Archie"
605151,CH,67.55,519.85,0.12994132922958546,"Bradley, Archie"
605154,SL,1167.4,2296.35,0.5083719816230104,"Brebbia, John"
605154,FF,1091.35,2296.35,0.4752542077644958,"Brebbia, John"
605154,CH,31.8,2296.35,0.013848063230779282,"Brebbia, John"
605154,CU,4.0,2296.35,0.0017418947460099725,"Brebbia, John"
605154,SI,1.8,2296.35,0.0007838526357044876,"Brebbia, John"
605155,FF,136.25,408.95,0.33317031421934223,"Brewer, Colten"
605155,SL,113.0,408.95,0.2763173982149407,"Brewer, Colten"
605155,CU,106.35,408.95,0.26005624159432694,"Brewer, Colten"
605155,FC,42.7,408.95,0.10441374251130946,"Brewer, Colten"
605155,SI,8.1,408.95,0.01980682234992053,"Brewer, Colten"
605155,ST,2.55,408.95,0.006235481110160166,"Brewer, Colten"
605156,SL,129.8,425.8,0.3048379520901832,"Brooks, Aaron"
605156,FF,115.45,425.8,0.27113668388914985,"Brooks, Aaron"
605156,SI,104.85,425.8,0.24624236730859556,"Brooks, Aaron"
605156,CH,65.7,425.8,0.1542977923907938,"Brooks, Aaron"
605156,KC,10.0,425.8,0.023485204321277594,"Brooks, Aaron"
605164,FF,549.75,1438.2,0.38224864413850645,"Bundy, Dylan"
605164,SL,331.95,1438.2,0.23080934501460157,"Bundy, Dylan"
605164,CH,246.3,1438.2,0.17125573633708802,"Bundy, Dylan"
605164,CU,166.35,1438.2,0.1156654151022111,"Bundy, Dylan"
605164,SI,143.25,1438.2,0.09960367125573634,"Bundy, Dylan"
605164,OTHER,0.6,1438.2,0.00041718815185648727,"Bundy, Dylan"
605170,OTHER,6.3,6.3,1.0,"Caratini, Victor"
605177,SI,1111.4,2698.05,0.4119271325586998,"Chafin, Andrew"
605177,SL,1014.4,2698.05,0.37597524137803223,"Chafin, Andrew"
605177,FF,561.4,2698.05,0.20807620318378087,"Chafin, Andrew"
605177,CH,10.85,2698.05,0.004021422879487036,"Chafin, Andrew"
605182,FF,1102.95,2574.25,0.42845488977372054,"Clevinger, Mike"
605182,ST,616.35,2574.25,0.23942895989123048,"Clevinger, Mike"
605182,CH,327.05,2574.25,0.12704671263474798,"Clevinger, Mike"
605182,FC,278.65000000000003,2574.25,0.10824511993784598,"Clevinger, Mike"
605182,SI,189.5,2574.25,0.07361367388559775,"Clevinger, Mike"
605182,CU,59.300000000000004,2574.25,0.023035835680295234,"Clevinger, Mike"
605182,OTHER,0.45,2574.25,0.00017480819656210547,"Clevinger, Mike"
605194,FF,229.35,505.65,0.4535746069415604,"Cotton, Jharel"
605194,CH,186.0,505.65,0.36784336991990507,"Cotton, Jharel"
605194,SL,59.4,505.65,0.1174725600711955,"Cotton, Jharel"
605194,CU,28.8,505.65,0.056956392761791756,"Cotton, Jharel"
605194,FC,2.1,505.65,0.004153070305547316,"Cotton, Jharel"
605195,SL,153.9,260.25,0.5913544668587897,"Crick, Kyle"
605195,FF,54.15,260.25,0.20806916426512967,"Crick, Kyle"
605195,SI,51.6,260.25,0.19827089337175793,"Crick, Kyle"
605195,CH,0.6,260.25,0.0023054755043227667,"Crick, Kyle"
605200,SI,1061.9,2805.2,0.3785469841722516,"Davies, Zach"
605200,CH,841.1,2805.2,0.2998360188221874,"Davies, Zach"
605200,FF,452.95,2805.2,0.1614679880222444,"Davies, Zach"
605200,FC,230.15,2805.2,0.08204406102951661,"Davies, Zach"
605200,CU,175.65,2805.2,0.06261585626693285,"Davies, Zach"
605200,SL,34.25,2805.2,0.012209468130614574,"Davies, Zach"
605200,ST,8.1,2805.2,0.0028874946527876802,"Davies, Zach"
605200,OTHER,1.1,2805.2,0.0003921289034649936,"Davies, Zach"
605218,FF,615.0,957.0500000000001,0.6425996551904288,"Edwards Jr., Carl"
605218,CU,196.1,957.0500000000001,0.20490047541925707,"Edwards Jr., Carl"
605218,CH,144.4,957.0500000000001,0.15088030928373647,"Edwards Jr., Carl"
605218,SI,1.55,957.0500000000001,0.0016195601065775037,"Edwards Jr., Carl"
605240,SI,14.399999999999999,40.8,0.3529411764705882,"Fry, Jace"
605240,FC,9.299999999999999,40.8,0.22794117647058823,"Fry, Jace"
605240,CU,6.6,40.8,0.16176470588235295,"Fry, Jace"
605240,FF,5.7,40.8,0.13970588235294118,"Fry, Jace"
605240,CH,4.8,40.8,0.11764705882352941,"Fry, Jace"
605242,FC,615.75,1533.25,0.40159791293005054,"Fulmer, Michael"
605242,FF,331.5,1533.25,0.21620740257622698,"Fulmer, Michael"
605242,SI,240.75,1533.25,0.15701940322843633,"Fulmer, Michael"
605242,ST,191.8,1533.25,0.12509375509538562,"Fulmer, Michael"
605242,CH,123.65,1533.25,0.08064568726561226,"Fulmer, Michael"
605242,CU,29.8,1533.25,0.019435838904288277,"Fulmer, Michael"
605276,FF,63.9,110.1,0.5803814713896458,"Hess, David"
605276,SL,42.0,110.1,0.3814713896457766,"Hess, David"
605276,CH,3.9,110.1,0.035422343324250684,"Hess, David"
605276,CU,0.3,110.1,0.0027247956403269754,"Hess, David"
605280,SI,2613.7,5035.75,0.5190289430571414,"Holmes, Clay"
605280,ST,809.8,5035.75,0.16081020701980836,"Holmes, Clay"
605280,SL,764.85,5035.75,0.15188402919128233,"Holmes, Clay"
605280,CH,430.0,5035.75,0.08538946532294098,"Holmes, Clay"
605280,FC,225.45,5035.75,0.04476989524896986,"Holmes, Clay"
605280,FF,151.15,5035.75,0.03001538996177332,"Holmes, Clay"
605280,CU,40.8,5035.75,0.008102070198083702,"Holmes, Clay"
605288,SI,2638.95,5596.95,0.47149786937528476,"Houser, Adrian"
605288,FF,915.8,5596.95,0.16362483138137734,"Houser, Adrian"
605288,SL,821.9,5596.95,0.14684783676823984,"Houser, Adrian"
605288,CH,614.9,5596.95,0.10986340774886322,"Houser, Adrian"
605288,CU,605.4,5596.95,0.10816605472623482,"Houser, Adrian"
605309,FF,32.4,60.9,0.5320197044334976,"Kela, Keone"
605309,CU,28.2,60.9,0.4630541871921182,"Kela, Keone"
605309,CH,0.3,60.9,0.0049261083743842365,"Kela, Keone"
605335,CH,32.3,99.45,0.32478632478632474,"Leibrandt, Brandon"
605335,SL,27.2,99.45,0.2735042735042735,"Leibrandt, Brandon"
605335,FF,21.25,99.45,0.21367521367521367,"Leibrandt, Brandon"
605335,SI,11.049999999999999,99.45,0.11111111111111109,"Leibrandt, Brandon"
605335,ST,7.6499999999999995,99.45,0.07692307692307691,"Leibrandt, Brandon"
605347,SI,1051.35,2845.3,0.36950409447158467,"López, Jorge"
605347,KC,541.05,2845.3,0.1901556953572558,"López, Jorge"
605347,FF,491.55,2845.3,0.17275858433205638,"López, Jorge"
605347,SL,401.5,2845.3,0.14110990053772887,"López, Jorge"
605347,CH,358.85,2845.3,0.12612026851298633,"López, Jorge"
605347,OTHER,1.0,2845.3,0.0003514567883878677,"López, Jorge"
605359,CH,45.9,130.5,0.35172413793103446,"Marshall, Evan"
605359,CU,36.9,130.5,0.2827586206896552,"Marshall, Evan"
605359,FF,31.5,130.5,0.2413793103448276,"Marshall, Evan"
605359,SI,16.2,130.5,0.12413793103448276,"Marshall, Evan"
605388,SL,62.4,132.6,0.47058823529411764,"Morgan, Adam"
605388,SI,27.9,132.6,0.21040723981900453,"Morgan, Adam"
605388,FF,18.3,132.6,0.13800904977375567,"Morgan, Adam"
605388,CU,14.1,132.6,0.10633484162895927,"Morgan, Adam"
605388,CH,9.9,132.6,0.07466063348416291,"Morgan, Adam"
605397,FF,1029.25,4423.9,0.2326567056217365,"Musgrove, Joe"
605397,CU,980.1,4423.9,0.22154659915459213,"Musgrove, Joe"
605397,FC,868.15,4423.9,0.19624087343746469,"Musgrove, Joe"
605397,SL,704.65,4423.9,0.15928253351115532,"Musgrove, Joe"
605397,CH,329.75,4423.9,0.07453830330703679,"Musgrove, Joe"
605397,SI,260.35,4423.9,0.058850787766450426,"Musgrove, Joe"
605397,ST,248.65,4423.9,0.056206062524017275,"Musgrove, Joe"
605397,OTHER,3.0,4423.9,0.0006781346775469609,"Musgrove, Joe"
605400,FF,2566.3,8420.4,0.30477174481022284,"Nola, Aaron"
605400,KC,2552.25,8420.4,0.3031031779962947,"Nola, Aaron"
605400,SI,1580.05,8420.4,0.1876454800247019,"Nola, Aaron"
605400,CH,1114.9,8420.4,0.13240463635931787,"Nola, Aaron"
605400,FC,606.9,8420.4,0.07207496080946274,"Nola, Aaron"
605441,FF,67.8,177.7,0.38154192459200903,"Ríos, Yacksel"
605441,SL,46.25,177.7,0.2602701181767023,"Ríos, Yacksel"
605441,SI,43.199999999999996,177.7,0.24310635903207653,"Ríos, Yacksel"
605441,FS,20.45,177.7,0.11508159819921215,"Ríos, Yacksel"
605446,FF,40.75,107.60000000000001,0.37871747211895906,"Rodríguez, Dereck"
605446,FC,30.45,107.60000000000001,0.28299256505576204,"Rodríguez, Dereck"
605446,CU,18.5,107.60000000000001,0.17193308550185873,"Rodríguez, Dereck"
605446,CH,17.900000000000002,107.60000000000001,0.16635687732342008,"Rodríguez, Dereck"
605447,SL,1181.95,2202.0,0.5367620345140781,"Romano, Jordan"
605447,FF,1016.6,2202.0,0.46167120799273387,"Romano, Jordan"
605447,SI,3.4499999999999997,2202.0,0.0015667574931880108,"Romano, Jordan"
605452,SI,845.6,2362.5,0.3579259259259259,"Ross, Joe"
605452,SL,724.5,2362.5,0.30666666666666664,"Ross, Joe"
605452,FF,548.05,2362.5,0.23197883597883595,"Ross, Joe"
605452,CH,185.35,2362.5,0.07845502645502646,"Ross, Joe"
605452,CU,59.0,2362.5,0.024973544973544974,"Ross, Joe"
605463,FF,771.45,1825.75,0.4225386827331234,"Scott, Tayler"
605463,ST,447.75,1825.75,0.24524168150075312,"Scott, Tayler"
605463,FS,396.9,1825.75,0.21739011365192384,"Scott, Tayler"
605463,SI,164.4,1825.75,0.09004518690948926,"Scott, Tayler"
605463,SL,35.0,1825.75,0.019170204025742845,"Scott, Tayler"
605463,CH,10.25,1825.75,0.005614131178967548,"Scott, Tayler"
605483,FF,3059.25,6290.35,0.48634018774789955,"Snell, Blake"
605483,CU,1260.2,6290.35,0.20033861390860602,"Snell, Blake"
605483,CH,1013.1,6290.35,0.16105622103698522,"Snell, Blake"
605483,SL,955.65,6290.35,0.15192318392458287,"Snell, Blake"
605483,SI,2.15,6290.35,0.00034179338192628385,"Snell, Blake"
605488,FF,1915.0,4573.75,0.41869363213992894,"Springs, Jeffrey"
605488,CH,1294.9,4573.75,0.28311560535665486,"Springs, Jeffrey"
605488,SL,982.4,4573.75,0.21479092648264553,"Springs, Jeffrey"
605488,ST,204.2,4573.75,0.04464607816343263,"Springs, Jeffrey"
605488,FC,175.9,4573.75,0.03845859524460235,"Springs, Jeffrey"
605488,SI,1.35,4573.75,0.00029516261273572014,"Springs, Jeffrey"
605498,FF,156.65,338.65000000000003,0.4625719769673704,"Suárez, Andrew"
605498,SL,77.35000000000001,338.65000000000003,0.22840690978886757,"Suárez, Andrew"
605498,CH,61.75,338.65000000000003,0.182341650671785,"Suárez, Andrew"
605498,CU,37.050000000000004,338.65000000000003,0.10940499040307101,"Suárez, Andrew"
605498,SI,5.8500000000000005,338.65000000000003,0.01727447216890595,"Suárez, Andrew"
605501,SI,2.1,4.5,0.4666666666666667,"Tarpley, Stephen"
605501,CU,1.7999999999999998,4.5,0.39999999999999997,"Tarpley, Stephen"
605501,FF,0.6,4.5,0.13333333333333333,"Tarpley, Stephen"
605507,FC,463.0,1385.25,0.33423569752752214,"Thompson, Zach"
605507,FF,280.65,1385.25,0.20259880887926365,"Thompson, Zach"
605507,CU,271.65,1385.25,0.19610178668110448,"Thompson, Zach"
605507,SI,232.20000000000002,1385.25,0.1676231727125068,"Thompson, Zach"
605507,CH,137.3,1385.25,0.09911568308969501,"Thompson, Zach"
605507,OTHER,0.45,1385.25,0.00032485110990795884,"Thompson, Zach"
605513,FF,556.45,1496.85,0.3717473360724188,"Turnbull, Spencer"
605513,ST,286.4,1496.85,0.19133513712128802,"Turnbull, Spencer"
605513,SI,222.25,1496.85,0.1484784714567258,"Turnbull, Spencer"
605513,SL,188.25,1496.85,0.1257641046197014,"Turnbull, Spencer"
605513,CU,130.8,1496.85,0.08738350536125866,"Turnbull, Spencer"
605513,CH,112.7,1496.85,0.07529144536860742,"Turnbull, Spencer"
605521,SL,232.2,396.15,0.5861416130253692,"Warren, Art"
605521,FF,162.6,396.15,0.41045058689890196,"Warren, Art"
605521,SI,1.35,396.15,0.003407800075728891,"Warren, Art"
605525,FF,218.25,455.55,0.4790912084293711,"Wendelken, J.B."
605525,SL,104.4,455.55,0.2291735265064208,"Wendelken, J.B."
605525,SI,66.9,455.55,0.1468554494567007,"Wendelken, J.B."
605525,CH,57.6,455.55,0.12644056634837011,"Wendelken, J.B."
605525,CU,8.4,455.55,0.018439249259137307,"Wendelken, J.B."
605538,SL,535.8,589.35,0.9091371850343598,"Wisler, Matt"
605538,FF,46.35,589.35,0.07864596589462967,"Wisler, Matt"
605538,SI,6.3,589.35,0.01068974293713413,"Wisler, Matt"
605538,CH,0.9,589.35,0.0015271061338763044,"Wisler, Matt"
605540,FF,1295.5,3627.05,0.357177320411905,"Woodruff, Brandon"
605540,SI,919.95,3627.05,0.25363587488454803,"Woodruff, Brandon"
605540,CH,608.2,3627.05,0.16768448187921314,"Woodruff, Brandon"
605540,CU,374.9,3627.05,0.10336223652830812,"Woodruff, Brandon"
605540,SL,265.5,3627.05,0.07319998345763086,"Woodruff, Brandon"
605540,FC,151.0,3627.05,0.04163162900980135,"Woodruff, Brandon"
605540,ST,12.0,3627.05,0.0033084738285934848,"Woodruff, Brandon"
605541,FF,37.5,97.5,0.38461538461538464,"Wright Jr., Mike"
605541,SL,29.4,97.5,0.30153846153846153,"Wright Jr., Mike"
605541,SI,21.599999999999998,97.5,0.22153846153846152,"Wright Jr., Mike"
605541,CH,9.0,97.5,0.09230769230769231,"Wright Jr., Mike"
605612,OTHER,50.95,50.95,1.0,"Castro, Harold"
606115,OTHER,4.5,4.5,1.0,"Arcia, Orlando"
606131,SI,72.0,128.25,0.5614035087719298,"Perdomo, Luis"
606131,SL,35.550000000000004,128.25,0.2771929824561404,"Perdomo, Luis"
606131,FS,20.7,128.25,0.16140350877192983,"Perdomo, Luis"
606149,FF,832.05,1691.6,0.4918716008512651,"Gallegos, Giovanny"
606149,SL,777.05,1691.6,0.4593580042563254,"Gallegos, Giovanny"
606149,CH,80.75,1691.6,0.04773587136438875,"Gallegos, Giovanny"
606149,SI,1.75,1691.6,0.0010345235280208088,"Gallegos, Giovanny"
606160,FF,1393.9,3182.7,0.4379614792471801,"Montero, Rafael"
606160,FS,514.0,3182.7,0.16149809909824991,"Montero, Rafael"
606160,SI,479.6,3182.7,0.15068966600684955,"Montero, Rafael"
606160,CH,450.65,3182.7,0.1415936154837088,"Montero, Rafael"
606160,SL,344.55,3182.7,0.1082571401640117,"Montero, Rafael"
606162,FF,2.6999999999999997,6.8999999999999995,0.391304347826087,"Ramírez, Yefry"
606162,CH,1.7999999999999998,6.8999999999999995,0.2608695652173913,"Ramírez, Yefry"
606162,SL,1.7999999999999998,6.8999999999999995,0.2608695652173913,"Ramírez, Yefry"
606162,CU,0.6,6.8999999999999995,0.08695652173913043,"Ramírez, Yefry"
606213,OTHER,9.0,9.6,0.9375,"Mercedes, Yermín"
606213,CU,0.6,9.6,0.0625,"Mercedes, Yermín"
606273,FF,21.150000000000002,51.300000000000004,0.41228070175438597,"Elías, Roenis"
606273,CH,17.55,51.300000000000004,0.34210526315789475,"Elías, Roenis"
606273,CU,11.700000000000001,51.300000000000004,0.2280701754385965,"Elías, Roenis"
606273,SI,0.9,51.300000000000004,0.017543859649122806,"Elías, Roenis"
606303,ST,785.0,2601.7,0.30172579467271404,"Payamps, Joel"
606303,FF,776.55,2601.7,0.2984779182841988,"Payamps, Joel"
606303,SI,533.5,2601.7,0.2050582311565515,"Payamps, Joel"
606303,SL,274.45,2601.7,0.10548871891455587,"Payamps, Joel"
606303,CH,229.9,2601.7,0.08836529961179229,"Payamps, Joel"
606303,FC,2.0,2601.7,0.0007687281392935389,"Payamps, Joel"
606303,OTHER,0.3,2601.7,0.00011530922089403083,"Payamps, Joel"
606424,CH,205.65,757.35,0.27153891859774215,"García, Jarlín"
606424,SL,205.65,757.35,0.27153891859774215,"García, Jarlín"
606424,SI,183.3,757.35,0.24202812438106558,"García, Jarlín"
606424,FF,162.75,757.35,0.21489403842345017,"García, Jarlín"
606625,FF,171.95000000000002,334.05,0.5147433019009131,"Moronta, Reyes"
606625,SL,127.55,334.05,0.3818290675048645,"Moronta, Reyes"
606625,CH,34.55,334.05,0.10342763059422241,"Moronta, Reyes"
606930,FC,729.05,1519.4,0.4798275635119125,"Barnes, Jacob"
606930,FF,716.75,1519.4,0.47173226273529023,"Barnes, Jacob"
606930,SL,52.4,1519.4,0.03448729761748058,"Barnes, Jacob"
606930,CH,15.2,1519.4,0.010003948927208108,"Barnes, Jacob"
606930,FS,6.0,1519.4,0.003948927208108463,"Barnes, Jacob"
606965,CH,605.6,1295.7,0.46739214324303463,"Devenski, Chris"
606965,FF,372.3,1295.7,0.2873350312572355,"Devenski, Chris"
606965,ST,125.05,1295.7,0.09651153816469861,"Devenski, Chris"
606965,FC,99.4,1295.7,0.07671528903295516,"Devenski, Chris"
606965,SL,73.2,1295.7,0.05649455892567724,"Devenski, Chris"
606965,SI,15.75,1295.7,0.012155591572123176,"Devenski, Chris"
606965,KC,4.4,1295.7,0.0033958478042756812,"Devenski, Chris"
606993,OTHER,12.6,12.6,1.0,"Hager, Jake"
606996,ST,209.0,611.0,0.34206219312602293,"Hart, Kyle"
606996,SI,135.0,611.0,0.220949263502455,"Hart, Kyle"
606996,FF,98.0,611.0,0.16039279869067102,"Hart, Kyle"
606996,CH,75.0,611.0,0.12274959083469722,"Hart, Kyle"
606996,SL,61.0,611.0,0.09983633387888707,"Hart, Kyle"
606996,FS,33.0,611.0,0.054009819967266774,"Hart, Kyle"
607054,OTHER,43.55,43.55,1.0,"Peterson, Jace"
607067,FF,1726.65,6023.8,0.28663800258972744,"Rea, Colin"
607067,SI,1337.15,6023.8,0.22197782130880842,"Rea, Colin"
607067,FC,950.8,6023.8,0.1578405657558352,"Rea, Colin"
607067,ST,744.35,6023.8,0.12356817955443408,"Rea, Colin"
607067,CH,579.55,6023.8,0.09621003353364985,"Rea, Colin"
607067,CU,436.3,6023.8,0.07242936352468542,"Rea, Colin"
607067,SL,248.0,6023.8,0.04117002556525781,"Rea, Colin"
607067,OTHER,1.0,6023.8,0.00016600816760184602,"Rea, Colin"
607074,FF,4266.75,8522.15,0.5006659117710907,"Rodón, Carlos"
607074,SL,2385.35,8522.15,0.2799000252283755,"Rodón, Carlos"
607074,CH,1005.05,8522.15,0.11793385471975969,"Rodón, Carlos"
607074,CU,466.4,8522.15,0.05472797357474346,"Rodón, Carlos"
607074,SI,313.9,8522.15,0.03683342818420234,"Rodón, Carlos"
607074,FC,84.7,8522.15,0.009938806521828412,"Rodón, Carlos"
607179,FF,956.8,1682.85,0.5685592893008884,"Weems, Jordan"
607179,SL,595.35,1682.85,0.35377484624298067,"Weems, Jordan"
607179,FS,109.95,1682.85,0.06533559140743382,"Weems, Jordan"
607179,CU,20.75,1682.85,0.012330273048697151,"Weems, Jordan"
607188,FF,150.5,258.25,0.5827686350435625,"Faria, Jake"
607188,FS,46.9,258.25,0.18160696999031944,"Faria, Jake"
607188,CU,37.25,258.25,0.1442400774443369,"Faria, Jake"
607188,SL,23.3,258.25,0.09022265246853824,"Faria, Jake"
607188,SI,0.3,258.25,0.0011616650532429815,"Faria, Jake"
607192,FF,2013.5,4757.85,0.42319535084124127,"Glasnow, Tyler"
607192,SL,1335.35,4757.85,0.28066248410521555,"Glasnow, Tyler"
607192,CU,955.75,4757.85,0.20087854808369324,"Glasnow, Tyler"
607192,SI,439.8,4757.85,0.09243670985844446,"Glasnow, Tyler"
607192,CH,13.45,4757.85,0.002826907111405361,"Glasnow, Tyler"
607200,SI,2224.0,6483.75,0.34301137459032194,"Fedde, Erick"
607200,FC,1887.2,6483.75,0.29106612685560057,"Fedde, Erick"
607200,ST,1121.1,6483.75,0.1729091960670908,"Fedde, Erick"
607200,CH,763.5,6483.75,0.11775592828224407,"Fedde, Erick"
607200,CU,431.85,6483.75,0.06660497397339503,"Fedde, Erick"
607200,FF,46.2,6483.75,0.007125506072874494,"Fedde, Erick"
607200,FS,9.6,6483.75,0.0014806246385193752,"Fedde, Erick"
607200,OTHER,0.3,6483.75,4.6269519953730476e-05,"Fedde, Erick"
607216,FF,193.6,531.55,0.364217853447465,"Krehbiel, Joey"
607216,CH,159.9,531.55,0.3008183613959176,"Krehbiel, Joey"
607216,FC,158.70000000000002,531.55,0.29856081271752427,"Krehbiel, Joey"
607216,SL,19.05,531.55,0.03583858526949488,"Krehbiel, Joey"
607216,SI,0.3,531.55,0.0005643871695983444,"Krehbiel, Joey"
607219,SI,80.1,131.1,0.6109839816933639,"Romano, Sal"
607219,SL,46.5,131.1,0.35469107551487417,"Romano, Sal"
607219,KC,2.6999999999999997,131.1,0.020594965675057208,"Romano, Sal"
607219,FF,1.7999999999999998,131.1,0.013729977116704805,"Romano, Sal"
607229,SI,123.45,221.25,0.5579661016949152,"Gsellman, Robert"
607229,SL,52.2,221.25,0.2359322033898305,"Gsellman, Robert"
607229,CH,31.8,221.25,0.14372881355932204,"Gsellman, Robert"
607229,FF,8.85,221.25,0.04,"Gsellman, Robert"
607229,CU,4.95,221.25,0.022372881355932205,"Gsellman, Robert"
607231,SI,213.0,592.5,0.3594936708860759,"Gant, John"
607231,CH,133.2,592.5,0.22481012658227847,"Gant, John"
607231,FC,116.69999999999999,592.5,0.19696202531645568,"Gant, John"
607231,FF,78.6,592.5,0.13265822784810125,"Gant, John"
607231,CU,33.0,592.5,0.05569620253164557,"Gant, John"
607231,SL,18.0,592.5,0.030379746835443037,"Gant, John"
607237,SL,517.95,992.4,0.5219165659008465,"Garrett, Amir"
607237,FF,369.25,992.4,0.3720777912132205,"Garrett, Amir"
607237,SI,105.2,992.4,0.1060056428859331,"Garrett, Amir"
607259,CH,1384.85,6088.25,0.227462735597257,"Martinez, Nick"
607259,FF,1252.55,6088.25,0.20573235330349443,"Martinez, Nick"
607259,FC,1187.35,6088.25,0.1950232004270521,"Martinez, Nick"
607259,SI,1083.25,6088.25,0.17792469100316183,"Martinez, Nick"
607259,CU,816.35,6088.25,0.1340861495503634,"Martinez, Nick"
607259,SL,362.25,6088.25,0.059499856280540386,"Martinez, Nick"
607259,OTHER,1.65,6088.25,0.00027101383813082577,"Martinez, Nick"
607352,SL,3.3,12.299999999999999,0.2682926829268293,"Biagini, Joe"
607352,SI,3.0,12.299999999999999,0.24390243902439027,"Biagini, Joe"
607352,CH,2.4,12.299999999999999,0.1951219512195122,"Biagini, Joe"
607352,FF,2.4,12.299999999999999,0.1951219512195122,"Biagini, Joe"
607352,CU,1.2,12.299999999999999,0.0975609756097561,"Biagini, Joe"
607359,FF,213.9,394.7,0.5419305801874842,"Patton, Spencer"
607359,SL,148.3,394.7,0.37572840131745633,"Patton, Spencer"
607359,FS,29.0,394.7,0.0734735241955916,"Patton, Spencer"
607359,SI,3.5,394.7,0.00886749429946795,"Patton, Spencer"
607374,SI,10.2,36.0,0.2833333333333333,"Tropeano, Nick"
607374,SL,10.2,36.0,0.2833333333333333,"Tropeano, Nick"
607374,FF,6.0,36.0,0.16666666666666666,"Tropeano, Nick"
607374,CH,5.7,36.0,0.15833333333333333,"Tropeano, Nick"
607374,FS,3.9,36.0,0.10833333333333334,"Tropeano, Nick"
607391,FC,64.65,184.65,0.3501218521527214,"Mazza, Chris"
607391,SL,55.35,184.65,0.29975629569455725,"Mazza, Chris"
607391,SI,51.449999999999996,184.65,0.2786352558895207,"Mazza, Chris"
607391,FF,7.6499999999999995,184.65,0.04142973192526401,"Mazza, Chris"
607391,CH,5.55,184.65,0.030056864337936636,"Mazza, Chris"
607455,SL,711.05,2245.3,0.316683739366677,"Banda, Anthony"
607455,FF,666.25,2245.3,0.29673094909366227,"Banda, Anthony"
607455,SI,499.5,2245.3,0.22246470404845675,"Banda, Anthony"
607455,CH,317.1,2245.3,0.14122834365118248,"Banda, Anthony"
607455,CU,48.3,2245.3,0.021511602013094017,"Banda, Anthony"
607455,FC,3.1,2245.3,0.0013806618269273593,"Banda, Anthony"
607457,FF,101.85,250.2,0.40707434052757796,"Barraclough, Kyle"
607457,SL,96.65,250.2,0.3862909672262191,"Barraclough, Kyle"
607457,SI,23.95,250.2,0.0957234212629896,"Barraclough, Kyle"
607457,FC,21.45,250.2,0.08573141486810551,"Barraclough, Kyle"
607457,CH,6.3,250.2,0.025179856115107913,"Barraclough, Kyle"
607461,OTHER,14.3,14.3,1.0,"Beaty, Matt"
607468,FF,15.299999999999999,21.599999999999998,0.7083333333333334,"Blandino, Alex"
607468,CU,3.9,21.599999999999998,0.18055555555555558,"Blandino, Alex"
607468,OTHER,2.4,21.599999999999998,0.11111111111111112,"Blandino, Alex"
607481,SI,1253.75,2919.6,0.4294252637347582,"Bummer, Aaron"
607481,ST,905.9,2919.6,0.3102822304425264,"Bummer, Aaron"
607481,CU,342.7,2919.6,0.11737909302644198,"Bummer, Aaron"
607481,FF,247.1,2919.6,0.08463488149061515,"Bummer, Aaron"
607481,FC,152.4,2919.6,0.05219893136046034,"Bummer, Aaron"
607481,CH,16.85,2919.6,0.005771338539525963,"Bummer, Aaron"
607481,SL,0.9,2919.6,0.00030826140567200987,"Bummer, Aaron"
607536,FF,1838.35,7265.2,0.25303501624181024,"Freeland, Kyle"
607536,KC,1531.9,7265.2,0.21085448439134505,"Freeland, Kyle"
607536,FC,1486.0,7265.2,0.20453669547982162,"Freeland, Kyle"
607536,SI,1312.15,7265.2,0.18060755381820184,"Freeland, Kyle"
607536,CH,792.8,7265.2,0.1091229422452238,"Freeland, Kyle"
607536,ST,304.0,7265.2,0.04184330782359742,"Freeland, Kyle"
607560,CU,89.39999999999999,170.1,0.5255731922398589,"Harper, Ryne"
607560,FF,37.199999999999996,170.1,0.21869488536155202,"Harper, Ryne"
607560,SL,26.4,170.1,0.15520282186948853,"Harper, Ryne"
607560,OTHER,17.099999999999998,170.1,0.10052910052910052,"Harper, Ryne"
607572,SL,151.65,279.9,0.5418006430868167,"Howard, Sam"
607572,FF,123.75,279.9,0.44212218649517687,"Howard, Sam"
607572,CH,4.5,279.9,0.016077170418006433,"Howard, Sam"
607609,SI,6.75,18.45,0.36585365853658536,"Ladwig, A.J."
607609,SL,4.95,18.45,0.2682926829268293,"Ladwig, A.J."
607609,CH,4.05,18.45,0.21951219512195122,"Ladwig, A.J."
607609,FF,1.8,18.45,0.0975609756097561,"Ladwig, A.J."
607609,CU,0.9,18.45,0.04878048780487805,"Ladwig, A.J."
607625,FF,1816.05,7185.4,0.25274167060984776,"Lugo, Seth"
607625,CU,1508.5,7185.4,0.2099395997439252,"Lugo, Seth"
607625,SI,1293.6,7185.4,0.1800317310101038,"Lugo, Seth"
607625,SL,593.0,7185.4,0.08252846048932558,"Lugo, Seth"
607625,FC,552.45,7185.4,0.07688507250814151,"Lugo, Seth"
607625,SV,546.85,7185.4,0.07610571436524063,"Lugo, Seth"
607625,CH,493.15,7185.4,0.06863222645920895,"Lugo, Seth"
607625,ST,178.5,7185.4,0.024842040804965625,"Lugo, Seth"
607625,OTHER,113.5,7185.4,0.015795919503437526,"Lugo, Seth"
607625,FS,89.8,7185.4,0.012497564505803435,"Lugo, Seth"
607644,FF,566.45,1283.45,0.4413494877089096,"Means, John"
607644,CH,369.8,1283.45,0.28812965055124856,"Means, John"
607644,KC,177.9,1283.45,0.13861077564377264,"Means, John"
607644,SL,168.35,1283.45,0.13116989364603218,"Means, John"
607644,SV,0.95,1283.45,0.0007401924500370096,"Means, John"
607680,SL,1.7999999999999998,1.7999999999999998,1.0,"Pillar, Kevin"
607732,OTHER,62.0,85.8,0.7226107226107227,"Stallings, Jacob"
607732,CH,23.8,85.8,0.27738927738927743,"Stallings, Jacob"
607755,SL,500.45,618.0,0.809789644012945,"Vasquez, Andrew"
607755,SI,42.800000000000004,618.0,0.06925566343042072,"Vasquez, Andrew"
607755,FF,40.300000000000004,618.0,0.06521035598705502,"Vasquez, Andrew"
607755,CU,26.650000000000002,618.0,0.04312297734627832,"Vasquez, Andrew"
607755,CH,7.800000000000001,618.0,0.012621359223300972,"Vasquez, Andrew"
607968,SL,68.9,227.5,0.3028571428571429,"Rucinski, Drew"
607968,FF,64.35000000000001,227.5,0.2828571428571429,"Rucinski, Drew"
607968,SI,60.45,227.5,0.26571428571428574,"Rucinski, Drew"
607968,CH,17.55,227.5,0.07714285714285715,"Rucinski, Drew"
607968,CU,16.25,227.5,0.07142857142857142,"Rucinski, Drew"
608032,FF,1978.05,3209.6,0.6162917497507477,"Estévez, Carlos"
608032,SL,818.9,3209.6,0.25514082751744765,"Estévez, Carlos"
608032,CH,401.95,3209.6,0.1252336739780658,"Estévez, Carlos"
608032,CU,5.9,3209.6,0.0018382352941176473,"Estévez, Carlos"
608032,SI,4.8,3209.6,0.0014955134596211365,"Estévez, Carlos"
608328,FF,416.15,907.05,0.4587949947632435,"De Jong, Chase"
608328,SL,258.5,907.05,0.2849898021057274,"De Jong, Chase"
608328,CU,198.7,907.05,0.21906179372691692,"De Jong, Chase"
608328,FS,17.35,907.05,0.019127942230307043,"De Jong, Chase"
608328,CH,15.75,907.05,0.017363982139904085,"De Jong, Chase"
608328,SI,0.6,907.05,0.000661485033901108,"De Jong, Chase"
608331,FF,2111.35,8369.85,0.25225661152828305,"Fried, Max"
608331,CU,1701.6,8369.85,0.2033011344289324,"Fried, Max"
608331,SI,1327.3,8369.85,0.15858109763018452,"Fried, Max"
608331,FC,1033.05,8369.85,0.12342515098836895,"Fried, Max"
608331,CH,1001.5,8369.85,0.1196556688590596,"Fried, Max"
608331,SL,642.15,8369.85,0.07672180505026971,"Fried, Max"
608331,ST,552.9,8369.85,0.0660585315149017,"Fried, Max"
608334,CH,525.25,1948.6499999999999,0.26954558283940167,"Fulmer, Carson"
608334,FF,452.65,1948.6499999999999,0.2322890206040079,"Fulmer, Carson"
608334,SI,446.9,1948.6499999999999,0.22933825982090164,"Fulmer, Carson"
608334,SL,294.45,1948.6499999999999,0.15110461088445848,"Fulmer, Carson"
608334,CU,149.5,1948.6499999999999,0.07671978036076259,"Fulmer, Carson"
608334,ST,45.9,1948.6499999999999,0.023554768686013396,"Fulmer, Carson"
608334,FC,33.0,1948.6499999999999,0.01693480101608806,"Fulmer, Carson"
608334,OTHER,1.0,1948.6499999999999,0.0005131757883663049,"Fulmer, Carson"
608335,SI,143.7,356.7,0.40285954583683764,"Funkhouser, Kyle"
608335,SL,107.7,356.7,0.3019343986543314,"Funkhouser, Kyle"
608335,FF,77.7,356.7,0.21783010933557612,"Funkhouser, Kyle"
608335,CH,27.599999999999998,356.7,0.07737594617325483,"Funkhouser, Kyle"
608337,FF,2994.7,6571.35,0.455720666225357,"Giolito, Lucas"
608337,CH,1719.4,6571.35,0.2616509545222823,"Giolito, Lucas"
608337,SL,1676.6,6571.35,0.25513783316974437,"Giolito, Lucas"
608337,CU,177.9,6571.35,0.02707206281814239,"Giolito, Lucas"
608337,SI,1.75,6571.35,0.00026630753193788184,"Giolito, Lucas"
608337,OTHER,1.0,6571.35,0.0001521757325359325,"Giolito, Lucas"
608344,FF,1315.25,4308.5,0.3052686549843333,"Irvin, Cole"
608344,SI,958.25,4308.5,0.22240919113380528,"Irvin, Cole"
608344,CH,765.8,4308.5,0.1777416734362307,"Irvin, Cole"
608344,SV,655.1,4308.5,0.15204827666241152,"Irvin, Cole"
608344,FC,320.1,4308.5,0.07429499825925497,"Irvin, Cole"
608344,CU,173.1,4308.5,0.04017639549727283,"Irvin, Cole"
608344,SL,120.89999999999999,4308.5,0.028060810026691422,"Irvin, Cole"
608348,OTHER,64.4,64.4,1.0,"Kelly, Carson"
608349,FF,324.75,487.8,0.6657441574415744,"Knebel, Corey"
608349,KC,152.25,487.8,0.31211562115621155,"Knebel, Corey"
608349,SL,10.8,487.8,0.022140221402214024,"Knebel, Corey"
608371,ST,764.35,1955.95,0.3907819729543189,"Sims, Lucas"
608371,FF,761.35,1955.95,0.389248191415936,"Sims, Lucas"
608371,CU,168.35,1955.95,0.08607070732891944,"Sims, Lucas"
608371,SL,135.9,1955.95,0.0694803036887446,"Sims, Lucas"
608371,FC,120.45,1955.95,0.06158132876607275,"Sims, Lucas"
608371,SI,3.15,1955.95,0.0016104706153020271,"Sims, Lucas"
608371,CH,0.8999999999999999,1955.95,0.00046013446151486485,"Sims, Lucas"
608371,FS,0.85,1955.95,0.0004345714358751502,"Sims, Lucas"
608371,OTHER,0.65,1955.95,0.0003323193333162913,"Sims, Lucas"
608372,FS,587.0,2492.0,0.235553772070626,"Sugano, Tomoyuki"
608372,ST,499.0,2492.0,0.20024077046548958,"Sugano, Tomoyuki"
608372,FF,472.0,2492.0,0.18940609951845908,"Sugano, Tomoyuki"
608372,SI,396.0,2492.0,0.15890850722311398,"Sugano, Tomoyuki"
608372,FC,297.0,2492.0,0.11918138041733548,"Sugano, Tomoyuki"
608372,CU,241.0,2492.0,0.09670947030497593,"Sugano, Tomoyuki"
608379,CH,2306.95,7762.1,0.29720694142049187,"Wacha, Michael"
608379,FF,2116.9,7762.1,0.272722587959444,"Wacha, Michael"
608379,FC,1137.2,7762.1,0.1465067443088855,"Wacha, Michael"
608379,SI,1027.8,7762.1,0.13241262029605388,"Wacha, Michael"
608379,CU,643.6,7762.1,0.08291570580126512,"Wacha, Michael"
608379,SL,529.65,7762.1,0.06823540021385964,"Wacha, Michael"
608566,FF,1564.65,4348.5,0.35981372887202484,"Márquez, Germán"
608566,KC,1126.35,4348.5,0.25902035184546396,"Márquez, Germán"
608566,SI,791.95,4348.5,0.18212027135793954,"Márquez, Germán"
608566,SL,757.0,4348.5,0.17408301713234448,"Márquez, Germán"
608566,CH,108.55,4348.5,0.024962630792227204,"Márquez, Germán"
608638,SI,648.7,1316.9,0.49259624876604147,"Chargois, JT"
608638,SL,595.05,1316.9,0.45185663300174644,"Chargois, JT"
608638,FF,68.9,1316.9,0.05231984205330701,"Chargois, JT"
608638,CH,3.95,1316.9,0.0029994684486293567,"Chargois, JT"
608638,OTHER,0.3,1316.9,0.00022780773027564734,"Chargois, JT"
608648,FF,316.4,830.15,0.3811359392880804,"Duffey, Tyler"
608648,KC,297.05,830.15,0.35782689875323737,"Duffey, Tyler"
608648,SI,89.85,830.15,0.10823345178582183,"Duffey, Tyler"
608648,SL,78.2,830.15,0.09419984340179487,"Duffey, Tyler"
608648,CH,28.25,830.15,0.0340299945792929,"Duffey, Tyler"
608648,OTHER,20.4,830.15,0.02457387219177257,"Duffey, Tyler"
608650,FF,403.3,849.0,0.4750294464075383,"Enns, Dietrich"
608650,CH,221.7,849.0,0.26113074204946995,"Enns, Dietrich"
608650,FC,162.9,849.0,0.19187279151943465,"Enns, Dietrich"
608650,CU,38.1,849.0,0.044876325088339226,"Enns, Dietrich"
608650,SI,23.0,849.0,0.027090694935217905,"Enns, Dietrich"
608652,SL,120.89999999999999,270.15,0.44752915047196,"Farrell, Luke"
608652,FF,119.1,270.15,0.44086618545252637,"Farrell, Luke"
608652,CU,23.85,270.15,0.08828428650749585,"Farrell, Luke"
608652,CH,6.3,270.15,0.023320377568017768,"Farrell, Luke"
608665,SI,766.95,1757.6000000000001,0.4363620846609012,"Graveman, Kendall"
608665,SL,436.95,1757.6000000000001,0.24860605370960398,"Graveman, Kendall"
608665,FF,292.6,1757.6000000000001,0.1664770141101502,"Graveman, Kendall"
608665,CH,212.65,1757.6000000000001,0.12098884842967683,"Graveman, Kendall"
608665,CU,48.45,1757.6000000000001,0.02756599908966773,"Graveman, Kendall"
608671,OTHER,9.0,13.0,0.6923076923076923,"Jankowski, Travis"
608671,CU,4.0,13.0,0.3076923076923077,"Jankowski, Travis"
608678,FF,548.7,1493.6,0.3673674343867167,"Leone, Dominic"
608678,SL,432.45,1493.6,0.2895353508302089,"Leone, Dominic"
608678,FC,384.95,1493.6,0.25773299410819495,"Leone, Dominic"
608678,CH,75.64999999999999,1493.6,0.05064943760042849,"Leone, Dominic"
608678,SI,37.4,1493.6,0.02504017139796465,"Leone, Dominic"
608678,ST,14.45,1493.6,0.009674611676486342,"Leone, Dominic"
608686,OTHER,5.25,6.75,0.7777777777777778,"Mayfield, Jack"
608686,CU,1.5,6.75,0.2222222222222222,"Mayfield, Jack"
608700,OTHER,11.1,13.5,0.8222222222222222,"Plawecki, Kevin"
608700,CU,2.4,13.5,0.17777777777777778,"Plawecki, Kevin"
608703,OTHER,9.0,9.450000000000001,0.9523809523809523,"Reynolds, Matt"
608703,CU,0.45,9.450000000000001,0.047619047619047616,"Reynolds, Matt"
608716,FF,282.9,431.09999999999997,0.6562282533054976,"Steckenrider, Drew"
608716,CH,78.15,431.09999999999997,0.18128044537230345,"Steckenrider, Drew"
608716,CU,66.0,431.09999999999997,0.15309672929714685,"Steckenrider, Drew"
608716,SL,4.05,431.09999999999997,0.009394572025052192,"Steckenrider, Drew"
608717,FF,1352.95,2990.7,0.4523857290935233,"Stratton, Chris"
608717,CU,675.0,2990.7,0.22569966897381885,"Stratton, Chris"
608717,SL,559.6,2990.7,0.18711338482629486,"Stratton, Chris"
608717,CH,295.1,2990.7,0.098672551576554,"Stratton, Chris"
608717,SI,102.05,2990.7,0.0341224462500418,"Stratton, Chris"
608717,ST,5.15,2990.7,0.0017220048818002477,"Stratton, Chris"
608717,OTHER,0.85,2990.7,0.00028421439796703116,"Stratton, Chris"
608718,FF,1636.95,3534.3,0.4631610219845514,"Suter, Brent"
608718,CH,769.35,3534.3,0.21768101179865884,"Suter, Brent"
608718,SI,708.15,3534.3,0.20036499448264153,"Suter, Brent"
608718,SL,404.85,3534.3,0.1145488498429675,"Suter, Brent"
608718,CU,15.0,3534.3,0.004244121891180714,"Suter, Brent"
608723,FF,882.4,2321.5,0.38009907387465003,"Voth, Austin"
608723,CU,597.7,2321.5,0.25746284729700625,"Voth, Austin"
608723,FC,531.95,2321.5,0.22914064182640537,"Voth, Austin"
608723,ST,301.6,2321.5,0.12991600258453587,"Voth, Austin"
608723,FS,7.2,2321.5,0.0031014430325220763,"Voth, Austin"
608723,OTHER,0.65,2321.5,0.0002799913848804652,"Voth, Austin"
611093,FF,47.9,111.15,0.430949167791273,"Bracho, Silvino"
611093,CH,42.9,111.15,0.38596491228070173,"Bracho, Silvino"
611093,SL,20.35,111.15,0.1830859199280252,"Bracho, Silvino"
612434,SL,612.1,1559.25,0.39256052589385926,"Castro, Miguel"
612434,SI,533.15,1559.25,0.34192720859387526,"Castro, Miguel"
612434,CH,269.0,1559.25,0.17251883918550584,"Castro, Miguel"
612434,FF,145.0,1559.25,0.09299342632675967,"Castro, Miguel"
613534,SL,968.5,1209.35,0.8008434282879233,"Adams, Austin"
613534,FF,211.85,1209.35,0.17517674783974863,"Adams, Austin"
613534,SI,29.0,1209.35,0.023979823872328113,"Adams, Austin"
613564,OTHER,16.25,16.25,1.0,"Vosler, Jason"
614177,CH,1.8,4.5,0.4,"Reyes, Franmil"
614177,FF,1.8,4.5,0.4,"Reyes, Franmil"
614177,CU,0.9,4.5,0.2,"Reyes, Franmil"
614179,FF,891.45,2320.65,0.384138064766337,"Ruiz, José"
614179,CU,814.05,2320.65,0.3507853403141361,"Ruiz, José"
614179,SI,322.0,2320.65,0.1387542283411975,"Ruiz, José"
614179,CH,257.05,2320.65,0.11076638010902118,"Ruiz, José"
614179,SL,36.1,2320.65,0.015555986469308168,"Ruiz, José"
615698,SI,2008.0,7190.15,0.27927094705951894,"Quantrill, Cal"
615698,FC,1617.05,7190.15,0.22489795066862306,"Quantrill, Cal"
615698,FS,1220.0,7190.15,0.16967657142062406,"Quantrill, Cal"
615698,FF,1049.1,7190.15,0.14590794350604647,"Quantrill, Cal"
615698,CU,690.7,7190.15,0.09606197367231561,"Quantrill, Cal"
615698,CH,407.85,7190.15,0.05672343414254223,"Quantrill, Cal"
615698,SL,193.15,7190.15,0.02686313915565044,"Quantrill, Cal"
615698,OTHER,4.3,7190.15,0.0005980403746792487,"Quantrill, Cal"
617228,FF,315.0,663.0,0.4751131221719457,"Sawamura, Hirokazu"
617228,FS,253.35,663.0,0.38212669683257916,"Sawamura, Hirokazu"
617228,SL,94.65,663.0,0.14276018099547513,"Sawamura, Hirokazu"
620396,FF,19.95,33.0,0.6045454545454545,"Aguilar, Miguel"
620396,CU,6.1499999999999995,33.0,0.18636363636363634,"Aguilar, Miguel"
620396,SL,6.0,33.0,0.18181818181818182,"Aguilar, Miguel"
620396,CH,0.8999999999999999,33.0,0.02727272727272727,"Aguilar, Miguel"
620443,OTHER,39.4,40.85,0.9645042839657282,"Torrens, Luis"
620443,CH,1.45,40.85,0.03549571603427172,"Torrens, Luis"
620454,SL,243.2,565.15,0.4303282314429797,"Castillo, José"
620454,SI,213.25,565.15,0.3773334512961161,"Castillo, José"
620454,FF,94.7,565.15,0.16756613288507477,"Castillo, José"
620454,CH,14.0,565.15,0.024772184375829426,"Castillo, José"
620982,SI,84.14999999999999,187.0,0.44999999999999996,"Pinto, Ricardo"
620982,FS,56.1,187.0,0.3,"Pinto, Ricardo"
620982,SL,20.4,187.0,0.10909090909090909,"Pinto, Ricardo"
620982,FF,13.6,187.0,0.07272727272727272,"Pinto, Ricardo"
620982,ST,12.75,187.0,0.06818181818181818,"Pinto, Ricardo"
621002,OTHER,3.0,3.0,1.0,"Robertson, Daniel"
621011,OTHER,16.2,16.2,1.0,"Schrock, Max"
621016,SI,666.2,1320.5,0.5045058689890194,"Cuas, Jose"
621016,SL,258.8,1320.5,0.19598636879969708,"Cuas, Jose"
621016,FF,237.20000000000002,1320.5,0.17962892843619843,"Cuas, Jose"
621016,ST,112.8,1320.5,0.08542218856493752,"Cuas, Jose"
621016,CH,45.5,1320.5,0.03445664521014767,"Cuas, Jose"
621028,OTHER,34.0,34.0,1.0,"Newman, Kevin"
621051,ST,1307.75,2464.65,0.5306027224960947,"Wilson, Steven"
621051,FF,946.15,2464.65,0.38388817884892373,"Wilson, Steven"
621051,CH,149.1,2464.65,0.06049540502708295,"Wilson, Steven"
621051,SL,40.5,2464.65,0.016432353478181484,"Wilson, Steven"
621051,FC,21.15,2464.65,0.008581340149716997,"Wilson, Steven"
621052,FF,114.89999999999999,374.7,0.3066453162530024,"Reyes, Alex"
621052,SL,105.0,374.7,0.28022417934347477,"Reyes, Alex"
621052,SI,89.39999999999999,374.7,0.2385908726981585,"Reyes, Alex"
621052,CH,33.9,374.7,0.09047237790232186,"Reyes, Alex"
621052,CU,31.5,374.7,0.08406725380304243,"Reyes, Alex"
621053,FF,634.6,1652.15,0.3841055594225706,"Ferguson, Tyler"
621053,ST,473.15,1652.15,0.28638440819538175,"Ferguson, Tyler"
621053,SI,297.85,1652.15,0.18028024089822353,"Ferguson, Tyler"
621053,FC,194.25,1652.15,0.11757407015101534,"Ferguson, Tyler"
621053,CH,52.3,1652.15,0.03165572133280876,"Ferguson, Tyler"
621056,CU,6.6,19.8,0.3333333333333333,"Wood, Hunter"
621056,FF,6.0,19.8,0.30303030303030304,"Wood, Hunter"
621056,SL,5.7,19.8,0.2878787878787879,"Wood, Hunter"
621056,CH,1.5,19.8,0.07575757575757576,"Wood, Hunter"
621057,FF,232.55,480.1,0.4843782545303062,"Garza, Justin"
621057,FC,137.75,480.1,0.2869193917933764,"Garza, Justin"
621057,SL,53.95,480.1,0.1123724224119975,"Garza, Justin"
621057,CH,44.85,480.1,0.093418037908769,"Garza, Justin"
621057,CU,8.0,480.1,0.0166631951676734,"Garza, Justin"
621057,FS,3.0,480.1,0.006248698187877526,"Garza, Justin"
621074,FF,402.95,1015.75,0.39670194437607675,"Rucker, Michael"
621074,SL,199.3,1015.75,0.19620969726802856,"Rucker, Michael"
621074,FC,177.65,1015.75,0.17489539748953975,"Rucker, Michael"
621074,CU,148.15,1015.75,0.14585281811469358,"Rucker, Michael"
621074,CH,66.25,1015.75,0.06522274181639183,"Rucker, Michael"
621074,SI,21.45,1015.75,0.021117400935269506,"Rucker, Michael"
621076,FF,1099.5,2319.85,0.47395305730973986,"Kaprielian, James"
621076,SL,549.15,2319.85,0.2367178912429683,"Kaprielian, James"
621076,CH,254.25,2319.85,0.10959760329331639,"Kaprielian, James"
621076,CU,217.1,2319.85,0.0935836368730737,"Kaprielian, James"
621076,SI,196.55,2319.85,0.08472530551544281,"Kaprielian, James"
621076,FC,2.65,2319.85,0.0011423152358988728,"Kaprielian, James"
621076,OTHER,0.65,2319.85,0.0002801905295601009,"Kaprielian, James"
621078,FF,2.4,8.4,0.2857142857142857,"Lail, Brady"
621078,SL,2.4,8.4,0.2857142857142857,"Lail, Brady"
621078,CU,2.1,8.4,0.25,"Lail, Brady"
621078,CH,0.8999999999999999,8.4,0.10714285714285712,"Lail, Brady"
621078,SI,0.6,8.4,0.07142857142857142,"Lail, Brady"
621079,FC,28.8,69.3,0.4155844155844156,"Wiles, Collin"
621079,SI,12.15,69.3,0.17532467532467533,"Wiles, Collin"
621079,FF,10.8,69.3,0.15584415584415587,"Wiles, Collin"
621079,CU,8.55,69.3,0.12337662337662339,"Wiles, Collin"
621079,SL,6.75,69.3,0.09740259740259741,"Wiles, Collin"
621079,CH,2.25,69.3,0.03246753246753247,"Wiles, Collin"
621082,SI,77.4,134.1,0.5771812080536913,"Lemoine, Jake"
621082,SL,33.300000000000004,134.1,0.24832214765100674,"Lemoine, Jake"
621082,FF,13.5,134.1,0.10067114093959732,"Lemoine, Jake"
621082,CH,9.9,134.1,0.0738255033557047,"Lemoine, Jake"
621097,FF,57.8,153.85,0.3756906077348066,"Waguespack, Jacob"
621097,FC,50.15,153.85,0.3259668508287293,"Waguespack, Jacob"
621097,CU,26.349999999999998,153.85,0.17127071823204418,"Waguespack, Jacob"
621097,CH,19.55,153.85,0.1270718232044199,"Waguespack, Jacob"
621098,FF,28.2,56.699999999999996,0.4973544973544974,"Hanhold, Eric"
621098,SL,14.1,56.699999999999996,0.2486772486772487,"Hanhold, Eric"
621098,CH,9.9,56.699999999999996,0.17460317460317462,"Hanhold, Eric"
621098,SI,4.5,56.699999999999996,0.07936507936507937,"Hanhold, Eric"
621107,SI,1757.15,5898.25,0.29791039715169754,"Eflin, Zach"
621107,FC,1357.55,5898.25,0.23016148857712032,"Eflin, Zach"
621107,CU,1178.55,5898.25,0.19981350400542533,"Eflin, Zach"
621107,FF,566.9,5898.25,0.0961132539312508,"Eflin, Zach"
621107,CH,483.65,5898.25,0.08199889797821387,"Eflin, Zach"
621107,ST,406.9,5898.25,0.06898656381129996,"Eflin, Zach"
621107,SL,147.54999999999998,5898.25,0.025015894544992156,"Eflin, Zach"
621111,FF,1465.1,4699.15,0.3117797899620144,"Buehler, Walker"
621111,FC,868.1,4699.15,0.1847355372780184,"Buehler, Walker"
621111,KC,701.9,4699.15,0.149367438792122,"Buehler, Walker"
621111,SI,621.9,4699.15,0.1323430833235798,"Buehler, Walker"
621111,ST,419.9,4699.15,0.08935658576551078,"Buehler, Walker"
621111,SL,332.65,4699.15,0.07078939808263196,"Buehler, Walker"
621111,CH,289.6,4699.15,0.061628166796122714,"Buehler, Walker"
621112,SI,997.5,3872.7,0.2575722364242002,"Blackburn, Paul"
621112,FC,859.15,3872.7,0.22184780643995147,"Blackburn, Paul"
621112,ST,524.3,3872.7,0.13538358251349186,"Blackburn, Paul"
621112,CH,506.0,3872.7,0.13065819712345392,"Blackburn, Paul"
621112,FF,490.8,3872.7,0.1267332868541328,"Blackburn, Paul"
621112,CU,488.65,3872.7,0.12617811862524853,"Blackburn, Paul"
621112,SL,6.3,3872.7,0.0016267720195212642,"Blackburn, Paul"
621114,SL,345.9,768.4499999999999,0.4501268787819637,"Burr, Ryan"
621114,FF,321.65,768.4499999999999,0.41856984839612205,"Burr, Ryan"
621114,FC,97.35,768.4499999999999,0.12668358383759518,"Burr, Ryan"
621114,SI,3.55,768.4499999999999,0.004619688984319084,"Burr, Ryan"
621121,ST,666.1,2324.95,0.28650078496311754,"McCullers Jr., Lance"
621121,SI,646.15,2324.95,0.27791995526785523,"McCullers Jr., Lance"
621121,KC,481.85,2324.95,0.2072517688552442,"McCullers Jr., Lance"
621121,CH,369.3,2324.95,0.1588421256371105,"McCullers Jr., Lance"
621121,FC,94.6,2324.95,0.04068904707628121,"McCullers Jr., Lance"
621121,FF,66.95,2324.95,0.02879631820039141,"McCullers Jr., Lance"
621129,FF,24.599999999999998,62.699999999999996,0.3923444976076555,"Cody, Kyle"
621129,SL,23.099999999999998,62.699999999999996,0.3684210526315789,"Cody, Kyle"
621129,CH,9.0,62.699999999999996,0.14354066985645933,"Cody, Kyle"
621129,SI,6.0,62.699999999999996,0.09569377990430622,"Cody, Kyle"
621139,FS,255.45,499.0,0.5119238476953908,"Kriske, Brooks"
621139,FF,182.05,499.0,0.3648296593186373,"Kriske, Brooks"
621139,FC,44.55,499.0,0.08927855711422845,"Kriske, Brooks"
621139,ST,11.65,499.0,0.02334669338677355,"Kriske, Brooks"
621139,SL,5.3,499.0,0.010621242484969939,"Kriske, Brooks"
621199,SI,373.2,895.4,0.4167969622515077,"Bowman, Matt"
621199,ST,208.85,895.4,0.2332477105204378,"Bowman, Matt"
621199,FC,198.1,895.4,0.22124190306008487,"Bowman, Matt"
621199,FS,101.39999999999999,895.4,0.11324547688184051,"Bowman, Matt"
621199,FF,13.85,895.4,0.015467947286129104,"Bowman, Matt"
621219,SI,307.65,742.6999999999999,0.41423185673892554,"Mills, Alec"
621219,FF,133.4,742.6999999999999,0.1796149185404605,"Mills, Alec"
621219,CH,127.55,742.6999999999999,0.17173825232260673,"Mills, Alec"
621219,SL,99.85,742.6999999999999,0.13444190117140165,"Mills, Alec"
621219,CU,74.25,742.6999999999999,0.09997307122660563,"Mills, Alec"
621237,SI,1522.7,2491.75,0.6110966188421793,"Alvarado, José"
621237,FC,904.45,2491.75,0.3629778268285342,"Alvarado, José"
621237,CU,37.9,2491.75,0.015210193639008728,"Alvarado, José"
621237,FF,26.7,2491.75,0.010715360690277917,"Alvarado, José"
621242,FF,1329.9,2562.35,0.5190157472632545,"Díaz, Edwin"
621242,SL,1229.65,2562.35,0.4798915058442446,"Díaz, Edwin"
621242,SI,1.7999999999999998,2562.35,0.00070248014517923,"Díaz, Edwin"
621242,CH,1.0,2562.35,0.00039026674732179446,"Díaz, Edwin"
621244,SI,2845.8,9000.2,0.316192973489478,"Berríos, José"
621244,SV,2572.15,9000.2,0.28578809359792,"Berríos, José"
621244,FF,1872.1,9000.2,0.20800648874469455,"Berríos, José"
621244,CH,1482.35,9000.2,0.164701895513433,"Berríos, José"
621244,FC,226.8,9000.2,0.025199440012444167,"Berríos, José"
621244,OTHER,1.0,9000.2,0.0001111086420301771,"Berríos, José"
621248,SI,120.15,376.8,0.31886942675159236,"Garza Jr., Ralph"
621248,SL,98.4,376.8,0.2611464968152866,"Garza Jr., Ralph"
621248,FF,56.85,376.8,0.15087579617834396,"Garza Jr., Ralph"
621248,CH,55.95,376.8,0.14848726114649682,"Garza Jr., Ralph"
621248,FC,35.55,376.8,0.09434713375796178,"Garza Jr., Ralph"
621248,CU,9.9,376.8,0.026273885350318472,"Garza Jr., Ralph"
621249,CH,250.95,1023.95,0.24508032618780212,"Underwood Jr., Duane"
621249,SI,210.70000000000002,1023.95,0.20577176619952148,"Underwood Jr., Duane"
621249,CU,193.5,1023.95,0.1889740709995605,"Underwood Jr., Duane"
621249,FF,187.85,1023.95,0.18345622344841056,"Underwood Jr., Duane"
621249,FC,178.25,1023.95,0.17408076566238584,"Underwood Jr., Duane"
621249,SL,2.6999999999999997,1023.95,0.002636847502319449,"Underwood Jr., Duane"
621259,SI,6.8999999999999995,15.6,0.4423076923076923,"Koerner, Brody"
621259,FC,3.9,15.6,0.25,"Koerner, Brody"
621259,CH,1.7999999999999998,15.6,0.11538461538461538,"Koerner, Brody"
621259,SL,1.7999999999999998,15.6,0.11538461538461538,"Koerner, Brody"
621259,CU,0.6,15.6,0.038461538461538464,"Koerner, Brody"
621259,FF,0.6,15.6,0.038461538461538464,"Koerner, Brody"
621261,FF,26.099999999999998,46.8,0.5576923076923077,"Oswalt, Corey"
621261,CH,12.6,46.8,0.2692307692307692,"Oswalt, Corey"
621261,SL,8.1,46.8,0.17307692307692307,"Oswalt, Corey"
621294,SI,133.25,416.95,0.31958268377503296,"Heller, Ben"
621294,FC,102.7,416.95,0.24631250749490347,"Heller, Ben"
621294,CH,72.1,416.95,0.17292241275932366,"Heller, Ben"
621294,SL,36.55,416.95,0.08766039093416476,"Heller, Ben"
621294,FF,36.35,416.95,0.0871807171123636,"Heller, Ben"
621294,ST,36.0,416.95,0.08634128792421154,"Heller, Ben"
621295,FF,356.35,835.85,0.4263324759227134,"Wittgren, Nick"
621295,SL,168.95000000000002,835.85,0.20212956870251841,"Wittgren, Nick"
621295,CH,158.65,835.85,0.18980678351378835,"Wittgren, Nick"
621295,FC,117.9,835.85,0.14105401686905544,"Wittgren, Nick"
621295,SI,34.0,835.85,0.04067715499192439,"Wittgren, Nick"
621345,FF,944.3,2028.7,0.4654704983486962,"Minter, A.J."
621345,FC,773.05,2028.7,0.38105683442598703,"Minter, A.J."
621345,CH,311.35,2028.7,0.15347266722531672,"Minter, A.J."
621348,SI,192.75,292.2,0.6596509240246407,"Clay, Sam"
621348,SL,69.14999999999999,292.2,0.23665297741273097,"Clay, Sam"
621348,CH,30.3,292.2,0.10369609856262835,"Clay, Sam"
621363,FF,1177.05,1682.05,0.6997711126304212,"Poche, Colin"
621363,SL,412.75,1682.05,0.24538509556790822,"Poche, Colin"
621363,CU,92.25,1682.05,0.05484379180167058,"Poche, Colin"
621366,SL,588.55,1326.1,0.4438202247191011,"Borucki, Ryan"
621366,SI,409.4,1326.1,0.3087248322147651,"Borucki, Ryan"
621366,ST,147.2,1326.1,0.11100218686373577,"Borucki, Ryan"
621366,FS,97.0,1326.1,0.0731468215066737,"Borucki, Ryan"
621366,CH,83.5,1326.1,0.0629665937712088,"Borucki, Ryan"
621366,FF,0.45,1326.1,0.0003393409245154966,"Borucki, Ryan"
621368,FF,724.15,1524.5,0.4750081994096425,"Hearn, Taylor"
621368,SL,401.35,1524.5,0.2632666448015743,"Hearn, Taylor"
621368,SI,241.9,1524.5,0.15867497540177108,"Hearn, Taylor"
621368,CH,143.6,1524.5,0.09419481797310593,"Hearn, Taylor"
621368,FC,13.5,1524.5,0.0088553624139062,"Hearn, Taylor"
621381,FF,1355.6,3067.0,0.441995435278774,"Strahm, Matt"
621381,SL,708.75,3067.0,0.23108901206390609,"Strahm, Matt"
621381,SI,495.8,3067.0,0.16165634170198892,"Strahm, Matt"
621381,FC,406.25,3067.0,0.1324584284316922,"Strahm, Matt"
621381,CU,59.85,3067.0,0.01951418324095207,"Strahm, Matt"
621381,CH,40.75,3067.0,0.013286599282686664,"Strahm, Matt"
621383,SL,1024.15,3109.4,0.3293722261529556,"Banks, Tanner"
621383,FF,944.5,3109.4,0.30375635170772497,"Banks, Tanner"
621383,ST,521.65,3109.4,0.16776548530263072,"Banks, Tanner"
621383,CH,381.85,3109.4,0.12280504277352544,"Banks, Tanner"
621383,SI,237.25,3109.4,0.07630089406316332,"Banks, Tanner"
621389,SI,1105.95,2092.45,0.5285430954144663,"Blach, Ty"
621389,CH,478.4,2092.45,0.22863150851872208,"Blach, Ty"
621389,FC,320.25,2092.45,0.1530502520968243,"Blach, Ty"
621389,CU,184.6,2092.45,0.0882219407871156,"Blach, Ty"
621389,FF,3.25,2092.45,0.0015532031828717533,"Blach, Ty"
621399,FF,23.8,37.4,0.6363636363636364,"Feigl, Brady"
621399,CU,9.35,37.4,0.25,"Feigl, Brady"
621399,CH,4.25,37.4,0.11363636363636365,"Feigl, Brady"
621433,OTHER,33.8,38.0,0.8894736842105262,"Phillips, Brett"
621433,FF,4.2,38.0,0.1105263157894737,"Phillips, Brett"
621500,OTHER,2.4,3.0,0.7999999999999999,"Mathisen, Wyatt"
621500,SL,0.6,3.0,0.19999999999999998,"Mathisen, Wyatt"
621512,SL,7.0,9.0,0.7777777777777778,"Nido, Tomás"
621512,CU,2.0,9.0,0.2222222222222222,"Nido, Tomás"
621532,OTHER,6.3,6.3,1.0,"Bemboom, Anthony"
621550,OTHER,11.049999999999999,11.049999999999999,1.0,"Wisdom, Patrick"
621593,SL,125.7,265.2,0.4739819004524887,"Castro, Anthony"
621593,FF,121.95,265.2,0.45984162895927605,"Castro, Anthony"
621593,SI,13.05,265.2,0.049208144796380096,"Castro, Anthony"
621593,CH,4.2,265.2,0.015837104072398193,"Castro, Anthony"
621593,OTHER,0.3,265.2,0.0011312217194570137,"Castro, Anthony"
622065,CH,428.9,1268.15,0.3382092023814217,"Young, Alex"
622065,SI,405.4,1268.15,0.31967827149785116,"Young, Alex"
622065,CU,302.25,1268.15,0.2383393131727319,"Young, Alex"
622065,FF,68.5,1268.15,0.05401569214998225,"Young, Alex"
622065,FC,61.8,1268.15,0.04873240547253873,"Young, Alex"
622065,SL,1.3,1268.15,0.0010251153254741158,"Young, Alex"
622072,SI,1516.85,3352.55,0.45244664509105004,"Wood, Alex"
622072,SL,1037.25,3352.55,0.3093913588164233,"Wood, Alex"
622072,CH,792.25,3352.55,0.23631265752934333,"Wood, Alex"
622072,FF,6.2,3352.55,0.0018493385631832486,"Wood, Alex"
622075,ST,485.2,1202.0,0.40366056572379366,"Almonte, Yency"
622075,SI,296.95,1202.0,0.24704658901830281,"Almonte, Yency"
622075,FF,249.55,1202.0,0.20761231281198003,"Almonte, Yency"
622075,CH,79.55,1202.0,0.06618136439267887,"Almonte, Yency"
622075,SL,58.5,1202.0,0.04866888519134775,"Almonte, Yency"
622075,FC,31.95,1202.0,0.02658069883527454,"Almonte, Yency"
622075,OTHER,0.3,1202.0,0.0002495840266222962,"Almonte, Yency"
622088,CU,82.35,247.79999999999998,0.33232445520581116,"Antone, Tejay"
622088,FF,76.3,247.79999999999998,0.307909604519774,"Antone, Tejay"
622088,SL,72.35,247.79999999999998,0.2919693301049233,"Antone, Tejay"
622088,SI,16.8,247.79999999999998,0.06779661016949154,"Antone, Tejay"
622092,FF,143.54999999999998,284.7,0.5042149631190727,"Zimmer, Kyle"
622092,SL,104.55,284.7,0.3672286617492097,"Zimmer, Kyle"
622092,CU,28.95,284.7,0.10168598524762909,"Zimmer, Kyle"
622092,CH,6.75,284.7,0.023709167544783985,"Zimmer, Kyle"
622092,SI,0.8999999999999999,284.7,0.003161222339304531,"Zimmer, Kyle"
622098,FF,813.1,1474.5,0.5514411664971177,"Smith, Drew"
622098,SL,307.95,1474.5,0.20885045778229908,"Smith, Drew"
622098,FC,125.25,1474.5,0.0849440488301119,"Smith, Drew"
622098,CU,112.85000000000001,1474.5,0.07653441844693117,"Smith, Drew"
622098,CH,106.15,1474.5,0.071990505256019,"Smith, Drew"
622098,SI,9.2,1474.5,0.006239403187521193,"Smith, Drew"
622103,FF,135.0,228.70000000000002,0.5902929602098819,"Reyes, Gerardo"
622103,SL,70.85,228.70000000000002,0.309794490599038,"Reyes, Gerardo"
622103,SI,16.900000000000002,228.70000000000002,0.07389593353738523,"Reyes, Gerardo"
622103,FC,5.1,228.70000000000002,0.022299956274595537,"Reyes, Gerardo"
622103,OTHER,0.85,228.70000000000002,0.003716659379099256,"Reyes, Gerardo"
622110,OTHER,15.5,20.35,0.7616707616707616,"Duffy, Matt"
622110,CH,4.8500000000000005,20.35,0.23832923832923833,"Duffy, Matt"
622250,FF,572.85,1281.9,0.44687573133629765,"Sborz, Josh"
622250,SL,418.1,1281.9,0.3261564864654029,"Sborz, Josh"
622250,CU,290.95,1281.9,0.22696778219829938,"Sborz, Josh"
622251,FF,445.85,1248.75,0.35703703703703704,"Staumont, Josh"
622251,CU,280.2,1248.75,0.22438438438438438,"Staumont, Josh"
622251,SL,272.4,1248.75,0.21813813813813812,"Staumont, Josh"
622251,SI,250.29999999999998,1248.75,0.20044044044044043,"Staumont, Josh"
622253,SI,731.2,1412.25,0.5177553549300762,"Tate, Dillon"
622253,ST,345.15,1412.25,0.24439723844928304,"Tate, Dillon"
622253,CH,254.9,1412.25,0.18049212249955746,"Tate, Dillon"
622253,FC,72.0,1412.25,0.050982474774296335,"Tate, Dillon"
622253,FF,8.1,1412.25,0.005735528412108337,"Tate, Dillon"
622253,SL,0.9,1412.25,0.0006372809346787042,"Tate, Dillon"
622256,SL,15.6,27.9,0.5591397849462366,"Weigel, Patrick"
622256,FF,9.299999999999999,27.9,0.3333333333333333,"Weigel, Patrick"
622256,SI,2.4,27.9,0.08602150537634409,"Weigel, Patrick"
622256,CH,0.6,27.9,0.021505376344086023,"Weigel, Patrick"
622259,FF,177.05,353.0,0.501558073654391,"Wingenter, Trey"
622259,SL,168.3,353.0,0.4767705382436261,"Wingenter, Trey"
622259,FS,7.6499999999999995,353.0,0.021671388101983,"Wingenter, Trey"
622268,OTHER,20.5,20.5,1.0,"Walton, Donovan"
622338,FF,4.5,7.2,0.625,"Liranzo, Jesús"
622338,FC,1.35,7.2,0.1875,"Liranzo, Jesús"
622338,SI,1.35,7.2,0.1875,"Liranzo, Jesús"
622379,FF,91.4,195.0,0.46871794871794875,"Castillo, Luis F."
622379,ST,50.1,195.0,0.2569230769230769,"Castillo, Luis F."
622379,SI,27.0,195.0,0.13846153846153847,"Castillo, Luis F."
622379,CH,26.5,195.0,0.1358974358974359,"Castillo, Luis F."
622446,FF,63.599999999999994,123.6,0.5145631067961165,"Rodriguez, Jefry"
622446,SI,28.5,123.6,0.23058252427184467,"Rodriguez, Jefry"
622446,CU,27.3,123.6,0.220873786407767,"Rodriguez, Jefry"
622446,CH,3.5999999999999996,123.6,0.029126213592233007,"Rodriguez, Jefry"
622446,FC,0.6,123.6,0.004854368932038835,"Rodriguez, Jefry"
622491,FF,3995.85,9454.0,0.42266236513645017,"Castillo, Luis"
622491,SL,2003.55,9454.0,0.21192616881743176,"Castillo, Luis"
622491,SI,1934.5,9454.0,0.20462238206050348,"Castillo, Luis"
622491,CH,1520.1,9454.0,0.16078908398561453,"Castillo, Luis"
622492,SI,6.8999999999999995,15.0,0.45999999999999996,"Mella, Keury"
622492,FF,4.5,15.0,0.3,"Mella, Keury"
622492,SL,2.6999999999999997,15.0,0.18,"Mella, Keury"
622492,CH,0.8999999999999999,15.0,0.05999999999999999,"Mella, Keury"
622503,CH,755.5,1616.9,0.46725214917434593,"Crismatt, Nabil"
622503,CU,308.0,1616.9,0.19048797080833693,"Crismatt, Nabil"
622503,FF,285.1,1616.9,0.17632506648524957,"Crismatt, Nabil"
622503,SI,221.4,1616.9,0.13692869070443442,"Crismatt, Nabil"
622503,SL,45.15,1616.9,0.027923804811676663,"Crismatt, Nabil"
622503,OTHER,1.75,1616.9,0.0010823180159564598,"Crismatt, Nabil"
622554,FF,1182.1,2907.85,0.40652028130749523,"Domínguez, Seranthony"
622554,SI,588.5,2907.85,0.20238320408549273,"Domínguez, Seranthony"
622554,SL,436.95,2907.85,0.15026566019567722,"Domínguez, Seranthony"
622554,ST,401.85,2907.85,0.13819488625616866,"Domínguez, Seranthony"
622554,FS,193.0,2907.85,0.06637206183262548,"Domínguez, Seranthony"
622554,CH,52.85,2907.85,0.018174940247949516,"Domínguez, Seranthony"
622554,CU,48.0,2907.85,0.016507041284798046,"Domínguez, Seranthony"
622554,FC,3.6,2907.85,0.0012380280963598536,"Domínguez, Seranthony"
622554,OTHER,1.0,2907.85,0.00034389669343329267,"Domínguez, Seranthony"
622569,OTHER,65.95,65.95,1.0,"Reyes, Pablo"
622608,FF,2160.25,3875.25,0.5574479065866719,"Senzatela, Antonio"
622608,SL,872.3,3875.25,0.22509515515128056,"Senzatela, Antonio"
622608,CU,432.6,3875.25,0.11163150764466809,"Senzatela, Antonio"
622608,CH,302.55,3875.25,0.0780723824269402,"Senzatela, Antonio"
622608,SI,65.55,3875.25,0.016915037739500677,"Senzatela, Antonio"
622608,FC,42.0,3875.25,0.01083801045093865,"Senzatela, Antonio"
622663,FF,2461.8,6964.7,0.35346820394273987,"Severino, Luis"
622663,SI,1199.1,6964.7,0.17216821973667207,"Severino, Luis"
622663,ST,1101.05,6964.7,0.15809008284635376,"Severino, Luis"
622663,FC,885.4,6964.7,0.1271267965597944,"Severino, Luis"
622663,CH,694.2,6964.7,0.0996740706706678,"Severino, Luis"
622663,SL,623.15,6964.7,0.08947262624377217,"Severino, Luis"
622694,FF,437.25,955.1,0.4578054653962936,"Hernández, Elieser"
622694,SL,270.5,955.1,0.2832164171290964,"Hernández, Elieser"
622694,CH,135.7,955.1,0.14207936341744318,"Hernández, Elieser"
622694,FC,60.35,955.1,0.06318710082713852,"Hernández, Elieser"
622694,SI,51.3,955.1,0.053711653230028265,"Hernández, Elieser"
622761,OTHER,35.0,35.0,1.0,"Mateo, Jorge"
622766,CH,156.7,377.4,0.41520932697403284,"Díaz, Miguel"
622766,FF,136.2,377.4,0.36089030206677264,"Díaz, Miguel"
622766,SI,41.6,377.4,0.1102278749337573,"Díaz, Miguel"
622766,SL,40.300000000000004,377.4,0.10678325384207739,"Díaz, Miguel"
622766,ST,2.6,377.4,0.006889242183359831,"Díaz, Miguel"
622772,SI,234.65,332.8,0.705078125,"Cordero, Jimmy"
622772,SL,92.95,332.8,0.279296875,"Cordero, Jimmy"
622772,CH,4.55,332.8,0.013671874999999998,"Cordero, Jimmy"
622772,FF,0.65,332.8,0.001953125,"Cordero, Jimmy"
622780,FF,313.3,496.05,0.6315895575042838,"Perdomo, Angel"
622780,SL,144.75,496.05,0.2918052615663744,"Perdomo, Angel"
622780,CH,38.0,496.05,0.07660518092934179,"Perdomo, Angel"
622786,SL,466.9,992.5,0.47042821158690173,"Tinoco, Jesus"
622786,SI,322.3,992.5,0.32473551637279596,"Tinoco, Jesus"
622786,FF,111.45,992.5,0.11229219143576827,"Tinoco, Jesus"
622786,CH,67.6,992.5,0.06811083123425692,"Tinoco, Jesus"
622786,CU,20.55,992.5,0.02070528967254408,"Tinoco, Jesus"
622786,FC,3.4,992.5,0.0034256926952141056,"Tinoco, Jesus"
622786,FS,0.3,992.5,0.00030226700251889167,"Tinoco, Jesus"
623149,FF,1294.7,2276.95,0.5686115197962187,"Sewald, Paul"
623149,ST,974.35,2276.95,0.42791892663431347,"Sewald, Paul"
623149,SI,4.2,2276.95,0.0018445727837677597,"Sewald, Paul"
623149,CH,3.7,2276.95,0.0016249807857001692,"Sewald, Paul"
623167,FF,2337.45,5983.4,0.39065581441989505,"Flexen, Chris"
623167,FC,1702.55,5983.4,0.28454557609385966,"Flexen, Chris"
623167,CH,851.25,5983.4,0.1422686098205034,"Flexen, Chris"
623167,CU,585.1,5983.4,0.09778721128455395,"Flexen, Chris"
623167,SL,237.05,5983.4,0.039617942975565736,"Flexen, Chris"
623167,ST,228.5,5983.4,0.038188989537721034,"Flexen, Chris"
623167,SI,24.5,5983.4,0.004094661897917572,"Flexen, Chris"
623167,SV,17.0,5983.4,0.0028411939699836217,"Flexen, Chris"
623168,OTHER,64.8,64.8,1.0,"Heineman, Tyler"
623211,CH,844.5,2643.85,0.3194205420125953,"Brazobán, Huascar"
623211,SI,718.8,2643.85,0.27187624108780756,"Brazobán, Huascar"
623211,FC,591.3,2643.85,0.2236511148514477,"Brazobán, Huascar"
623211,FF,455.25,2643.85,0.1721920683851202,"Brazobán, Huascar"
623211,SL,34.0,2643.85,0.012860033663029295,"Brazobán, Huascar"
623352,SI,2119.1,3174.85,0.6674646046269902,"Hader, Josh"
623352,SL,953.65,3174.85,0.30037639573523156,"Hader, Josh"
623352,CH,98.75,3174.85,0.031103831677087107,"Hader, Josh"
623352,FF,3.35,3174.85,0.0010551679606910563,"Hader, Josh"
623354,SL,15.299999999999999,19.5,0.7846153846153846,"Zamora, Daniel"
623354,FF,4.2,19.5,0.2153846153846154,"Zamora, Daniel"
623364,FF,74.39999999999999,87.89999999999999,0.8464163822525597,"Wieck, Brad"
623364,KC,10.5,87.89999999999999,0.11945392491467578,"Wieck, Brad"
623364,SL,3.0,87.89999999999999,0.034129692832764506,"Wieck, Brad"
623381,FC,19.5,38.35,0.5084745762711864,"Pannone, Thomas"
623381,FF,11.05,38.35,0.288135593220339,"Pannone, Thomas"
623381,CU,7.15,38.35,0.1864406779661017,"Pannone, Thomas"
623381,CH,0.65,38.35,0.01694915254237288,"Pannone, Thomas"
623433,CU,474.05,1102.95,0.429801894918174,"Anderson, Nick"
623433,FF,388.5,1102.95,0.3522371821025432,"Anderson, Nick"
623433,SI,160.2,1102.95,0.14524683802529578,"Anderson, Nick"
623433,CH,80.2,1102.95,0.07271408495398704,"Anderson, Nick"
623437,SI,700.5,1715.55,0.4083238611524001,"Topa, Justin"
623437,ST,511.90000000000003,1715.55,0.2983882719827461,"Topa, Justin"
623437,FC,309.8,1715.55,0.18058348634548688,"Topa, Justin"
623437,CH,192.35,1715.55,0.11212147707732215,"Topa, Justin"
623437,OTHER,1.0,1715.55,0.0005829034420448253,"Topa, Justin"
623451,FF,190.45000000000002,615.0500000000001,0.30964962198195267,"Stephens, Jackson"
623451,CU,161.20000000000002,615.0500000000001,0.2620925128038371,"Stephens, Jackson"
623451,SI,138.25,615.0500000000001,0.22477847329485406,"Stephens, Jackson"
623451,CH,56.25,615.0500000000001,0.09145597918868384,"Stephens, Jackson"
623451,SL,39.95,615.0500000000001,0.06495406877489635,"Stephens, Jackson"
623451,FC,28.95,615.0500000000001,0.047069343955775944,"Stephens, Jackson"
623454,FF,52.199999999999996,105.6,0.4943181818181818,"Anderson, Drew"
623454,SL,21.3,105.6,0.20170454545454547,"Anderson, Drew"
623454,CU,17.099999999999998,105.6,0.16193181818181818,"Anderson, Drew"
623454,CH,15.0,105.6,0.14204545454545456,"Anderson, Drew"
623465,ST,825.2,1942.2,0.42487900319225624,"Phillips, Evan"
623465,FF,548.45,1942.2,0.28238595407270106,"Phillips, Evan"
623465,FC,372.0,1942.2,0.1915353722582638,"Phillips, Evan"
623465,SI,189.35,1942.2,0.09749253423952219,"Phillips, Evan"
623465,CH,7.199999999999999,1942.2,0.003707136237256719,"Phillips, Evan"
623470,SL,15.6,30.0,0.52,"Newberry, Jake"
623470,FF,13.5,30.0,0.45,"Newberry, Jake"
623470,CH,0.8999999999999999,30.0,0.029999999999999995,"Newberry, Jake"
623474,ST,721.35,2294.35,0.31440277202693573,"Herget, Jimmy"
623474,SL,647.3,2294.35,0.2821278357704797,"Herget, Jimmy"
623474,SI,614.65,2294.35,0.2678972257937978,"Herget, Jimmy"
623474,FF,173.15,2294.35,0.07546799747205091,"Herget, Jimmy"
623474,CH,135.45,2294.35,0.05903632837187003,"Herget, Jimmy"
623474,OTHER,1.45,2294.35,0.0006319872730838799,"Herget, Jimmy"
623474,CU,1.0,2294.35,0.0004358532917819862,"Herget, Jimmy"
623485,FF,169.2,337.95,0.5006657789613848,"Goudeau, Ashton"
623485,CU,102.45,337.95,0.30315135375055485,"Goudeau, Ashton"
623485,CH,66.0,337.95,0.19529516200621394,"Goudeau, Ashton"
623485,OTHER,0.3,337.95,0.000887705281846427,"Goudeau, Ashton"
623507,OTHER,11.700000000000001,11.700000000000001,1.0,"Lester, Josh"
623520,OTHER,12.75,12.75,1.0,"Bote, David"
624133,SI,2351.35,7332.65,0.3206685168390691,"Suarez, Ranger"
624133,CH,1382.35,7332.65,0.1885198393486666,"Suarez, Ranger"
624133,FF,1333.35,7332.65,0.1818373984848588,"Suarez, Ranger"
624133,CU,1135.65,7332.65,0.1548757952445569,"Suarez, Ranger"
624133,FC,944.55,7332.65,0.1288142758757066,"Suarez, Ranger"
624133,SL,185.4,7332.65,0.025284174207142032,"Suarez, Ranger"
624414,OTHER,4.8,4.8,1.0,"Arroyo, Christian"
624418,SL,17.85,39.75,0.4490566037735849,"Castellani, Ryan"
624418,SI,11.25,39.75,0.2830188679245283,"Castellani, Ryan"
624418,FF,7.35,39.75,0.18490566037735848,"Castellani, Ryan"
624418,CU,2.1,39.75,0.052830188679245285,"Castellani, Ryan"
624418,CH,1.2,39.75,0.03018867924528302,"Castellani, Ryan"
624427,FF,12.6,24.599999999999998,0.5121951219512195,"Gonsalves, Stephen"
624427,CU,6.8999999999999995,24.599999999999998,0.2804878048780488,"Gonsalves, Stephen"
624427,SL,4.5,24.599999999999998,0.1829268292682927,"Gonsalves, Stephen"
624427,FC,0.6,24.599999999999998,0.024390243902439025,"Gonsalves, Stephen"
624431,OTHER,83.55,83.55,1.0,"Trevino, Jose"
624503,OTHER,38.25,38.25,1.0,"Gordon, Nick"
624512,SL,15.15,20.15,0.7518610421836229,"McGuire, Reese"
624512,CU,5.0,20.15,0.24813895781637718,"McGuire, Reese"
624522,FF,836.55,1893.15,0.441882576657951,"Thompson, Keegan"
624522,FC,483.5,1893.15,0.25539444840609565,"Thompson, Keegan"
624522,CU,329.5,1893.15,0.17404854343290282,"Thompson, Keegan"
624522,ST,126.75,1893.15,0.066951905554235,"Thompson, Keegan"
624522,CH,57.85,1893.15,0.03055753638116367,"Thompson, Keegan"
624522,SI,55.15,1893.15,0.029131341943321974,"Thompson, Keegan"
624522,SL,3.85,1893.15,0.0020336476243298205,"Thompson, Keegan"
624586,SL,35.4,54.6,0.6483516483516483,"Hoyt, James"
624586,SI,13.5,54.6,0.24725274725274723,"Hoyt, James"
624586,FF,4.5,54.6,0.08241758241758242,"Hoyt, James"
624586,CH,1.2,54.6,0.021978021978021976,"Hoyt, James"
624647,SI,449.0,814.8,0.5510554737358861,"González, Victor"
624647,SL,265.3,814.8,0.32560137457044674,"González, Victor"
624647,CH,98.8,814.8,0.1212567501227295,"González, Victor"
624647,FF,1.7,814.8,0.0020864015709376534,"González, Victor"
625643,FF,1886.3,3283.85,0.5744172236856129,"López, Reynaldo"
625643,SL,990.75,3283.85,0.30170379280417803,"López, Reynaldo"
625643,CU,262.55,3283.85,0.07995188574386772,"López, Reynaldo"
625643,CH,141.0,3283.85,0.04293740578893677,"López, Reynaldo"
625643,SI,3.25,3283.85,0.000989691977404571,"López, Reynaldo"
626929,FF,34.199999999999996,75.3,0.4541832669322709,"Thorpe, Lewis"
626929,SL,23.4,75.3,0.3107569721115538,"Thorpe, Lewis"
626929,CH,10.799999999999999,75.3,0.14342629482071712,"Thorpe, Lewis"
626929,CU,6.8999999999999995,75.3,0.09163346613545817,"Thorpe, Lewis"
628317,FS,1052.5,3382.45,0.3111649839613298,"Maeda, Kenta"
628317,FF,819.6,3382.45,0.24230956850803415,"Maeda, Kenta"
628317,SL,819.0,3382.45,0.2421321822938994,"Maeda, Kenta"
628317,ST,338.85,3382.45,0.10017886443258586,"Maeda, Kenta"
628317,SI,235.6,3382.45,0.06965365341690195,"Maeda, Kenta"
628317,CU,85.85,3382.45,0.025381010805776878,"Maeda, Kenta"
628317,FC,29.05,3382.45,0.008588449201022927,"Maeda, Kenta"
628317,SV,2.0,3382.45,0.0005912873804490828,"Maeda, Kenta"
628345,CH,18.0,38.1,0.47244094488188976,"Núñez, Darien"
628345,FF,17.4,38.1,0.45669291338582674,"Núñez, Darien"
628345,SI,1.7999999999999998,38.1,0.04724409448818897,"Núñez, Darien"
628345,SL,0.8999999999999999,38.1,0.023622047244094484,"Núñez, Darien"
628452,FF,1086.9,3060.15,0.35517866771236706,"Iglesias, Raisel"
628452,CH,886.65,3060.15,0.2897406989853438,"Iglesias, Raisel"
628452,SL,556.65,3060.15,0.18190284789961275,"Iglesias, Raisel"
628452,SI,529.95,3060.15,0.17317778540267634,"Iglesias, Raisel"
628708,SI,508.15000000000003,1221.85,0.41588574702295705,"Marte, Yunior"
628708,SL,505.40000000000003,1221.85,0.4136350615869379,"Marte, Yunior"
628708,FF,180.0,1221.85,0.147317592175799,"Marte, Yunior"
628708,FS,23.8,1221.85,0.0194786594099112,"Marte, Yunior"
628708,FC,4.05,1221.85,0.0033146458239554774,"Marte, Yunior"
628708,CH,0.45,1221.85,0.0003682939804394975,"Marte, Yunior"
628711,FF,1515.5,3193.65,0.4745354061966715,"Urías, Julio"
628711,SV,1033.65,3193.65,0.3236578836127942,"Urías, Julio"
628711,CH,537.95,3193.65,0.16844363032893397,"Urías, Julio"
628711,FC,105.3,3193.65,0.032971678173876286,"Urías, Julio"
628711,SI,1.25,3193.65,0.00039140168772407744,"Urías, Julio"
629498,FF,13.0,20.8,0.625,"Quezada, Johan"
629498,SL,6.5,20.8,0.3125,"Quezada, Johan"
629498,CH,1.3,20.8,0.0625,"Quezada, Johan"
630023,SI,567.8,1355.05,0.41902512822405075,"Chirinos, Yonny"
630023,SL,406.55,1355.05,0.3000258293051917,"Chirinos, Yonny"
630023,FS,295.2,1355.05,0.2178517397881997,"Chirinos, Yonny"
630023,FF,85.5,1355.05,0.06309730268255784,"Chirinos, Yonny"
630105,OTHER,2.1,2.1,1.0,"Cronenworth, Jake"
640444,SL,397.25,1399.0,0.2839528234453181,"Crowe, Wil"
640444,FF,360.5,1399.0,0.2576840600428878,"Crowe, Wil"
640444,CH,324.2,1399.0,0.23173695496783417,"Crowe, Wil"
640444,SI,213.3,1399.0,0.15246604717655468,"Crowe, Wil"
640444,CU,87.0,1399.0,0.062187276626161546,"Crowe, Wil"
640444,ST,16.75,1399.0,0.011972837741243745,"Crowe, Wil"
640448,FF,2215.2,3312.85,0.6686689708257241,"Finnegan, Kyle"
640448,FS,843.95,3312.85,0.25475044146278886,"Finnegan, Kyle"
640448,SL,250.5,3312.85,0.07561465203676593,"Finnegan, Kyle"
640448,ST,2.1,3312.85,0.0006338952865357623,"Finnegan, Kyle"
640448,SI,0.65,3312.85,0.00019620568392773595,"Finnegan, Kyle"
640448,OTHER,0.45,3312.85,0.00013583470425766335,"Finnegan, Kyle"
640451,FF,1171.8,1836.25,0.638148400272294,"Harvey, Hunter"
640451,FS,358.7,1836.25,0.1953437712729748,"Harvey, Hunter"
640451,SL,155.45,1836.25,0.08465622872702518,"Harvey, Hunter"
640451,CU,150.3,1836.25,0.08185159972770593,"Harvey, Hunter"
640454,SI,83.15,163.5,0.5085626911314985,"Krook, Matt"
640454,ST,35.8,163.5,0.21896024464831804,"Krook, Matt"
640454,FC,29.1,163.5,0.1779816513761468,"Krook, Matt"
640454,CH,14.8,163.5,0.09051987767584098,"Krook, Matt"
640454,FF,0.65,163.5,0.003975535168195719,"Krook, Matt"
640455,FF,2195.1,7059.4,0.31094710598634445,"Manaea, Sean"
640455,SI,1923.6,7059.4,0.27248774683400856,"Manaea, Sean"
640455,CH,1080.45,7059.4,0.15305125081451684,"Manaea, Sean"
640455,ST,1054.2,7059.4,0.14933280448763353,"Manaea, Sean"
640455,SL,626.4,7059.4,0.08873275349179817,"Manaea, Sean"
640455,FC,178.29999999999998,7059.4,0.025257104003173072,"Manaea, Sean"
640455,CU,1.35,7059.4,0.0001912343825254271,"Manaea, Sean"
640461,OTHER,11.700000000000001,11.700000000000001,1.0,"Pinder, Chad"
640462,FF,1057.6,2243.95,0.47131174937052966,"Puk, A.J."
640462,SL,452.6,2243.95,0.20169789879453645,"Puk, A.J."
640462,ST,415.65,2243.95,0.1852313999866307,"Puk, A.J."
640462,SI,262.8,2243.95,0.11711490897747277,"Puk, A.J."
640462,CH,28.8,2243.95,0.012834510572873728,"Puk, A.J."
640462,FS,24.7,2243.95,0.011007375387152121,"Puk, A.J."
640462,CU,1.7999999999999998,2243.95,0.0008021569108046079,"Puk, A.J."
640464,FC,28.2,71.1,0.3966244725738397,"Stewart, Kohl"
640464,SI,27.0,71.1,0.379746835443038,"Stewart, Kohl"
640464,SL,5.7,71.1,0.08016877637130802,"Stewart, Kohl"
640464,FF,3.9,71.1,0.05485232067510549,"Stewart, Kohl"
640464,CH,3.5999999999999996,71.1,0.05063291139240506,"Stewart, Kohl"
640464,CU,2.6999999999999997,71.1,0.0379746835443038,"Stewart, Kohl"
640470,SL,667.65,1547.7,0.43138205078503583,"Alzolay, Adbert"
640470,SI,355.4,1547.7,0.22963106545196096,"Alzolay, Adbert"
640470,FF,311.75,1547.7,0.20142792530852233,"Alzolay, Adbert"
640470,FC,125.85,1547.7,0.08131420817987982,"Alzolay, Adbert"
640470,CH,51.0,1547.7,0.03295212250436131,"Alzolay, Adbert"
640470,ST,29.1,1547.7,0.0188020934289591,"Alzolay, Adbert"
640470,CU,6.3,1547.7,0.004070556309362279,"Alzolay, Adbert"
640470,OTHER,0.65,1547.7,0.00041997803191833044,"Alzolay, Adbert"
640902,OTHER,51.25,57.25,0.8951965065502183,"Pereda, Jhonny"
640902,FF,6.0,57.25,0.10480349344978165,"Pereda, Jhonny"
641149,FF,48.35,133.5,0.36217228464419476,"Parsons, Wes"
641149,CU,36.9,133.5,0.27640449438202247,"Parsons, Wes"
641149,SI,27.7,133.5,0.20749063670411985,"Parsons, Wes"
641149,SL,12.2,133.5,0.09138576779026217,"Parsons, Wes"
641149,CH,8.35,133.5,0.06254681647940075,"Parsons, Wes"
641154,FF,2850.9,7453.9,0.3824709212626947,"López, Pablo"
641154,CH,1794.95,7453.9,0.24080682595688166,"López, Pablo"
641154,ST,1221.65,7453.9,0.16389406887669544,"López, Pablo"
641154,CU,759.6,7453.9,0.1019063845772012,"López, Pablo"
641154,SI,642.05,7453.9,0.0861361166637599,"López, Pablo"
641154,FC,183.75,7453.9,0.02465152470518789,"López, Pablo"
641154,OTHER,1.0,7453.9,0.00013415795757925383,"López, Pablo"
641302,FC,1218.2,4545.95,0.2679747907478085,"Alexander, Tyler"
641302,FF,1064.35,4545.95,0.23413147966871609,"Alexander, Tyler"
641302,SI,759.95,4545.95,0.16717077838515604,"Alexander, Tyler"
641302,CH,730.15,4545.95,0.16061549291127267,"Alexander, Tyler"
641302,ST,674.65,4545.95,0.14840682365622146,"Alexander, Tyler"
641302,SL,98.35,4545.95,0.02163464182404118,"Alexander, Tyler"
641302,CU,0.3,4545.95,6.599280678406054e-05,"Alexander, Tyler"
641312,SL,233.95,584.2,0.40046217048955834,"Anderson, Shaun"
641312,FF,176.1,584.2,0.3014378637452927,"Anderson, Shaun"
641312,CH,75.85,584.2,0.12983567271482366,"Anderson, Shaun"
641312,ST,58.2,584.2,0.09962341663813762,"Anderson, Shaun"
641312,SI,38.0,584.2,0.06504621704895583,"Anderson, Shaun"
641312,CU,2.1,584.2,0.00359465936323177,"Anderson, Shaun"
641329,FF,1238.8,2415.95,0.5127589561042241,"Baker, Bryan"
641329,SL,640.4,2415.95,0.2650717109211697,"Baker, Bryan"
641329,CH,506.55,2415.95,0.20966907427719947,"Baker, Bryan"
641329,CU,28.9,2415.95,0.011962168091227054,"Baker, Bryan"
641329,OTHER,0.85,2415.95,0.00035182847327138394,"Baker, Bryan"
641329,FC,0.45,2415.95,0.00018626213290837975,"Baker, Bryan"
641343,OTHER,112.05,115.75,0.9680345572354211,"Bauers, Jake"
641343,FF,3.7,115.75,0.031965442764578834,"Bauers, Jake"
641360,FF,1117.6,1607.45,0.6952626831316681,"Bickford, Phil"
641360,SL,470.45,1607.45,0.29266851223988305,"Bickford, Phil"
641360,CH,17.6,1607.45,0.010949018631994776,"Bickford, Phil"
641360,SI,1.8,1607.45,0.001119785996454011,"Bickford, Phil"
641384,CH,2.1,4.2,0.5,"Bostick, Akeem"
641384,FF,1.5,4.2,0.35714285714285715,"Bostick, Akeem"
641384,CU,0.3,4.2,0.07142857142857142,"Bostick, Akeem"
641384,SL,0.3,4.2,0.07142857142857142,"Bostick, Akeem"
641386,FF,253.4,389.2,0.6510791366906475,"Bowden, Ben"
641386,SL,74.3,389.2,0.1909044193216855,"Bowden, Ben"
641386,CH,59.5,389.2,0.1528776978417266,"Bowden, Ben"
641386,CU,2.0,389.2,0.0051387461459403904,"Bowden, Ben"
641394,FF,234.6,403.5,0.5814126394052045,"Brentz, Jake"
641394,SL,116.25,403.5,0.28810408921933084,"Brentz, Jake"
641394,CH,45.6,403.5,0.11301115241635688,"Brentz, Jake"
641394,SI,7.05,403.5,0.017472118959107805,"Brentz, Jake"
641401,CH,754.75,1826.05,0.4133238410777361,"Brogdon, Connor"
641401,FF,709.55,1826.05,0.3885709591741737,"Brogdon, Connor"
641401,FC,360.85,1826.05,0.19761233263054134,"Brogdon, Connor"
641401,SI,0.8999999999999999,1826.05,0.0004928671175488075,"Brogdon, Connor"
641420,SL,49.0,101.85,0.48109965635738833,"Burdi, Zack"
641420,FF,42.9,101.85,0.4212076583210604,"Burdi, Zack"
641420,CH,9.95,101.85,0.0976926853215513,"Burdi, Zack"
641427,FF,38.95,133.3,0.2921980495123781,"Busenitz, Alan"
641427,FC,30.95,133.3,0.23218304576144033,"Busenitz, Alan"
641427,CU,22.6,133.3,0.1695423855963991,"Busenitz, Alan"
641427,SI,19.65,133.3,0.14741185296324077,"Busenitz, Alan"
641427,ST,8.6,133.3,0.06451612903225806,"Busenitz, Alan"
641427,SL,8.3,133.3,0.0622655663915979,"Busenitz, Alan"
641427,CH,4.25,133.3,0.031882970742685666,"Busenitz, Alan"
641447,FC,127.8,411.6,0.3104956268221574,"Castano, Daniel"
641447,SL,121.95,411.6,0.29628279883381925,"Castano, Daniel"
641447,FF,75.15,411.6,0.1825801749271137,"Castano, Daniel"
641447,CH,52.25,411.6,0.1269436345966958,"Castano, Daniel"
641447,SI,34.45,411.6,0.08369776482021381,"Castano, Daniel"
641482,FF,2325.7,5167.55,0.45005853837892223,"Cortes, Nestor"
641482,FC,1487.45,5167.55,0.2878443362908922,"Cortes, Nestor"
641482,ST,843.45,5167.55,0.16322048165958725,"Cortes, Nestor"
641482,CH,420.25,5167.55,0.08132480575901539,"Cortes, Nestor"
641482,SI,49.75,5167.55,0.00962738628557053,"Cortes, Nestor"
641482,SL,37.8,5167.55,0.007314878424011378,"Cortes, Nestor"
641482,CU,3.15,5167.55,0.0006095732020009482,"Cortes, Nestor"
641501,ST,121.05,298.8,0.40512048192771083,"Danish, Tyler"
641501,SI,108.9,298.8,0.3644578313253012,"Danish, Tyler"
641501,CH,44.1,298.8,0.14759036144578314,"Danish, Tyler"
641501,FF,22.5,298.8,0.0753012048192771,"Danish, Tyler"
641501,SL,1.8,298.8,0.006024096385542169,"Danish, Tyler"
641501,CU,0.45,298.8,0.0015060240963855422,"Danish, Tyler"
641525,OTHER,4.55,4.55,1.0,"Dixon, Brandon"
641531,SL,10.35,10.35,1.0,"Dozier, Hunter"
641540,SI,2004.1,5279.35,0.3796111263697235,"Dunning, Dane"
641540,SL,1210.35,5279.35,0.22926117798592627,"Dunning, Dane"
641540,FC,949.3,5279.35,0.17981380283557633,"Dunning, Dane"
641540,CH,823.65,5279.35,0.15601352439220736,"Dunning, Dane"
641540,KC,160.25,5279.35,0.030354115563468984,"Dunning, Dane"
641540,FF,88.7,5279.35,0.01680131076742402,"Dunning, Dane"
641540,CU,27.3,5279.35,0.0051710911381135935,"Dunning, Dane"
641540,ST,14.4,5279.35,0.0027276085124115657,"Dunning, Dane"
641540,OTHER,1.3,5279.35,0.00024624243514826636,"Dunning, Dane"
641541,FF,29.7,81.0,0.36666666666666664,"Duplantier, Jon"
641541,SI,20.099999999999998,81.0,0.24814814814814812,"Duplantier, Jon"
641541,SL,13.2,81.0,0.16296296296296295,"Duplantier, Jon"
641541,KC,10.799999999999999,81.0,0.13333333333333333,"Duplantier, Jon"
641541,CH,7.199999999999999,81.0,0.08888888888888888,"Duplantier, Jon"
641576,SI,1.5,3.5999999999999996,0.4166666666666667,"Flores Jr., Bernardo"
641576,CU,0.8999999999999999,3.5999999999999996,0.25,"Flores Jr., Bernardo"
641576,CH,0.6,3.5999999999999996,0.16666666666666669,"Flores Jr., Bernardo"
641576,FF,0.6,3.5999999999999996,0.16666666666666669,"Flores Jr., Bernardo"
641582,FF,360.6,656.1,0.5496113397347966,"Foster, Matt"
641582,SL,156.9,656.1,0.23914037494284407,"Foster, Matt"
641582,CH,98.25,656.1,0.1497485139460448,"Foster, Matt"
641582,CU,31.5,656.1,0.04801097393689986,"Foster, Matt"
641582,FC,8.85,656.1,0.013488797439414722,"Foster, Matt"
641585,FF,723.85,1823.5,0.3969564025226213,"France, J.P."
641585,FC,375.1,1823.5,0.20570331779544831,"France, J.P."
641585,CH,297.6,1823.5,0.16320263230052098,"France, J.P."
641585,CU,278.3,1823.5,0.1526185906224294,"France, J.P."
641585,ST,142.05,1823.5,0.07789964354263779,"France, J.P."
641585,SI,6.6,1823.5,0.003619413216342199,"France, J.P."
641627,FC,359.25,961.5,0.3736349453978159,"Gott, Trevor"
641627,SI,248.45000000000002,961.5,0.25839833593343736,"Gott, Trevor"
641627,FF,246.4,961.5,0.256266250650026,"Gott, Trevor"
641627,CU,79.75,961.5,0.08294331773270931,"Gott, Trevor"
641627,CH,27.650000000000002,961.5,0.028757150286011442,"Gott, Trevor"
641632,FF,48.0,134.1,0.3579418344519016,"Greene, Conner"
641632,SL,41.699999999999996,134.1,0.31096196868008946,"Greene, Conner"
641632,SI,16.5,134.1,0.12304250559284118,"Greene, Conner"
641632,CU,15.899999999999999,134.1,0.1185682326621924,"Greene, Conner"
641632,CH,12.0,134.1,0.0894854586129754,"Greene, Conner"
641645,OTHER,49.15,49.15,1.0,"Guillorme, Luis"
641656,SL,866.75,1793.5,0.4832729300250906,"Hamilton, Ian"
641656,SI,578.9,1793.5,0.32277669361583494,"Hamilton, Ian"
641656,FF,347.85,1793.5,0.19395037635907444,"Hamilton, Ian"
641658,CU,7.8,14.05,0.5551601423487544,"Hampson, Garrett"
641658,SL,6.25,14.05,0.4448398576512455,"Hampson, Garrett"
641672,FC,290.55,974.55,0.2981376019701401,"Hatch, Thomas"
641672,CH,202.2,974.55,0.20748037555794982,"Hatch, Thomas"
641672,SI,188.5,974.55,0.19342260530501257,"Hatch, Thomas"
641672,FF,142.3,974.55,0.14601610999948697,"Hatch, Thomas"
641672,SL,108.0,974.55,0.11082037863629368,"Hatch, Thomas"
641672,ST,43.0,974.55,0.04412292853111693,"Hatch, Thomas"
641682,SL,122.39999999999999,235.79999999999998,0.5190839694656488,"Hendrix, Ryan"
641682,FF,85.2,235.79999999999998,0.36132315521628505,"Hendrix, Ryan"
641682,SI,21.900000000000002,235.79999999999998,0.09287531806615777,"Hendrix, Ryan"
641682,CH,5.4,235.79999999999998,0.02290076335877863,"Hendrix, Ryan"
641682,FC,0.6,235.79999999999998,0.002544529262086514,"Hendrix, Ryan"
641682,CU,0.3,235.79999999999998,0.001272264631043257,"Hendrix, Ryan"
641703,FF,545.3,1142.1,0.47745381315121266,"Honeywell, Brent"
641703,OTHER,170.4,1142.1,0.14919884423430524,"Honeywell, Brent"
641703,CH,169.6,1142.1,0.14849838017686717,"Honeywell, Brent"
641703,ST,116.60000000000001,1142.1,0.1020926363715962,"Honeywell, Brent"
641703,SL,115.85,1142.1,0.101435951317748,"Honeywell, Brent"
641703,SI,20.45,1142.1,0.017905612468260224,"Honeywell, Brent"
641703,FC,3.9,1142.1,0.003414762280010507,"Honeywell, Brent"
641712,SI,1120.05,3193.55,0.35072255014012615,"Hudson, Dakota"
641712,SL,861.6,3193.55,0.26979380313444284,"Hudson, Dakota"
641712,FF,601.45,3193.55,0.1883327331652863,"Hudson, Dakota"
641712,CU,407.3,3193.55,0.1275383194250912,"Hudson, Dakota"
641712,CH,192.45,3193.55,0.06026209077672182,"Hudson, Dakota"
641712,FC,9.85,3193.55,0.0030843418765950114,"Hudson, Dakota"
641712,OTHER,0.85,3193.55,0.00026616148173662536,"Hudson, Dakota"
641726,SI,186.5,532.6,0.35016898235073224,"Jefferies, Daulton"
641726,SL,98.35,532.6,0.18466015771686067,"Jefferies, Daulton"
641726,FC,91.05,532.6,0.17095381149079983,"Jefferies, Daulton"
641726,CH,87.8,532.6,0.16485167104769055,"Jefferies, Daulton"
641726,FF,68.9,532.6,0.12936537739391665,"Jefferies, Daulton"
641729,FF,1211.6,2216.55,0.5466152353883286,"Jiménez, Joe"
641729,SL,865.4,2216.55,0.39042656380410995,"Jiménez, Joe"
641729,CH,138.0,2216.55,0.06225891588279082,"Jiménez, Joe"
641729,SI,0.9,2216.55,0.0004060364079312445,"Jiménez, Joe"
641729,OTHER,0.65,2216.55,0.00029324851683923213,"Jiménez, Joe"
641743,FF,210.3,369.55,0.5690704911378704,"Kay, Anthony"
641743,SL,68.1,369.55,0.18427817616019482,"Kay, Anthony"
641743,CH,28.05,369.55,0.07590312542281152,"Kay, Anthony"
641743,CU,21.3,369.55,0.0576376674333649,"Kay, Anthony"
641743,FC,21.0,369.55,0.056825869300500605,"Kay, Anthony"
641743,ST,20.8,369.55,0.056284670545257744,"Kay, Anthony"
641745,FF,1457.95,4046.75,0.3602767653054921,"Keller, Brad"
641745,SL,1170.75,4046.75,0.28930623339717054,"Keller, Brad"
641745,SI,696.8,4046.75,0.17218755791684684,"Keller, Brad"
641745,CH,383.35,4046.75,0.09473033916105518,"Keller, Brad"
641745,ST,215.25,4046.75,0.053190832149255574,"Keller, Brad"
641745,KC,122.65,4046.75,0.030308272070179776,"Keller, Brad"
641755,SL,1765.85,2870.25,0.6152251546032576,"Kinley, Tyler"
641755,FF,881.65,2870.25,0.30716836512498913,"Kinley, Tyler"
641755,CU,148.4,2870.25,0.05170281334378539,"Kinley, Tyler"
641755,CH,62.949999999999996,2870.25,0.021931887466248582,"Kinley, Tyler"
641755,SI,11.1,2870.25,0.003867258949568853,"Kinley, Tyler"
641755,OTHER,0.3,2870.25,0.00010452051215050954,"Kinley, Tyler"
641771,SL,1100.1,2833.05,0.3883094191772118,"Kuhl, Chad"
641771,SI,721.55,2833.05,0.2546901748998429,"Kuhl, Chad"
641771,FF,401.45,2833.05,0.1417024055346711,"Kuhl, Chad"
641771,CH,220.45,2833.05,0.0778136637193131,"Kuhl, Chad"
641771,KC,215.05,2833.05,0.07590759075907591,"Kuhl, Chad"
641771,ST,89.39999999999999,2833.05,0.0315560967861492,"Kuhl, Chad"
641771,FC,83.7,2833.05,0.029544130883676602,"Kuhl, Chad"
641771,OTHER,1.35,2833.05,0.00047651824005930007,"Kuhl, Chad"
641778,FF,1815.35,4037.6,0.44961115514166833,"Lauer, Eric"
641778,FC,897.2,4037.6,0.22221121458292056,"Lauer, Eric"
641778,CU,587.0,4037.6,0.14538339607687736,"Lauer, Eric"
641778,SL,491.7,4037.6,0.12178026550425995,"Lauer, Eric"
641778,CH,241.1,4037.6,0.059713691301763426,"Lauer, Eric"
641778,SI,5.25,4037.6,0.0013002773925104023,"Lauer, Eric"
641793,SL,1972.1,6314.6,0.31230798467044624,"Littell, Zack"
641793,FF,1742.65,6314.6,0.27597155797675227,"Littell, Zack"
641793,FS,1461.55,6314.6,0.23145567415196527,"Littell, Zack"
641793,SI,820.0,6314.6,0.12985778988376143,"Littell, Zack"
641793,ST,318.3,6314.6,0.05040699331707472,"Littell, Zack"
641816,FF,1887.25,3692.55,0.5110966676145211,"Mahle, Tyler"
641816,FS,857.0,3692.55,0.2320889358302528,"Mahle, Tyler"
641816,SL,586.6,3692.55,0.15886040811905053,"Mahle, Tyler"
641816,FC,359.45,3692.55,0.09734465342378572,"Mahle, Tyler"
641816,SI,2.25,3692.55,0.0006093350123898119,"Mahle, Tyler"
641835,SI,1459.6,1970.15,0.7408572951298124,"Mayza, Tim"
641835,SL,483.75,1970.15,0.24553967971981827,"Mayza, Tim"
641835,FC,16.15,1970.15,0.008197345379793415,"Mayza, Tim"
641835,FF,10.65,1970.15,0.0054056797705758445,"Mayza, Tim"
641851,SL,106.5,155.1,0.6866537717601547,"McGowin, Kyle"
641851,SI,31.799999999999997,155.1,0.20502901353965183,"McGowin, Kyle"
641851,FF,16.8,155.1,0.10831721470019343,"McGowin, Kyle"
641853,FF,36.0,60.75,0.5925925925925926,"McKay, David"
641853,SV,15.3,60.75,0.2518518518518519,"McKay, David"
641853,SL,8.1,60.75,0.13333333333333333,"McKay, David"
641853,SI,1.35,60.75,0.022222222222222223,"McKay, David"
641871,FF,292.95,823.85,0.3555865752260727,"Middleton, Keynan"
641871,CH,276.5,823.85,0.33561934818231476,"Middleton, Keynan"
641871,SL,254.4,823.85,0.30879407659161257,"Middleton, Keynan"
641907,FF,80.1,209.7,0.38197424892703863,"Murphy, Patrick"
641907,CU,67.8,209.7,0.32331902718168815,"Murphy, Patrick"
641907,SI,59.699999999999996,209.7,0.28469241773962806,"Murphy, Patrick"
641907,CH,2.1,209.7,0.01001430615164521,"Murphy, Patrick"
641914,OTHER,14.4,14.85,0.9696969696969697,"Neuse, Sheldon"
641914,CU,0.45,14.85,0.030303030303030304,"Neuse, Sheldon"
641927,FF,2812.15,6890.4,0.4081257982120051,"Ober, Bailey"
641927,CH,1867.3,6890.4,0.27100023220712877,"Ober, Bailey"
641927,SL,1020.3,6890.4,0.148075583420411,"Ober, Bailey"
641927,ST,817.6,6890.4,0.11865784279577384,"Ober, Bailey"
641927,CU,300.05,6890.4,0.04354609311505864,"Ober, Bailey"
641927,SI,73.0,6890.4,0.010594450249622665,"Ober, Bailey"
641941,FF,1754.9,3042.75,0.5767480075589516,"Pagán, Emilio"
641941,FC,750.25,3042.75,0.2465697148960644,"Pagán, Emilio"
641941,FS,495.15,3042.75,0.16273108208035494,"Pagán, Emilio"
641941,CU,30.150000000000002,3042.75,0.009908799605619916,"Pagán, Emilio"
641941,SL,9.9,3042.75,0.0032536356913975845,"Pagán, Emilio"
641941,CH,2.4,3042.75,0.0007887601676115355,"Pagán, Emilio"
641995,FF,2.6999999999999997,4.2,0.6428571428571428,"Ramírez, Roel"
641995,SL,1.5,4.2,0.35714285714285715,"Ramírez, Roel"
642003,SI,24.0,44.4,0.5405405405405406,"Reed, Cody"
642003,SL,16.5,44.4,0.37162162162162166,"Reed, Cody"
642003,FF,3.0,44.4,0.06756756756756757,"Reed, Cody"
642003,CH,0.8999999999999999,44.4,0.020270270270270268,"Reed, Cody"
642016,ST,148.5,342.55,0.43351335571449423,"Robert, Daniel"
642016,FF,99.1,342.55,0.28930083199532913,"Robert, Daniel"
642016,FC,69.4,342.55,0.20259816085243032,"Robert, Daniel"
642016,SI,24.7,342.55,0.07210626185958253,"Robert, Daniel"
642016,CH,0.85,342.55,0.0024813895781637717,"Robert, Daniel"
642028,FF,210.25,492.95,0.4265138452175677,"Rogers, Josh"
642028,SL,111.35,492.95,0.22588497819251444,"Rogers, Josh"
642028,ST,83.15,492.95,0.16867836494573488,"Rogers, Josh"
642028,CH,46.4,492.95,0.09412719342732528,"Rogers, Josh"
642028,SI,32.4,492.95,0.06572674713459783,"Rogers, Josh"
642028,FC,8.5,492.95,0.017243128106298813,"Rogers, Josh"
642028,CU,0.8999999999999999,492.95,0.0018257429759610507,"Rogers, Josh"
642048,SI,594.1,1355.25,0.4383693045563549,"Saucedo, Tayler"
642048,CH,300.05,1355.25,0.22139826600258256,"Saucedo, Tayler"
642048,SL,201.7,1355.25,0.14882862940416897,"Saucedo, Tayler"
642048,ST,142.6,1355.25,0.10522043903338867,"Saucedo, Tayler"
642048,CU,60.2,1355.25,0.0444198487363955,"Saucedo, Tayler"
642048,FF,56.6,1355.25,0.04176351226710939,"Saucedo, Tayler"
642060,FF,13.950000000000001,31.95,0.4366197183098592,"Sedlock, Cody"
642060,CH,13.5,31.95,0.4225352112676056,"Sedlock, Cody"
642060,FC,4.05,31.95,0.1267605633802817,"Sedlock, Cody"
642060,SL,0.45,31.95,0.014084507042253521,"Sedlock, Cody"
642068,FF,95.85,153.45,0.624633431085044,"Sheffield, Jordan"
642068,SL,30.15,153.45,0.19648093841642228,"Sheffield, Jordan"
642068,CH,27.15,153.45,0.176930596285435,"Sheffield, Jordan"
642068,SI,0.3,153.45,0.0019550342130987292,"Sheffield, Jordan"
642073,SL,43.5,69.0,0.6304347826086957,"Sherfy, James"
642073,FF,24.3,69.0,0.3521739130434783,"Sherfy, James"
642073,CH,0.6,69.0,0.008695652173913044,"Sherfy, James"
642073,CU,0.6,69.0,0.008695652173913044,"Sherfy, James"
642083,SI,70.5,171.0,0.41228070175438597,"Slegers, Aaron"
642083,SL,56.699999999999996,171.0,0.33157894736842103,"Slegers, Aaron"
642083,FF,27.0,171.0,0.15789473684210525,"Slegers, Aaron"
642083,CH,15.6,171.0,0.09122807017543859,"Slegers, Aaron"
642083,OTHER,1.2,171.0,0.007017543859649123,"Slegers, Aaron"
642086,OTHER,26.349999999999998,26.349999999999998,1.0,"Smith, Dominic"
642092,SI,183.9,321.3,0.5723622782446312,"Smith, Riley"
642092,CH,54.6,321.3,0.16993464052287582,"Smith, Riley"
642092,CU,34.5,321.3,0.10737628384687208,"Smith, Riley"
642092,FC,32.1,321.3,0.09990662931839403,"Smith, Riley"
642092,SL,14.399999999999999,321.3,0.04481792717086834,"Smith, Riley"
642092,FF,1.5,321.3,0.004668534080298786,"Smith, Riley"
642092,OTHER,0.3,321.3,0.0009337068160597572,"Smith, Riley"
642100,FF,691.2,1956.45,0.3532929540749828,"Speier, Gabe"
642100,SI,674.45,1956.45,0.3447315290449539,"Speier, Gabe"
642100,SL,567.6,1956.45,0.29011730430115773,"Speier, Gabe"
642100,CH,18.1,1956.45,0.00925145033095658,"Speier, Gabe"
642100,ST,5.1,1956.45,0.0026067622479490913,"Speier, Gabe"
642121,FF,593.7,1276.35,0.4651545422493831,"Sulser, Cole"
642121,CH,447.45,1276.35,0.350569984722059,"Sulser, Cole"
642121,FC,123.5,1276.35,0.09676029302307361,"Sulser, Cole"
642121,SL,78.5,1276.35,0.061503506091589305,"Sulser, Cole"
642121,ST,22.4,1276.35,0.01755004505033886,"Sulser, Cole"
642121,CU,10.8,1276.35,0.008461628863556236,"Sulser, Cole"
642130,FF,264.3,361.65,0.7308170883450851,"Taylor, Blake"
642130,SL,97.35,361.65,0.269182911654915,"Taylor, Blake"
642133,OTHER,68.85,68.85,1.0,"Tellez, Rowdy"
642140,FF,1.8,2.25,0.8,"Thompson, Cory"
642140,CU,0.45,2.25,0.2,"Thompson, Cory"
642152,SI,426.85,1604.85,0.2659750132411129,"Trivino, Lou"
642152,FC,320.6,1604.85,0.19976944885814876,"Trivino, Lou"
642152,FF,300.15,1604.85,0.18702682493690997,"Trivino, Lou"
642152,ST,270.15,1604.85,0.16833348911113188,"Trivino, Lou"
642152,CH,226.7,1604.85,0.14125930772346326,"Trivino, Lou"
642152,CU,60.4,1604.85,0.03763591612923326,"Trivino, Lou"
642162,OTHER,1.7999999999999998,2.1,0.857142857142857,"Valaika, Pat"
642162,CU,0.3,2.1,0.14285714285714285,"Valaika, Pat"
642165,OTHER,33.300000000000004,33.300000000000004,1.0,"VanMeter, Josh"
642180,OTHER,18.0,18.0,1.0,"Wade, Tyler"
642203,FF,342.59999999999997,513.15,0.6676410406313943,"Widener, Taylor"
642203,SL,93.0,513.15,0.18123355743934522,"Widener, Taylor"
642203,CH,73.8,513.15,0.143817597193803,"Widener, Taylor"
642203,CU,2.1,513.15,0.0040923706518561824,"Widener, Taylor"
642203,OTHER,0.9,513.15,0.0017538731365097926,"Widener, Taylor"
642203,FC,0.75,513.15,0.0014615609470914938,"Widener, Taylor"
642207,CH,1574.3,2893.6,0.5440627591927011,"Williams, Devin"
642207,FF,1268.9,2893.6,0.4385194912911253,"Williams, Devin"
642207,FC,29.55,2893.6,0.010212192424661322,"Williams, Devin"
642207,SL,20.85,2893.6,0.007205557091512303,"Williams, Devin"
642215,OTHER,42.8,42.8,1.0,"Wilson, Weston"
642216,CH,203.4,643.05,0.3163051084674598,"Winans, Allan"
642216,SI,169.65,643.05,0.26382085374387687,"Winans, Allan"
642216,ST,142.45,643.05,0.2215224321592411,"Winans, Allan"
642216,FF,122.55,643.05,0.19057616048518777,"Winans, Allan"
642216,CU,5.0,643.05,0.007775445144234508,"Winans, Allan"
642231,SI,176.0,281.55,0.6251109927188776,"Yacabonis, Jimmy"
642231,ST,88.7,281.55,0.315041733262298,"Yacabonis, Jimmy"
642231,CH,16.85,281.55,0.059847274018824365,"Yacabonis, Jimmy"
642232,FC,1097.1,4522.85,0.24256829211669628,"Yarbrough, Ryan"
642232,ST,1063.0,4522.85,0.2350287982135158,"Yarbrough, Ryan"
642232,CH,932.05,4522.85,0.20607581502813488,"Yarbrough, Ryan"
642232,FF,860.9,4522.85,0.19034458361431397,"Yarbrough, Ryan"
642232,SI,565.95,4522.85,0.1251312778447218,"Yarbrough, Ryan"
642232,SV,3.8499999999999996,4522.85,0.000851233182617155,"Yarbrough, Ryan"
642233,SI,69.0,94.5,0.7301587301587301,"Yardley, Eric"
642233,CU,19.5,94.5,0.20634920634920634,"Yardley, Eric"
642233,CH,6.0,94.5,0.06349206349206349,"Yardley, Eric"
642239,FF,295.2,723.65,0.40793201133144474,"Zastryzny, Rob"
642239,FC,222.9,723.65,0.3080218337594141,"Zastryzny, Rob"
642239,ST,130.1,723.65,0.1797830442893664,"Zastryzny, Rob"
642239,CH,56.800000000000004,723.65,0.0784909832101154,"Zastryzny, Rob"
642239,FS,18.0,723.65,0.024873903129966145,"Zastryzny, Rob"
642239,SI,0.65,723.65,0.0008982242796932219,"Zastryzny, Rob"
642336,SL,6.3,8.4,0.75,"Mejía, Francisco"
642336,CU,1.5,8.4,0.17857142857142858,"Mejía, Francisco"
642336,FC,0.3,8.4,0.03571428571428571,"Mejía, Francisco"
642336,FF,0.3,8.4,0.03571428571428571,"Mejía, Francisco"
642397,SI,1590.9,3276.35,0.4855708333969204,"Soto, Gregory"
642397,SL,1077.6,3276.35,0.328902589772155,"Soto, Gregory"
642397,FF,450.05,3276.35,0.13736322431974607,"Soto, Gregory"
642397,ST,142.6,3276.35,0.04352404352404352,"Soto, Gregory"
642397,CH,6.25,3276.35,0.0019076106032627773,"Soto, Gregory"
642397,FC,5.95,3276.35,0.001816045294306164,"Soto, Gregory"
642397,FS,3.0,3276.35,0.000915653089566133,"Soto, Gregory"
642520,FF,176.65,469.2,0.3764919011082694,"Garabito, Gerson"
642520,CU,149.95,469.2,0.31958653026427963,"Garabito, Gerson"
642520,CH,56.449999999999996,469.2,0.12031116794543904,"Garabito, Gerson"
642520,SI,55.75,469.2,0.11881926683716966,"Garabito, Gerson"
642520,SL,30.4,469.2,0.06479113384484228,"Garabito, Gerson"
642528,SI,792.05,1327.8,0.5965130290706432,"Loáisiga, Jonathan"
642528,CU,242.9,1327.8,0.18293417683386054,"Loáisiga, Jonathan"
642528,CH,223.75,1327.8,0.16851182406989004,"Loáisiga, Jonathan"
642528,FF,42.4,1327.8,0.03193251995782497,"Loáisiga, Jonathan"
642528,FC,18.0,1327.8,0.013556258472661545,"Loáisiga, Jonathan"
642528,SL,8.7,1327.8,0.006552191595119747,"Loáisiga, Jonathan"
642545,SL,785.1,1664.7,0.471616507478825,"Barria, Jaime"
642545,FF,444.75,1664.7,0.26716525500090105,"Barria, Jaime"
642545,SI,218.95,1664.7,0.1315251997356881,"Barria, Jaime"
642545,CH,215.9,1664.7,0.12969303778458582,"Barria, Jaime"
642546,SL,556.7,1221.3,0.4558257594366659,"Hernández, Jonathan"
642546,SI,499.65,1221.3,0.4091132399901744,"Hernández, Jonathan"
642546,CH,155.6,1221.3,0.12740522394170148,"Hernández, Jonathan"
642546,FF,9.35,1221.3,0.007655776631458282,"Hernández, Jonathan"
642547,FF,4726.25,8937.0,0.5288407743090523,"Peralta, Freddy"
642547,CH,1532.75,8937.0,0.17150609824325835,"Peralta, Freddy"
642547,SL,1075.5,8937.0,0.1203423967774421,"Peralta, Freddy"
642547,CU,984.6,8937.0,0.11017119838872105,"Peralta, Freddy"
642547,ST,529.9,8937.0,0.059292827570773185,"Peralta, Freddy"
642547,OTHER,77.0,8937.0,0.008615866621908918,"Peralta, Freddy"
642547,SI,11.0,8937.0,0.0012308380888441312,"Peralta, Freddy"
642578,SI,13.0,31.200000000000003,0.41666666666666663,"Rodríguez, José"
642578,CH,7.800000000000001,31.200000000000003,0.25,"Rodríguez, José"
642578,SL,7.15,31.200000000000003,0.22916666666666666,"Rodríguez, José"
642578,FF,3.25,31.200000000000003,0.10416666666666666,"Rodríguez, José"
642585,SI,1069.25,1664.8500000000001,0.6422500525572874,"Bautista, Félix"
642585,FS,444.1,1664.8500000000001,0.26675075832657597,"Bautista, Félix"
642585,SL,138.7,1664.8500000000001,0.0833108087815719,"Bautista, Félix"
642585,FF,10.8,1664.8500000000001,0.006487070907288945,"Bautista, Félix"
642585,FC,1.0,1664.8500000000001,0.0006006547136378652,"Bautista, Félix"
642585,OTHER,1.0,1664.8500000000001,0.0006006547136378652,"Bautista, Félix"
642629,FF,168.29999999999998,315.34999999999997,0.5336927223719676,"Ramirez, Emmanuel"
642629,FS,116.45,315.34999999999997,0.36927223719676555,"Ramirez, Emmanuel"
642629,SL,30.599999999999998,315.34999999999997,0.09703504043126684,"Ramirez, Emmanuel"
642657,SL,18.0,33.300000000000004,0.5405405405405405,"Ogando, Cristofer"
642657,SI,10.35,33.300000000000004,0.31081081081081074,"Ogando, Cristofer"
642657,FF,4.95,33.300000000000004,0.14864864864864863,"Ogando, Cristofer"
642659,FF,20.55,45.0,0.45666666666666667,"Espinal, Raynel"
642659,CH,16.2,45.0,0.36,"Espinal, Raynel"
642659,SL,7.65,45.0,0.17,"Espinal, Raynel"
642659,SI,0.6,45.0,0.013333333333333332,"Espinal, Raynel"
642701,SL,1045.8,2774.4,0.3769463667820069,"Santana, Dennis"
642701,FF,604.3,2774.4,0.21781286043829295,"Santana, Dennis"
642701,SI,539.3,2774.4,0.19438437139561704,"Santana, Dennis"
642701,FC,301.7,2774.4,0.10874423298731256,"Santana, Dennis"
642701,CH,274.7,2774.4,0.09901239907727796,"Santana, Dennis"
642701,CU,8.6,2774.4,0.003099769319492503,"Santana, Dennis"
642708,OTHER,28.0,28.0,1.0,"Rosario, Amed"
642727,FF,0.6,1.2,0.5,"Alcántara, Sergio"
642727,CH,0.3,1.2,0.25,"Alcántara, Sergio"
642727,FC,0.3,1.2,0.25,"Alcántara, Sergio"
642758,FF,264.75,605.2,0.4374586913417052,"Acevedo, Domingo"
642758,SL,210.6,605.2,0.3479841374752148,"Acevedo, Domingo"
642758,CH,129.55,605.2,0.21406146728354264,"Acevedo, Domingo"
642758,SI,0.3,605.2,0.000495703899537343,"Acevedo, Domingo"
642759,FF,81.7,111.1,0.7353735373537355,"Fernández, Julian"
642759,CH,29.4,111.1,0.2646264626462646,"Fernández, Julian"
642770,SI,175.55,398.40000000000003,0.4406375502008032,"Guerra, Javy"
642770,FF,104.95,398.40000000000003,0.26342871485943775,"Guerra, Javy"
642770,SL,83.45,398.40000000000003,0.20946285140562249,"Guerra, Javy"
642770,ST,34.45,398.40000000000003,0.08647088353413655,"Guerra, Javy"
642834,FF,51.0,102.85,0.49586776859504134,"Bermúdez, Jonathan"
642834,ST,29.75,102.85,0.2892561983471075,"Bermúdez, Jonathan"
642834,CH,11.9,102.85,0.11570247933884298,"Bermúdez, Jonathan"
642834,SL,10.2,102.85,0.09917355371900827,"Bermúdez, Jonathan"
642851,SL,9.45,14.4,0.6562499999999999,"Wynns, Austin"
642851,OTHER,4.95,14.4,0.34375,"Wynns, Austin"
643230,FF,82.05,220.04999999999998,0.3728698023176551,"Brault, Steven"
643230,SL,53.55,220.04999999999998,0.24335378323108384,"Brault, Steven"
643230,SI,43.2,220.04999999999998,0.196319018404908,"Brault, Steven"
643230,CH,35.25,220.04999999999998,0.16019086571233812,"Brault, Steven"
643230,CU,6.0,220.04999999999998,0.027266530334015,"Brault, Steven"
643256,FF,456.65,1348.5,0.3386355209492028,"Cimber, Adam"
643256,SI,448.15,1348.5,0.332332220986281,"Cimber, Adam"
643256,SL,442.6,1348.5,0.3282165368928439,"Cimber, Adam"
643256,OTHER,1.1,1348.5,0.0008157211716722285,"Cimber, Adam"
643290,FF,255.6,504.0,0.5071428571428571,"Dunn, Justin"
643290,CU,136.2,504.0,0.2702380952380952,"Dunn, Justin"
643290,SL,96.75,504.0,0.19196428571428573,"Dunn, Justin"
643290,CH,15.45,504.0,0.030654761904761903,"Dunn, Justin"
643316,FF,178.04999999999998,367.8,0.4840946166394779,"Fry, Paul"
643316,SL,170.7,367.8,0.46411092985318103,"Fry, Paul"
643316,CH,19.05,367.8,0.051794453507340944,"Fry, Paul"
643327,FC,10.799999999999999,26.4,0.40909090909090906,"Godley, Zack"
643327,KC,9.9,26.4,0.37500000000000006,"Godley, Zack"
643327,SI,3.0,26.4,0.11363636363636365,"Godley, Zack"
643327,FF,2.4,26.4,0.09090909090909091,"Godley, Zack"
643327,CH,0.3,26.4,0.011363636363636364,"Godley, Zack"
643338,FF,1170.2,2038.0,0.5741903827281649,"Green, Chad"
643338,SL,661.05,2038.0,0.3243621197252208,"Green, Chad"
643338,ST,115.2,2038.0,0.05652600588812561,"Green, Chad"
643338,CU,64.2,2038.0,0.03150147203140334,"Green, Chad"
643338,SI,18.95,2038.0,0.009298331697742884,"Green, Chad"
643338,FC,5.1,2038.0,0.0025024533856722276,"Green, Chad"
643338,CH,2.0,2038.0,0.0009813542688910696,"Green, Chad"
643338,OTHER,1.3,2038.0,0.0006378802747791953,"Green, Chad"
643361,FF,291.8,666.0,0.4381381381381382,"Herget, Kevin"
643361,CH,238.05,666.0,0.35743243243243245,"Herget, Kevin"
643361,FC,79.7,666.0,0.11966966966966967,"Herget, Kevin"
643361,SL,27.5,666.0,0.04129129129129129,"Herget, Kevin"
643361,CU,16.3,666.0,0.024474474474474477,"Herget, Kevin"
643361,ST,12.65,666.0,0.018993993993993995,"Herget, Kevin"
643377,ST,1556.5,3582.8,0.4344367533772468,"Jax, Griffin"
643377,FF,956.25,3582.8,0.2669001897956905,"Jax, Griffin"
643377,CH,576.85,3582.8,0.16100535893714413,"Jax, Griffin"
643377,SI,298.85,3582.8,0.08341241487105058,"Jax, Griffin"
643377,CU,129.05,3582.8,0.03601931450262365,"Jax, Griffin"
643377,FC,65.3,3582.8,0.018225968516244275,"Jax, Griffin"
643396,OTHER,55.45,55.45,1.0,"Kiner-Falefa, Isiah"
643400,CH,51.0,142.2,0.35864978902953587,"Knight, Dusten"
643400,FF,39.6,142.2,0.2784810126582279,"Knight, Dusten"
643400,FC,27.75,142.2,0.19514767932489452,"Knight, Dusten"
643400,CU,23.85,142.2,0.1677215189873418,"Knight, Dusten"
643410,FS,883.15,2810.7,0.31420998327818694,"Leiter Jr., Mark"
643410,SI,857.7,2810.7,0.3051552993916107,"Leiter Jr., Mark"
643410,CU,495.05,2810.7,0.1761305012986089,"Leiter Jr., Mark"
643410,FC,270.45,2810.7,0.09622158181235992,"Leiter Jr., Mark"
643410,FF,188.35,2810.7,0.0670117764258014,"Leiter Jr., Mark"
643410,ST,72.25,2810.7,0.02570534030668517,"Leiter Jr., Mark"
643410,SL,42.05,2810.7,0.014960685950119188,"Leiter Jr., Mark"
643410,CH,1.7,2810.7,0.0006048315366278863,"Leiter Jr., Mark"
643493,SL,368.40000000000003,955.4,0.3855976554322797,"Pruitt, Austin"
643493,FF,276.65000000000003,955.4,0.2895645802805108,"Pruitt, Austin"
643493,CU,163.65,955.4,0.1712895122461796,"Pruitt, Austin"
643493,SI,85.4,955.4,0.08938664433745029,"Pruitt, Austin"
643493,CH,60.0,955.4,0.06280092108017585,"Pruitt, Austin"
643493,ST,1.3,955.4,0.00136068662340381,"Pruitt, Austin"
643511,SI,2055.25,3366.25,0.6105458596360935,"Rogers, Tyler"
643511,SL,1271.3,3366.25,0.37766060155959896,"Rogers, Tyler"
643511,FF,39.7,3366.25,0.011793538804307465,"Rogers, Tyler"
643524,OTHER,18.900000000000002,18.900000000000002,1.0,"Schwindel, Frank"
643565,OTHER,7.5,7.5,1.0,"Tauchman, Mike"
643615,SI,94.2,198.3,0.4750378214826021,"Zeuch, T.J."
643615,SL,46.65,198.3,0.23524962178517395,"Zeuch, T.J."
643615,FC,32.1,198.3,0.16187594553706505,"Zeuch, T.J."
643615,CH,20.7,198.3,0.10438729198184568,"Zeuch, T.J."
643615,FF,4.65,198.3,0.023449319213313162,"Zeuch, T.J."
643778,FF,45.6,117.6,0.38775510204081637,"Webb, Tyler"
643778,SI,34.199999999999996,117.6,0.29081632653061223,"Webb, Tyler"
643778,CH,21.9,117.6,0.18622448979591835,"Webb, Tyler"
643778,CU,15.899999999999999,117.6,0.13520408163265304,"Webb, Tyler"
644364,SL,146.25,313.65000000000003,0.4662840746054519,"Arano, Víctor"
644364,SI,131.85,313.65000000000003,0.4203730272596843,"Arano, Víctor"
644364,FF,35.550000000000004,313.65000000000003,0.1133428981348637,"Arano, Víctor"
644374,OTHER,10.8,11.700000000000001,0.923076923076923,"Chang, Yu"
644374,CU,0.45,11.700000000000001,0.03846153846153846,"Chang, Yu"
644374,SL,0.45,11.700000000000001,0.03846153846153846,"Chang, Yu"
644429,FF,38.7,59.85,0.6466165413533835,"Severino, Anderson"
644429,SL,9.450000000000001,59.85,0.15789473684210528,"Severino, Anderson"
644429,CH,6.3,59.85,0.10526315789473684,"Severino, Anderson"
644429,CU,5.4,59.85,0.09022556390977444,"Severino, Anderson"
645261,SI,1834.2,6896.35,0.2659667795283012,"Alcantara, Sandy"
645261,CH,1740.7,6896.35,0.25240888295982655,"Alcantara, Sandy"
645261,FF,1409.3,6896.35,0.20435447736846302,"Alcantara, Sandy"
645261,FC,1344.55,6896.35,0.19496545273949262,"Alcantara, Sandy"
645261,SL,567.15,6896.35,0.08223915549529823,"Alcantara, Sandy"
645261,OTHER,0.45,6896.35,6.525190861832708e-05,"Alcantara, Sandy"
645305,OTHER,18.0,18.0,1.0,"Sánchez, Ali"
645444,OTHER,51.7,51.7,1.0,"Herrera, Jose"
645801,OTHER,32.75,34.050000000000004,0.961820851688693,"Ford, Mike"
645801,SL,1.3,34.050000000000004,0.0381791483113069,"Ford, Mike"
646241,FF,30.55,88.4,0.34558823529411764,"De Jesus, Enmanuel"
646241,CH,25.35,88.4,0.2867647058823529,"De Jesus, Enmanuel"
646241,SL,18.2,88.4,0.20588235294117646,"De Jesus, Enmanuel"
646241,SI,13.0,88.4,0.14705882352941174,"De Jesus, Enmanuel"
646241,FC,1.3,88.4,0.014705882352941176,"De Jesus, Enmanuel"
646242,FF,126.2,448.4,0.2814451382694023,"Díaz, Jhonathan"
646242,SL,123.25,448.4,0.2748661909009813,"Díaz, Jhonathan"
646242,SI,90.6,448.4,0.20205173951828725,"Díaz, Jhonathan"
646242,CH,72.95,448.4,0.16268956289027656,"Díaz, Jhonathan"
646242,CU,35.4,448.4,0.07894736842105263,"Díaz, Jhonathan"
647315,SI,983.8,1421.2,0.692231916690121,"Pop, Zach"
647315,SL,318.35,1421.2,0.22400084435688153,"Pop, Zach"
647315,FC,106.3,1421.2,0.07479594708696875,"Pop, Zach"
647315,FF,6.449999999999999,1421.2,0.00453841823810864,"Pop, Zach"
647315,ST,5.0,1421.2,0.0035181536729524347,"Pop, Zach"
647315,OTHER,0.85,1421.2,0.0005980861244019139,"Pop, Zach"
647315,CH,0.45,1421.2,0.0003166338305657191,"Pop, Zach"
647336,FF,1157.7,2998.3,0.38611880065370374,"Soroka, Michael"
647336,SV,585.1,2998.3,0.19514391488510155,"Soroka, Michael"
647336,SI,482.45,2998.3,0.1609078477804089,"Soroka, Michael"
647336,SL,452.25,2998.3,0.15083547343494647,"Soroka, Michael"
647336,CH,319.8,2998.3,0.10666044091651936,"Soroka, Michael"
647336,OTHER,1.0,2998.3,0.00033352232931994794,"Soroka, Michael"
647351,OTHER,15.0,15.0,1.0,"Toro, Abraham"
649144,FF,127.5,255.9,0.49824150058616645,"Wells, Alex"
649144,CU,51.9,255.9,0.20281359906213364,"Wells, Alex"
649144,SL,39.449999999999996,255.9,0.15416178194607266,"Wells, Alex"
649144,CH,37.05,255.9,0.1447831184056272,"Wells, Alex"
650204,FF,72.45,164.70000000000002,0.43989071038251365,"Ruiz, Norge"
650204,SL,62.550000000000004,164.70000000000002,0.3797814207650273,"Ruiz, Norge"
650204,CH,29.7,164.70000000000002,0.180327868852459,"Ruiz, Norge"
650339,OTHER,3.6,3.6,1.0,"Palacios, Jermaine"
650347,SL,32.1,64.2,0.5,"Madero, Luís"
650347,FF,23.7,64.2,0.3691588785046729,"Madero, Luís"
650347,CH,6.6,64.2,0.10280373831775699,"Madero, Luís"
650347,SI,1.7999999999999998,64.2,0.02803738317757009,"Madero, Luís"
650382,FF,215.54999999999998,308.09999999999997,0.6996105160662123,"Hernández, Darwinzon"
650382,SL,67.65,308.09999999999997,0.21957156767283353,"Hernández, Darwinzon"
650382,CU,23.1,308.09999999999997,0.07497565725413828,"Hernández, Darwinzon"
650382,SI,1.7999999999999998,308.09999999999997,0.005842259006815969,"Hernández, Darwinzon"
650489,OTHER,36.15,36.15,1.0,"Castro, Willi"
650496,SI,214.0,460.25,0.46496469310157523,"Mejía, J.C."
650496,SL,138.25,460.25,0.30038022813688214,"Mejía, J.C."
650496,FF,54.0,460.25,0.11732753938077133,"Mejía, J.C."
650496,CH,33.9,460.25,0.07365562194459532,"Mejía, J.C."
650496,CU,20.099999999999998,460.25,0.04367191743617599,"Mejía, J.C."
650530,SI,117.0,361.95,0.3232490675507667,"Garcia, Bryan"
650530,SL,91.65,361.95,0.25321176958143393,"Garcia, Bryan"
650530,CH,77.25,361.95,0.21342726895980108,"Garcia, Bryan"
650530,FF,75.60000000000001,361.95,0.20886862826357236,"Garcia, Bryan"
650530,OTHER,0.45,361.95,0.0012432656444260257,"Garcia, Bryan"
650556,SL,1855.6,3662.15,0.5066968857092145,"Abreu, Bryan"
650556,FF,1689.75,3662.15,0.46140928143303794,"Abreu, Bryan"
650556,CU,82.7,3662.15,0.02258236281965512,"Abreu, Bryan"
650556,SI,22.8,3662.15,0.0062258509345603,"Abreu, Bryan"
650556,CH,11.3,3662.15,0.0030856191035320783,"Abreu, Bryan"
650633,SI,1665.0,5306.65,0.3137572668255868,"King, Michael"
650633,FF,1220.8,5306.65,0.23005097377818398,"King, Michael"
650633,ST,1106.65,5306.65,0.20854022782734874,"King, Michael"
650633,CH,1061.15,5306.65,0.19996608029547835,"King, Michael"
650633,SL,206.25,5306.65,0.03886632809776413,"King, Michael"
650633,FC,45.9,5306.65,0.00864952465302969,"King, Michael"
650633,CU,0.8999999999999999,5306.65,0.00016959852260842528,"King, Michael"
650644,FC,2213.8,6600.9,0.3353785089911982,"Civale, Aaron"
650644,CU,1314.0,6600.9,0.19906376403217743,"Civale, Aaron"
650644,SI,1277.75,6600.9,0.19357208865457742,"Civale, Aaron"
650644,FF,858.1,6600.9,0.12999742459361605,"Civale, Aaron"
650644,ST,352.8,6600.9,0.053447257192201066,"Civale, Aaron"
650644,SL,313.7,6600.9,0.047523822509051794,"Civale, Aaron"
650644,FS,270.1,6600.9,0.04091866260661425,"Civale, Aaron"
650644,OTHER,0.65,6600.9,9.847142056386252e-05,"Civale, Aaron"
650668,FF,54.3,126.3,0.42992874109263657,"Mejía, Humberto"
650668,SI,25.5,126.3,0.20190023752969122,"Mejía, Humberto"
650668,SL,21.599999999999998,126.3,0.171021377672209,"Mejía, Humberto"
650668,CH,20.099999999999998,126.3,0.15914489311163893,"Mejía, Humberto"
650668,CU,4.8,126.3,0.03800475059382423,"Mejía, Humberto"
650671,FF,809.35,936.1,0.864597799380408,"Quijada, José"
650671,CH,83.45,936.1,0.0891464587116761,"Quijada, José"
650671,SL,41.8,936.1,0.04465334900117508,"Quijada, José"
650671,SI,1.5,936.1,0.0016023929067407329,"Quijada, José"
650828,SI,116.1,183.0,0.6344262295081967,"Santana, Edgar"
650828,SL,64.2,183.0,0.35081967213114756,"Santana, Edgar"
650828,FF,2.6999999999999997,183.0,0.014754098360655736,"Santana, Edgar"
650893,FF,833.9,2905.5,0.28700739975907763,"Cabrera, Génesis"
650893,FC,688.55,2905.5,0.23698158664601615,"Cabrera, Génesis"
650893,SI,579.55,2905.5,0.1994665289967303,"Cabrera, Génesis"
650893,CU,497.55,2905.5,0.17124419204956118,"Cabrera, Génesis"
650893,CH,212.95,2905.5,0.07329203235243503,"Cabrera, Génesis"
650893,FS,93.0,2905.5,0.03200826019617966,"Cabrera, Génesis"
650895,SL,583.5,918.6,0.6352057478772044,"Castillo, Diego"
650895,SI,263.15,918.6,0.2864685390812105,"Castillo, Diego"
650895,FF,58.8,918.6,0.06401045068582625,"Castillo, Diego"
650895,CH,13.15,918.6,0.014315262355758763,"Castillo, Diego"
650907,OTHER,16.900000000000002,16.900000000000002,1.0,"Pinto, René"
650911,SI,3114.8,6587.8,0.47281338231276,"Sánchez, Cristopher"
650911,CH,2315.45,6587.8,0.3514754546282522,"Sánchez, Cristopher"
650911,SL,1150.45,6587.8,0.17463341327909165,"Sánchez, Cristopher"
650911,FC,5.1,6587.8,0.0007741582926014753,"Sánchez, Cristopher"
650911,FF,2.0,6587.8,0.00030359148729469627,"Sánchez, Cristopher"
650959,FF,124.05,208.5,0.5949640287769784,"Diplán, Marcos"
650959,CU,50.85,208.5,0.24388489208633093,"Diplán, Marcos"
650959,CH,22.95,208.5,0.11007194244604317,"Diplán, Marcos"
650959,SL,10.65,208.5,0.05107913669064748,"Diplán, Marcos"
650960,FF,130.9,440.75,0.29699376063528077,"Duarte, Daniel"
650960,SI,109.15,440.75,0.24764605785592742,"Duarte, Daniel"
650960,ST,88.45,440.75,0.2006806579693704,"Duarte, Daniel"
650960,FC,77.7,440.75,0.17629041406693138,"Duarte, Daniel"
650960,CH,32.0,440.75,0.07260351673284175,"Duarte, Daniel"
650960,SL,2.55,440.75,0.005785592739648326,"Duarte, Daniel"
655889,SL,497.3,1103.6,0.45061616527727444,"Rodríguez, Manuel"
655889,SI,378.15,1103.6,0.3426513229430953,"Rodríguez, Manuel"
655889,FF,223.4,1103.6,0.20242841609278725,"Rodríguez, Manuel"
655889,ST,3.4,1103.6,0.003080826386371874,"Rodríguez, Manuel"
655889,CH,1.35,1103.6,0.0012232693004711854,"Rodríguez, Manuel"
656008,FF,9.9,19.35,0.5116279069767442,"Zabala, Aneurys"
656008,CH,6.75,19.35,0.34883720930232553,"Zabala, Aneurys"
656008,CU,2.7,19.35,0.13953488372093023,"Zabala, Aneurys"
656061,SI,583.75,1197.9,0.48731112780699554,"Abreu, Albert"
656061,SL,353.95,1197.9,0.295475415310126,"Abreu, Albert"
656061,CH,160.95000000000002,1197.9,0.13436013022789883,"Abreu, Albert"
656061,FF,98.95,1197.9,0.08260288838801236,"Abreu, Albert"
656061,CU,0.3,1197.9,0.00025043826696719256,"Abreu, Albert"
656186,FF,165.1,533.15,0.309668948701116,"Altavilla, Dan"
656186,SL,143.65,533.15,0.2694363687517584,"Altavilla, Dan"
656186,SI,114.0,533.15,0.21382350182875365,"Altavilla, Dan"
656186,CH,110.4,533.15,0.20707118071837197,"Altavilla, Dan"
656206,SI,2.25,4.05,0.5555555555555556,"Bain, Jeff"
656206,SL,1.35,4.05,0.33333333333333337,"Bain, Jeff"
656206,CH,0.45,4.05,0.11111111111111112,"Bain, Jeff"
656212,SI,84.89999999999999,196.5,0.43206106870229005,"Barnes, Charlie"
656212,CH,57.3,196.5,0.2916030534351145,"Barnes, Charlie"
656212,SL,47.699999999999996,196.5,0.2427480916030534,"Barnes, Charlie"
656212,CU,4.8,196.5,0.024427480916030534,"Barnes, Charlie"
656212,FF,1.7999999999999998,196.5,0.009160305343511449,"Barnes, Charlie"
656222,FF,1437.9,2803.3,0.5129311882424286,"Beeks, Jalen"
656222,CH,1016.2,2803.3,0.3625013377091285,"Beeks, Jalen"
656222,FC,326.9,2803.3,0.1166125637641351,"Beeks, Jalen"
656222,SL,10.8,2803.3,0.003852602290158028,"Beeks, Jalen"
656222,CU,10.2,2803.3,0.003638568829593693,"Beeks, Jalen"
656222,SI,1.3,2803.3,0.0004637391645560589,"Beeks, Jalen"
656232,FF,505.5,1661.55,0.3042339983750113,"Bielak, Brandon"
656232,CH,372.1,1661.55,0.22394751888297074,"Bielak, Brandon"
656232,SI,361.65,1661.55,0.21765821070687008,"Bielak, Brandon"
656232,ST,208.35,1661.55,0.1253949625349824,"Bielak, Brandon"
656232,CU,178.0,1661.55,0.10712888567903464,"Bielak, Brandon"
656232,SL,22.75,1661.55,0.013692034546056393,"Bielak, Brandon"
656232,FC,13.2,1661.55,0.007944389275074478,"Bielak, Brandon"
656234,SI,1275.5,2701.45,0.47215384330637256,"Bird, Jake"
656234,CU,544.85,2701.45,0.20168798237983307,"Bird, Jake"
656234,ST,387.3,2701.45,0.14336745081345204,"Bird, Jake"
656234,FC,261.05,2701.45,0.09663328952969702,"Bird, Jake"
656234,SL,215.65,2701.45,0.07982750004627145,"Bird, Jake"
656234,CH,10.4,2701.45,0.0038497843750578396,"Bird, Jake"
656234,FF,6.7,2701.45,0.0024801495493161083,"Bird, Jake"
656240,SL,422.65,1009.75,0.4185689527110671,"Blewett, Scott"
656240,FF,379.15,1009.75,0.3754889824213914,"Blewett, Scott"
656240,FS,195.35,1009.75,0.19346372864570438,"Blewett, Scott"
656240,SI,11.4,1009.75,0.011289923248328795,"Blewett, Scott"
656240,CH,1.2,1009.75,0.0011884129735082942,"Blewett, Scott"
656257,ST,310.0,693.5500000000001,0.4469757047076634,"Brigham, Jeff"
656257,FF,278.1,693.5500000000001,0.4009804628361329,"Brigham, Jeff"
656257,FC,105.45,693.5500000000001,0.1520438324562036,"Brigham, Jeff"
656266,SL,102.85,226.25,0.454585635359116,"Bukauskas, J.B."
656266,SI,71.7,226.25,0.3169060773480663,"Bukauskas, J.B."
656266,FF,37.199999999999996,226.25,0.1644198895027624,"Bukauskas, J.B."
656266,CH,14.5,226.25,0.06408839779005525,"Bukauskas, J.B."
656271,FF,1392.25,2628.25,0.5297251022543518,"Burke, Brock"
656271,SL,629.8,2628.25,0.2396271283173214,"Burke, Brock"
656271,CH,432.75,2628.25,0.16465328640730525,"Burke, Brock"
656271,SI,173.45,2628.25,0.0659944830210216,"Burke, Brock"
656288,FF,1921.2,5291.65,0.36306256082696325,"Canning, Griffin"
656288,SL,1429.95,5291.65,0.27022762276416623,"Canning, Griffin"
656288,CH,1286.2,5291.65,0.24306218287301695,"Canning, Griffin"
656288,KC,553.8,5291.65,0.10465544773369365,"Canning, Griffin"
656288,FC,47.3,5291.65,0.008938610830270331,"Canning, Griffin"
656288,SI,38.0,5291.65,0.007181124979921197,"Canning, Griffin"
656288,ST,14.0,5291.65,0.0026456776241814937,"Canning, Griffin"
656288,OTHER,1.2,5291.65,0.00022677236778698517,"Canning, Griffin"
656290,FF,130.8,290.40000000000003,0.45041322314049587,"Carlton, Drew"
656290,SI,67.0,290.40000000000003,0.23071625344352614,"Carlton, Drew"
656290,SL,57.4,290.40000000000003,0.19765840220385672,"Carlton, Drew"
656290,CH,35.2,290.40000000000003,0.1212121212121212,"Carlton, Drew"
656302,FF,4339.4,10082.75,0.4303786169447819,"Cease, Dylan"
656302,SL,4056.2,10082.75,0.40229104163050755,"Cease, Dylan"
656302,KC,1099.15,10082.75,0.10901291810270017,"Cease, Dylan"
656302,ST,229.75,10082.75,0.022786442190870546,"Cease, Dylan"
656302,CH,210.7,10082.75,0.020897076690387047,"Cease, Dylan"
656302,SI,131.4,10082.75,0.013032158885224765,"Cease, Dylan"
656302,FC,16.15,10082.75,0.0016017455555280057,"Cease, Dylan"
656322,SI,170.3,415.35,0.41001564945226915,"Coonrod, Sam"
656322,FF,97.2,415.35,0.23401950162513543,"Coonrod, Sam"
656322,SL,49.199999999999996,415.35,0.11845431563741421,"Coonrod, Sam"
656322,CH,41.0,415.35,0.09871192969784519,"Coonrod, Sam"
656322,FC,31.55,415.35,0.07596003370651258,"Coonrod, Sam"
656322,ST,25.8,415.35,0.062116287468400144,"Coonrod, Sam"
656322,CU,0.3,415.35,0.0007222824124232574,"Coonrod, Sam"
656349,SL,2.25,4.05,0.5555555555555556,"Daniels, Brett"
656349,FF,0.9,4.05,0.22222222222222224,"Daniels, Brett"
656349,CH,0.45,4.05,0.11111111111111112,"Daniels, Brett"
656349,CU,0.45,4.05,0.11111111111111112,"Daniels, Brett"
656353,SL,480.35,1108.8,0.4332160894660895,"Davidson, Tucker"
656353,FF,417.15000000000003,1108.8,0.37621753246753253,"Davidson, Tucker"
656353,ST,63.65,1108.8,0.05740440115440115,"Davidson, Tucker"
656353,FS,53.4,1108.8,0.04816017316017316,"Davidson, Tucker"
656353,CU,48.05,1108.8,0.04333513708513709,"Davidson, Tucker"
656353,SI,27.15,1108.8,0.024485930735930736,"Davidson, Tucker"
656353,CH,19.05,1108.8,0.017180735930735932,"Davidson, Tucker"
656354,FF,290.1,765.7,0.37886900875016327,"Davis, Austin"
656354,ST,220.6,765.7,0.2881023899699621,"Davis, Austin"
656354,CH,94.65,765.7,0.12361238082800052,"Davis, Austin"
656354,SI,58.65,765.7,0.07659657829437115,"Davis, Austin"
656354,SL,52.5,765.7,0.06856471202820948,"Davis, Austin"
656354,FC,46.35,765.7,0.060532845762047795,"Davis, Austin"
656354,CU,2.85,765.7,0.0037220843672456576,"Davis, Austin"
656382,FC,110.5,228.8,0.4829545454545454,"Doyle, Tommy"
656382,FF,100.10000000000001,228.8,0.4375,"Doyle, Tommy"
656382,SL,18.2,228.8,0.07954545454545454,"Doyle, Tommy"
656412,FF,843.3,1941.95,0.4342542289966271,"Faedo, Alex"
656412,SL,736.3,1941.95,0.37915497309405494,"Faedo, Alex"
656412,CH,315.55,1941.95,0.16249131028090322,"Faedo, Alex"
656412,SI,46.8,1941.95,0.024099487628414736,"Faedo, Alex"
656420,FF,307.05,664.5,0.46207674943566596,"Feyereisen, J.P."
656420,SL,182.3,664.5,0.2743416102332581,"Feyereisen, J.P."
656420,CH,173.15,664.5,0.26057185854025583,"Feyereisen, J.P."
656420,SI,2.0,664.5,0.0030097817908201654,"Feyereisen, J.P."
656427,FF,3301.0,7347.6,0.4492623441668027,"Flaherty, Jack"
656427,SL,1894.6,7347.6,0.25785290434971964,"Flaherty, Jack"
656427,KC,1622.8,7347.6,0.22086123360008708,"Flaherty, Jack"
656427,CH,194.5,7347.6,0.026471228700528062,"Flaherty, Jack"
656427,SI,180.25,7347.6,0.02453181991398552,"Flaherty, Jack"
656427,FC,153.15,7347.6,0.020843540747999347,"Flaherty, Jack"
656427,OTHER,1.3,7347.6,0.00017692852087756547,"Flaherty, Jack"
656457,FC,418.65,1567.0,0.2671665603063178,"Gilbert, Tyler"
656457,SI,400.85,1567.0,0.25580727504786216,"Gilbert, Tyler"
656457,FF,284.3,1567.0,0.18142948308870455,"Gilbert, Tyler"
656457,ST,270.15,1567.0,0.17239948947032543,"Gilbert, Tyler"
656457,FS,123.45,1567.0,0.07878111040204212,"Gilbert, Tyler"
656457,KC,69.6,1567.0,0.04441608168474792,"Gilbert, Tyler"
656458,FF,439.85,645.35,0.6815681413186643,"Gilbreath, Lucas"
656458,SL,194.4,645.35,0.3012318896722709,"Gilbreath, Lucas"
656458,FS,11.1,645.35,0.01719996900906485,"Gilbreath, Lucas"
656464,FF,1324.95,2557.85,0.5179936274605627,"Ginkel, Kevin"
656464,SL,1035.8,2557.85,0.4049494692808413,"Ginkel, Kevin"
656464,SI,196.65,2557.85,0.07688097425572259,"Ginkel, Kevin"
656464,CH,0.45,2557.85,0.00017592900287350706,"Ginkel, Kevin"
656492,FC,22.5,49.95,0.4504504504504504,"Griffin, Foster"
656492,FF,12.15,49.95,0.24324324324324323,"Griffin, Foster"
656492,CU,8.55,49.95,0.17117117117117117,"Griffin, Foster"
656492,CH,6.75,49.95,0.13513513513513511,"Griffin, Foster"
656529,FF,559.35,1666.65,0.33561335613356136,"Hentges, Sam"
656529,CU,479.4,1666.65,0.28764287642876424,"Hentges, Sam"
656529,SI,319.55,1666.65,0.1917319173191732,"Hentges, Sam"
656529,SL,306.55,1666.65,0.1839318393183932,"Hentges, Sam"
656529,CH,1.7999999999999998,1666.65,0.0010800108001080009,"Hentges, Sam"
656546,FF,1290.85,3307.25,0.39030916924937636,"Hoffman, Jeff"
656546,SL,1129.15,3307.25,0.3414165847758712,"Hoffman, Jeff"
656546,FS,605.0,3307.25,0.18293143850631188,"Hoffman, Jeff"
656546,SI,237.0,3307.25,0.07166074533222466,"Hoffman, Jeff"
656546,CU,42.9,3307.25,0.012971502003174843,"Hoffman, Jeff"
656546,CH,1.35,3307.25,0.00040819411898102654,"Hoffman, Jeff"
656546,OTHER,1.0,3307.25,0.0003023660140600197,"Hoffman, Jeff"
656548,SL,95.25,220.35,0.43226684819605177,"Holloway, Jordan"
656548,FF,68.39999999999999,220.35,0.3104152484683458,"Holloway, Jordan"
656548,SI,27.45,220.35,0.12457454050374404,"Holloway, Jordan"
656548,KC,23.849999999999998,220.35,0.10823689584751531,"Holloway, Jordan"
656548,CH,5.3999999999999995,220.35,0.024506466984343087,"Holloway, Jordan"
656550,SL,958.35,2736.4,0.35022292062563953,"Holmes, Grant"
656550,FF,925.7,2736.4,0.338291185499196,"Holmes, Grant"
656550,CU,455.75,2736.4,0.16655094284461336,"Holmes, Grant"
656550,FC,365.4,2736.4,0.13353310919456218,"Holmes, Grant"
656550,CH,29.2,2736.4,0.010670954538810114,"Holmes, Grant"
656550,SI,2.0,2736.4,0.000730887297178775,"Holmes, Grant"
656557,SI,1530.55,4914.95,0.31140703364225475,"Houck, Tanner"
656557,ST,1208.1,4914.95,0.24580107630799905,"Houck, Tanner"
656557,FS,884.8,4914.95,0.18002217723476333,"Houck, Tanner"
656557,SL,730.9,4914.95,0.14870954943590475,"Houck, Tanner"
656557,FF,401.15,4914.95,0.08161832775511449,"Houck, Tanner"
656557,FC,158.8,4914.95,0.03230958605886123,"Houck, Tanner"
656557,OTHER,0.65,4914.95,0.0001322495651023917,"Houck, Tanner"
656577,OTHER,24.0,24.0,1.0,"Jackson, Alex"
656578,FF,343.15000000000003,780.5500000000001,0.4396259048107104,"Jackson, Andre"
656578,CH,269.2,780.5500000000001,0.34488501697520973,"Jackson, Andre"
656578,SL,122.5,780.5500000000001,0.1569406187944398,"Jackson, Andre"
656578,CU,45.7,780.5500000000001,0.058548459419639994,"Jackson, Andre"
656605,FF,2893.65,8886.5,0.32562313621785854,"Keller, Mitch"
656605,SI,1766.2,8886.5,0.19875091430822034,"Keller, Mitch"
656605,ST,1405.9,8886.5,0.1582062679345074,"Keller, Mitch"
656605,FC,887.0,8886.5,0.0998143250998706,"Keller, Mitch"
656605,CU,863.4,8886.5,0.09715861137680751,"Keller, Mitch"
656605,SL,694.25,8886.5,0.07812412085748045,"Keller, Mitch"
656605,CH,374.4,8886.5,0.042131322793000615,"Keller, Mitch"
656605,OTHER,1.7,8886.5,0.0001913014122545434,"Keller, Mitch"
656620,FF,38.4,58.199999999999996,0.6597938144329897,"Klobosits, Gabe"
656620,FS,12.0,58.199999999999996,0.2061855670103093,"Klobosits, Gabe"
656620,SL,7.8,58.199999999999996,0.13402061855670103,"Klobosits, Gabe"
656629,FF,2687.55,4009.25,0.670337344889942,"Kopech, Michael"
656629,SL,866.95,4009.25,0.21623745089480578,"Kopech, Michael"
656629,CU,176.05,4009.25,0.043910955914447845,"Kopech, Michael"
656629,FC,144.9,4009.25,0.03614142295940637,"Kopech, Michael"
656629,CH,129.85,4009.25,0.032387603666521166,"Kopech, Michael"
656629,OTHER,2.15,4009.25,0.0005362598989836004,"Kopech, Michael"
656629,SI,1.8,4009.25,0.0004489617758932469,"Kopech, Michael"
656638,SL,621.2,1737.2,0.357586921482846,"Lange, Alex"
656638,SI,420.1,1737.2,0.2418259267787244,"Lange, Alex"
656638,KC,307.05,1737.2,0.1767499424361041,"Lange, Alex"
656638,CH,221.3,1737.2,0.12738890168086575,"Lange, Alex"
656638,FF,167.55,1737.2,0.09644830762145983,"Lange, Alex"
656641,FF,1068.55,2154.75,0.4959043972618633,"Latz, Jacob"
656641,CH,499.25,2154.75,0.2316974126928878,"Latz, Jacob"
656641,SL,460.6,2154.75,0.21376029701821558,"Latz, Jacob"
656641,CU,126.35,2154.75,0.058637893027033296,"Latz, Jacob"
656657,FF,299.5,608.9,0.49187058630316965,"Logue, Zach"
656657,FC,103.4,608.9,0.16981441944490067,"Logue, Zach"
656657,CU,102.05,608.9,0.16759730661849237,"Logue, Zach"
656657,CH,87.65,608.9,0.1439481031368041,"Logue, Zach"
656657,SI,16.3,608.9,0.026769584496633275,"Logue, Zach"
656669,OTHER,14.5,14.5,1.0,"Luplow, Jordan"
656671,CH,37.4,81.6,0.45833333333333337,"Maciejewski, Josh"
656671,SI,27.2,81.6,0.33333333333333337,"Maciejewski, Josh"
656671,SL,9.35,81.6,0.11458333333333334,"Maciejewski, Josh"
656671,FF,7.6499999999999995,81.6,0.09375,"Maciejewski, Josh"
656685,SI,201.75,612.9,0.3291727851199217,"Martin, Brett"
656685,CU,181.5,612.9,0.29613313754282916,"Martin, Brett"
656685,SL,128.7,612.9,0.20998531571218795,"Martin, Brett"
656685,FF,100.95,612.9,0.1647087616250612,"Martin, Brett"
656686,FF,331.05,653.75,0.5063862332695985,"Martin, Corbin"
656686,SL,142.65,653.75,0.21820267686424474,"Martin, Corbin"
656686,CU,110.2,653.75,0.168565965583174,"Martin, Corbin"
656686,CH,62.65,653.75,0.09583173996175907,"Martin, Corbin"
656686,ST,7.2,653.75,0.01101338432122371,"Martin, Corbin"
656716,OTHER,36.7,36.7,1.0,"McKinstry, Zach"
656725,FF,4.8,14.7,0.326530612244898,"McRae, Alex"
656725,CH,3.9,14.7,0.2653061224489796,"McRae, Alex"
656725,SI,3.5999999999999996,14.7,0.24489795918367346,"McRae, Alex"
656725,CU,2.4,14.7,0.163265306122449,"McRae, Alex"
656730,FF,1423.15,2198.8,0.6472394033108968,"Megill, Trevor"
656730,KC,702.6,2198.8,0.31953792977987994,"Megill, Trevor"
656730,SL,72.6,2198.8,0.033018009823540105,"Megill, Trevor"
656730,SI,0.45,2198.8,0.00020465708568309987,"Megill, Trevor"
656731,FF,2264.1,4525.85,0.5002596197399383,"Megill, Tylor"
656731,SL,846.25,4525.85,0.18698145099815502,"Megill, Tylor"
656731,CH,468.55,4525.85,0.10352751416860921,"Megill, Tylor"
656731,SI,348.2,4525.85,0.07693582420981693,"Megill, Tylor"
656731,CU,316.85,4525.85,0.0700089485952915,"Megill, Tylor"
656731,FC,164.0,4525.85,0.03623628710628942,"Megill, Tylor"
656731,FS,87.89999999999999,4525.85,0.019421766077090487,"Megill, Tylor"
656731,ST,30.0,4525.85,0.006628589104809041,"Megill, Tylor"
656755,FC,20.25,37.800000000000004,0.5357142857142857,"Montes de Oca, Bryce"
656755,SI,9.0,37.800000000000004,0.23809523809523808,"Montes de Oca, Bryce"
656755,SL,8.55,37.800000000000004,0.2261904761904762,"Montes de Oca, Bryce"
656756,SI,1932.45,5590.85,0.3456451165744028,"Montgomery, Jordan"
656756,CU,1394.25,5590.85,0.2493806845112997,"Montgomery, Jordan"
656756,CH,1225.15,5590.85,0.21913483638444958,"Montgomery, Jordan"
656756,FF,834.15,5590.85,0.14919913787706698,"Montgomery, Jordan"
656756,FC,167.2,5590.85,0.02990600713666079,"Montgomery, Jordan"
656756,SL,37.65,5590.85,0.006734217516120088,"Montgomery, Jordan"
656786,FC,120.1,345.75,0.34736080983369483,"Mushinski, Parker"
656786,CU,103.3,345.75,0.29877078814172087,"Mushinski, Parker"
656786,FF,56.6,345.75,0.16370209689081708,"Mushinski, Parker"
656786,ST,42.6,345.75,0.12321041214750543,"Mushinski, Parker"
656786,SI,22.25,345.75,0.064352856109906,"Mushinski, Parker"
656786,CH,0.9,345.75,0.0026030368763557484,"Mushinski, Parker"
656793,FF,325.05,774.6,0.4196359411309063,"Nelson, Nick"
656793,CH,226.5,774.6,0.2924089852827266,"Nelson, Nick"
656793,SL,161.5,774.6,0.20849470694552028,"Nelson, Nick"
656793,SI,36.15,774.6,0.046669248644461654,"Nelson, Nick"
656793,CU,23.7,774.6,0.03059643687064291,"Nelson, Nick"
656793,OTHER,1.7,774.6,0.0021946811257423184,"Nelson, Nick"
656794,FF,875.55,2270.7,0.3855859426608535,"Newcomb, Sean"
656794,SV,406.45,2270.7,0.17899766591799887,"Newcomb, Sean"
656794,SI,353.35,2270.7,0.15561280662350818,"Newcomb, Sean"
656794,FC,326.0,2270.7,0.14356806271193906,"Newcomb, Sean"
656794,CU,189.0,2270.7,0.08323424494649227,"Newcomb, Sean"
656794,CH,118.1,2270.7,0.05201039327079755,"Newcomb, Sean"
656794,SL,2.25,2270.7,0.0009908838684106224,"Newcomb, Sean"
656803,FF,102.6,194.70000000000002,0.5269645608628659,"Norwood, James"
656803,FS,75.15,194.70000000000002,0.3859784283513097,"Norwood, James"
656803,SL,16.95,194.70000000000002,0.08705701078582434,"Norwood, James"
656814,SI,74.10000000000001,247.45000000000002,0.2994544352394423,"Ortiz, Luis"
656814,ST,73.45,247.45000000000002,0.29682764194786826,"Ortiz, Luis"
656814,FF,35.2,247.45000000000002,0.14225095978985655,"Ortiz, Luis"
656814,SL,26.6,247.45000000000002,0.10749646393210749,"Ortiz, Luis"
656814,CU,21.650000000000002,247.45000000000002,0.08749242271165893,"Ortiz, Luis"
656814,CH,16.45,247.45000000000002,0.06647807637906647,"Ortiz, Luis"
656818,FF,116.0,423.25,0.27406969875959836,"Overton, Connor"
656818,CH,89.5,423.25,0.21145894861193149,"Overton, Connor"
656818,SI,81.0,423.25,0.19137625516834023,"Overton, Connor"
656818,SL,80.85,423.25,0.19102185469580624,"Overton, Connor"
656818,ST,30.2,423.25,0.07135262847017129,"Overton, Connor"
656818,FC,19.25,423.25,0.045481393975191964,"Overton, Connor"
656818,CU,6.45,423.25,0.015239220318960425,"Overton, Connor"
656820,FC,29.650000000000002,82.55,0.35917625681405213,"Padilla, Nicholas"
656820,ST,23.55,82.55,0.2852816474863719,"Padilla, Nicholas"
656820,SI,17.0,82.55,0.2059357964869776,"Padilla, Nicholas"
656820,CU,12.35,82.55,0.14960629921259844,"Padilla, Nicholas"
656848,FF,378.5,635.55,0.5955471638738101,"Petersen, Michael"
656848,SL,232.75,635.55,0.36621823617339316,"Petersen, Michael"
656848,SI,14.8,635.55,0.023286916843678705,"Petersen, Michael"
656848,CH,9.5,635.55,0.014947683109118088,"Petersen, Michael"
656849,SI,1782.0,6659.6,0.2675836386569764,"Peterson, David"
656849,FF,1775.2,6659.6,0.2665625563096883,"Peterson, David"
656849,SL,1363.05,6659.6,0.20467445492221753,"Peterson, David"
656849,CH,1090.5,6659.6,0.16374857348789718,"Peterson, David"
656849,CU,648.85,6659.6,0.09743077662322061,"Peterson, David"
656876,FF,1678.5,4466.7,0.3757807777553899,"Rasmussen, Drew"
656876,FC,1311.9,4466.7,0.29370676338236285,"Rasmussen, Drew"
656876,SI,724.8,4466.7,0.16226744576533011,"Rasmussen, Drew"
656876,ST,440.7,4466.7,0.09866344281012829,"Rasmussen, Drew"
656876,CU,181.8,4466.7,0.04070118879709853,"Rasmussen, Drew"
656876,SL,92.45,4466.7,0.020697606734278104,"Rasmussen, Drew"
656876,CH,36.1,4466.7,0.008082029238587772,"Rasmussen, Drew"
656876,OTHER,0.45,4466.7,0.00010074551682450131,"Rasmussen, Drew"
656887,FF,410.3,646.4,0.634746287128713,"Reid-Foley, Sean"
656887,SL,119.05,646.4,0.18417388613861385,"Reid-Foley, Sean"
656887,CH,116.75,646.4,0.18061571782178218,"Reid-Foley, Sean"
656887,SI,0.3,646.4,0.0004641089108910891,"Reid-Foley, Sean"
656896,OTHER,81.4,92.6,0.879049676025918,"Rivera, Emmanuel"
656896,CH,11.2,92.6,0.12095032397408208,"Rivera, Emmanuel"
656924,SL,122.7,278.75,0.4401793721973094,"Ryan, Ryder"
656924,SI,113.1,278.75,0.40573991031390133,"Ryan, Ryder"
656924,FF,42.1,278.75,0.15103139013452915,"Ryan, Ryder"
656924,CH,0.85,278.75,0.0030493273542600897,"Ryan, Ryder"
656945,FF,1763.9,3502.2,0.5036548455256696,"Scott, Tanner"
656945,SL,1724.65,3502.2,0.4924476043629719,"Scott, Tanner"
656945,SI,12.8,3502.2,0.0036548455256695794,"Scott, Tanner"
656945,CH,0.85,3502.2,0.00024270458568899548,"Scott, Tanner"
656954,SI,232.65,521.55,0.44607420189818814,"Sheffield, Justus"
656954,SL,169.95,521.55,0.32585562266321544,"Sheffield, Justus"
656954,CH,106.2,521.55,0.20362381363244178,"Sheffield, Justus"
656954,FF,12.75,521.55,0.024446361806154733,"Sheffield, Justus"
656970,FF,304.1,758.3000000000001,0.4010286166424898,"Smeltzer, Devin"
656970,CH,203.3,758.3000000000001,0.26809969668996436,"Smeltzer, Devin"
656970,CU,126.3,758.3000000000001,0.1665567717262297,"Smeltzer, Devin"
656970,FC,61.2,758.3000000000001,0.08070684425689041,"Smeltzer, Devin"
656970,ST,60.4,758.3000000000001,0.07965185282869576,"Smeltzer, Devin"
656970,SI,1.8,758.3000000000001,0.0023737307134379534,"Smeltzer, Devin"
656970,SL,1.2,758.3000000000001,0.0015824871422919686,"Smeltzer, Devin"
656976,OTHER,14.45,14.45,1.0,"Smith, Pavin"
656981,FF,118.65,221.5,0.535665914221219,"Solomon, Peter"
656981,CU,36.2,221.5,0.163431151241535,"Solomon, Peter"
656981,FC,32.35,221.5,0.14604966139954853,"Solomon, Peter"
656981,SL,22.7,221.5,0.10248306997742664,"Solomon, Peter"
656981,CH,11.6,221.5,0.05237020316027088,"Solomon, Peter"
656986,SL,552.15,983.25,0.5615560640732266,"Sousa, Bennett"
656986,FF,409.8,983.25,0.41678108314263923,"Sousa, Bennett"
656986,SI,16.3,983.25,0.01657767607424358,"Sousa, Bennett"
656986,FC,5.0,983.25,0.005085176709890669,"Sousa, Bennett"
657006,FF,2843.2,4795.45,0.5928953487159704,"Steele, Justin"
657006,SL,1461.5,4795.45,0.3047680613915274,"Steele, Justin"
657006,SI,257.3,4795.45,0.05365502716116319,"Steele, Justin"
657006,CU,129.25,4795.45,0.026952632182589746,"Steele, Justin"
657006,CH,104.2,4795.45,0.021728930548749338,"Steele, Justin"
657024,FF,900.0,1954.55,0.4604640454324525,"Swanson, Erik"
657024,FS,699.75,1954.55,0.3580107953237318,"Swanson, Erik"
657024,SL,353.95,1954.55,0.18109027653424062,"Swanson, Erik"
657024,OTHER,0.85,1954.55,0.00043488270957509404,"Swanson, Erik"
657031,SL,202.8,458.95,0.44187820023967755,"Taylor, Josh"
657031,FF,166.85,458.95,0.36354722736681555,"Taylor, Josh"
657031,SI,58.1,458.95,0.12659331081817193,"Taylor, Josh"
657031,CU,31.2,458.95,0.067981261575335,"Taylor, Josh"
657041,OTHER,11.700000000000001,13.65,0.8571428571428572,"Thomas, Lane"
657041,CU,1.9500000000000002,13.65,0.14285714285714288,"Thomas, Lane"
657044,SI,1251.55,2214.8,0.5650848835109265,"Thompson, Ryan"
657044,SL,735.45,2214.8,0.3320615856962254,"Thompson, Ryan"
657044,FF,206.1,2214.8,0.09305580639335378,"Thompson, Ryan"
657044,FC,10.95,2214.8,0.0049440130034314606,"Thompson, Ryan"
657044,CH,8.75,2214.8,0.003950695322376738,"Thompson, Ryan"
657044,FS,2.0,2214.8,0.0009030160736861115,"Thompson, Ryan"
657053,SI,606.9,1931.05,0.31428497449574067,"Toussaint, Touki"
657053,CU,544.95,1931.05,0.28220398228942806,"Toussaint, Touki"
657053,FS,450.9,1931.05,0.23349990937572823,"Toussaint, Touki"
657053,FF,304.25,1931.05,0.15755676963310117,"Toussaint, Touki"
657053,SL,24.05,1931.05,0.012454364206001916,"Toussaint, Touki"
657061,OTHER,8.5,8.5,1.0,"Tucker, Cole"
657093,FF,431.65,1085.4,0.3976874884835083,"Watkins, Spenser"
657093,FC,308.9,1085.4,0.28459554081444627,"Watkins, Spenser"
657093,ST,130.05,1085.4,0.11981757877280265,"Watkins, Spenser"
657093,CU,119.75,1085.4,0.11032798968122351,"Watkins, Spenser"
657093,CH,47.1,1085.4,0.04339414040906578,"Watkins, Spenser"
657093,SI,34.2,1085.4,0.03150912106135987,"Watkins, Spenser"
657093,SL,11.55,1085.4,0.010641238253178552,"Watkins, Spenser"
657093,FS,2.2,1085.4,0.002026902524414962,"Watkins, Spenser"
657097,FF,1135.1,2504.55,0.4532151484298576,"Webb, Jacob"
657097,CH,787.9,2504.55,0.31458745083947215,"Webb, Jacob"
657097,ST,565.65,2504.55,0.22584895490207818,"Webb, Jacob"
657097,CU,15.899999999999999,2504.55,0.006348445828591962,"Webb, Jacob"
657140,KC,596.0500000000001,1627.3,0.36628157069993245,"Wright, Kyle"
657140,SI,409.0,1627.3,0.25133656977816016,"Wright, Kyle"
657140,FF,304.3,1627.3,0.18699686597431328,"Wright, Kyle"
657140,CH,214.20000000000002,1627.3,0.13162907884225405,"Wright, Kyle"
657140,SL,103.75,1627.3,0.06375591470534013,"Wright, Kyle"
657141,FC,9.0,33.3,0.2702702702702703,"Yamamoto, Jordan"
657141,FF,7.8,33.3,0.23423423423423426,"Yamamoto, Jordan"
657141,SL,7.5,33.3,0.22522522522522526,"Yamamoto, Jordan"
657141,CH,4.2,33.3,0.12612612612612614,"Yamamoto, Jordan"
657141,SI,3.0,33.3,0.0900900900900901,"Yamamoto, Jordan"
657141,CU,1.7999999999999998,33.3,0.05405405405405405,"Yamamoto, Jordan"
657193,SL,6.8,11.049999999999999,0.6153846153846154,"Alvarez, Eddy"
657193,CU,2.55,11.049999999999999,0.23076923076923078,"Alvarez, Eddy"
657193,CH,1.7,11.049999999999999,0.15384615384615385,"Alvarez, Eddy"
657228,FF,24.0,64.5,0.37209302325581395,"Jewell, Jake"
657228,SI,19.5,64.5,0.3023255813953488,"Jewell, Jake"
657228,SL,12.9,64.5,0.2,"Jewell, Jake"
657228,CH,8.1,64.5,0.1255813953488372,"Jewell, Jake"
657240,SL,723.85,1589.4,0.45542343022524223,"Merryweather, Julian"
657240,FF,706.9,1589.4,0.44475902856423805,"Merryweather, Julian"
657240,CH,114.9,1589.4,0.07229143072857683,"Merryweather, Julian"
657240,ST,27.650000000000002,1589.4,0.017396501824587896,"Merryweather, Julian"
657240,CU,14.55,1589.4,0.009154397885994715,"Merryweather, Julian"
657240,SI,1.55,1589.4,0.0009752107713602617,"Merryweather, Julian"
657248,ST,390.2,1262.25,0.30913052089522675,"Otto Jr., Glenn"
657248,FF,332.75,1262.25,0.2636165577342048,"Otto Jr., Glenn"
657248,SI,281.75,1262.25,0.2232125173301644,"Otto Jr., Glenn"
657248,KC,177.15,1262.25,0.14034462269756387,"Otto Jr., Glenn"
657248,CH,80.4,1262.25,0.06369578134284017,"Otto Jr., Glenn"
657265,FF,363.05,853.4,0.4254159831263183,"Strzelecki, Peter"
657265,ST,225.3,853.4,0.2640028122802906,"Strzelecki, Peter"
657265,CH,144.6,853.4,0.16943988750878838,"Strzelecki, Peter"
657265,SI,93.15,853.4,0.10915162877900166,"Strzelecki, Peter"
657265,FC,23.4,853.4,0.02741973283337239,"Strzelecki, Peter"
657265,SL,3.9000000000000004,853.4,0.004569955472228732,"Strzelecki, Peter"
657272,SI,70.60000000000001,229.8,0.3072236727589208,"Uelmen, Erich"
657272,FF,69.60000000000001,229.8,0.3028720626631854,"Uelmen, Erich"
657272,SL,65.9,229.8,0.2867711053089643,"Uelmen, Erich"
657272,CH,23.7,229.8,0.10313315926892949,"Uelmen, Erich"
657277,SI,3474.55,9867.8,0.3521098927825858,"Webb, Logan"
657277,CH,3006.4,9867.8,0.3046677070876994,"Webb, Logan"
657277,ST,2464.2,9867.8,0.24972131579480736,"Webb, Logan"
657277,FF,601.2,9867.8,0.060925434240661554,"Webb, Logan"
657277,FC,320.6,9867.8,0.032489511339913665,"Webb, Logan"
657277,OTHER,0.85,9867.8,8.613875433227265e-05,"Webb, Logan"
657376,FC,1409.15,4651.6,0.302938773755267,"Schmidt, Clarke"
657376,ST,1087.2,4651.6,0.2337260297532032,"Schmidt, Clarke"
657376,SI,878.45,4651.6,0.18884899819416975,"Schmidt, Clarke"
657376,KC,844.3,4651.6,0.1815074383007997,"Schmidt, Clarke"
657376,SL,204.9,4651.6,0.044049359360220135,"Schmidt, Clarke"
657376,FF,172.45,4651.6,0.037073265113079366,"Schmidt, Clarke"
657376,CH,55.15,4651.6,0.011856135523260812,"Schmidt, Clarke"
657424,SL,331.65,700.6,0.4733799600342563,"Gage, Matt"
657424,FF,233.55,700.6,0.3333571224664573,"Gage, Matt"
657424,SI,51.95,700.6,0.0741507279474736,"Gage, Matt"
657424,CH,47.45,700.6,0.06772766200399657,"Gage, Matt"
657424,ST,33.4,700.6,0.04767342278047387,"Gage, Matt"
657424,CU,2.6,700.6,0.003711104767342278,"Gage, Matt"
657508,FF,868.65,1899.65,0.45726844418708706,"Baumann, Mike"
657508,KC,523.5,1899.65,0.2755770799884189,"Baumann, Mike"
657508,SL,459.2,1899.65,0.24172873950464557,"Baumann, Mike"
657508,CH,45.75,1899.65,0.024083383781222857,"Baumann, Mike"
657508,SI,1.7,1899.65,0.0008949016924170241,"Baumann, Mike"
657508,OTHER,0.85,1899.65,0.00044745084620851207,"Baumann, Mike"
657514,SI,1032.2,2129.05,0.4848171719781123,"Bernardino, Brennan"
657514,CU,723.0,2129.05,0.33958807919024914,"Bernardino, Brennan"
657514,FC,183.15,2129.05,0.0860242831309739,"Bernardino, Brennan"
657514,CH,105.8,2129.05,0.04969352528122871,"Bernardino, Brennan"
657514,SL,81.6,2129.05,0.03832695333599492,"Bernardino, Brennan"
657514,FF,3.3,2129.05,0.0015499870834409712,"Bernardino, Brennan"
657571,FF,1265.35,2728.85,0.4636934972607509,"Ferguson, Caleb"
657571,FC,649.85,2728.85,0.23814060868131265,"Ferguson, Caleb"
657571,SV,391.85,2728.85,0.1435952873921249,"Ferguson, Caleb"
657571,SI,317.0,2728.85,0.11616615057625007,"Ferguson, Caleb"
657571,CU,86.4,2728.85,0.03166168898986753,"Ferguson, Caleb"
657571,ST,18.400000000000002,2728.85,0.006742767099694011,"Ferguson, Caleb"
657585,FC,550.55,2137.5,0.2575672514619883,"Garrett, Reed"
657585,FS,492.15,2137.5,0.2302456140350877,"Garrett, Reed"
657585,ST,396.9,2137.5,0.18568421052631578,"Garrett, Reed"
657585,SI,393.35,2137.5,0.1840233918128655,"Garrett, Reed"
657585,FF,298.7,2137.5,0.13974269005847953,"Garrett, Reed"
657585,CU,5.8500000000000005,2137.5,0.002736842105263158,"Garrett, Reed"
657610,SI,8.1,17.4,0.4655172413793104,"Hildenberger, Trevor"
657610,SL,6.3,17.4,0.3620689655172414,"Hildenberger, Trevor"
657610,CH,3.0,17.4,0.1724137931034483,"Hildenberger, Trevor"
657612,SI,1782.15,2803.55,0.6356761962511815,"Hill, Tim"
657612,FF,798.2,2803.55,0.2847104563856539,"Hill, Tim"
657612,SL,139.45,2803.55,0.04974050757075849,"Hill, Tim"
657612,FC,83.15,2803.55,0.029658825417773895,"Hill, Tim"
657612,CH,0.6,2803.55,0.00021401437463216278,"Hill, Tim"
657624,FF,12.0,20.7,0.5797101449275363,"James, Josh"
657624,SL,5.3999999999999995,20.7,0.2608695652173913,"James, Josh"
657624,CH,3.3,20.7,0.15942028985507245,"James, Josh"
657649,SI,1198.05,2196.25,0.5454980079681274,"Koenig, Jared"
657649,FC,392.3,2196.25,0.17862265224815027,"Koenig, Jared"
657649,CU,339.4,2196.25,0.15453614114968695,"Koenig, Jared"
657649,CH,172.45,2196.25,0.07852020489470689,"Koenig, Jared"
657649,FF,48.6,2196.25,0.022128628343767786,"Koenig, Jared"
657649,SL,45.45,2196.25,0.020694365395560615,"Koenig, Jared"
657697,FC,102.3,212.2,0.4820923656927427,"Nittoli, Vinny"
657697,ST,59.8,212.2,0.28180961357210177,"Nittoli, Vinny"
657697,CU,16.35,212.2,0.07704995287464657,"Nittoli, Vinny"
657697,SI,10.8,212.2,0.05089538171536287,"Nittoli, Vinny"
657697,FF,10.5,212.2,0.04948162111215834,"Nittoli, Vinny"
657697,SL,9.05,212.2,0.04264844486333648,"Nittoli, Vinny"
657697,CH,3.4,212.2,0.016022620169651274,"Nittoli, Vinny"
657745,FF,6.3,8.1,0.7777777777777778,"Rossman, Bubby"
657745,FC,1.8,8.1,0.22222222222222224,"Rossman, Bubby"
657746,FF,3905.25,7378.75,0.5292563103506691,"Ryan, Joe"
657746,FS,1156.7,7378.75,0.15676096899881417,"Ryan, Joe"
657746,ST,887.0,7378.75,0.12021006267999322,"Ryan, Joe"
657746,SL,646.6,7378.75,0.08763001863459258,"Ryan, Joe"
657746,SI,443.25,7378.75,0.06007115026257835,"Ryan, Joe"
657746,CH,143.4,7378.75,0.019434186007115026,"Ryan, Joe"
657746,KC,109.0,7378.75,0.014772149754362189,"Ryan, Joe"
657746,CU,86.55,7378.75,0.01172962900220227,"Ryan, Joe"
657746,OTHER,1.0,7378.75,0.0001355243096730476,"Ryan, Joe"
657756,FF,736.1,1379.7,0.5335217800971226,"Seabold, Connor"
657756,SL,350.3,1379.7,0.25389577444371964,"Seabold, Connor"
657756,CH,219.9,1379.7,0.1593824744509676,"Seabold, Connor"
657756,FC,35.0,1379.7,0.025367833587011668,"Seabold, Connor"
657756,CU,27.35,1379.7,0.01982314996013626,"Seabold, Connor"
657756,SI,7.15,1379.7,0.005182286004203812,"Seabold, Connor"
657756,ST,3.9,1379.7,0.002826701456838443,"Seabold, Connor"
657766,FF,6.75,13.05,0.5172413793103448,"St. John, Locke"
657766,CU,4.5,13.05,0.3448275862068965,"St. John, Locke"
657766,CH,1.35,13.05,0.10344827586206896,"St. John, Locke"
657766,SI,0.45,13.05,0.034482758620689655,"St. John, Locke"
657770,ST,95.85000000000001,202.5,0.4733333333333334,"Stout, Eric"
657770,FF,70.65,202.5,0.3488888888888889,"Stout, Eric"
657770,CH,24.75,202.5,0.12222222222222222,"Stout, Eric"
657770,CU,11.25,202.5,0.05555555555555555,"Stout, Eric"
658069,OTHER,2.6999999999999997,2.6999999999999997,1.0,"Fuentes, Joshua"
658305,SL,33.9,84.3,0.40213523131672596,"García, Edgar"
658305,SI,28.799999999999997,84.3,0.34163701067615654,"García, Edgar"
658305,FF,15.299999999999999,84.3,0.18149466192170818,"García, Edgar"
658305,CH,6.3,84.3,0.07473309608540925,"García, Edgar"
658431,SI,65.55,227.4,0.28825857519788917,"Medina, Adonis"
658431,SL,61.5,227.4,0.2704485488126649,"Medina, Adonis"
658431,CH,40.95,227.4,0.18007915567282323,"Medina, Adonis"
658431,FF,40.65,227.4,0.1787598944591029,"Medina, Adonis"
658431,CU,18.75,227.4,0.08245382585751979,"Medina, Adonis"
658551,SL,76.35,261.45,0.29202524383247275,"Fernández, Junior"
658551,FF,68.1,261.45,0.26047045324153756,"Fernández, Junior"
658551,SI,66.6,261.45,0.2547332185886403,"Fernández, Junior"
658551,CH,50.4,261.45,0.1927710843373494,"Fernández, Junior"
658648,FF,663.2,1797.85,0.3688850571515978,"Avila, Pedro"
658648,CH,419.3,1797.85,0.23322301638067694,"Avila, Pedro"
658648,CU,307.3,1797.85,0.17092638429234921,"Avila, Pedro"
658648,SI,274.1,1797.85,0.1524598826375949,"Avila, Pedro"
658648,SL,86.25,1797.85,0.04797396890730595,"Avila, Pedro"
658648,ST,47.699999999999996,1797.85,0.02653169063047529,"Avila, Pedro"
659262,FF,126.0,168.75,0.7466666666666667,"Espinoza, Anderson"
659262,SL,36.45,168.75,0.21600000000000003,"Espinoza, Anderson"
659262,SI,3.6,168.75,0.021333333333333333,"Espinoza, Anderson"
659262,CH,2.7,168.75,0.016,"Espinoza, Anderson"
659275,SL,464.85,953.8,0.48736632417697634,"Lamet, Dinelson"
659275,FF,347.15,953.8,0.36396519186412246,"Lamet, Dinelson"
659275,SI,122.0,953.8,0.1279094149716922,"Lamet, Dinelson"
659275,CH,19.8,953.8,0.02075906898720906,"Lamet, Dinelson"
660261,FF,515.45,912.6,0.5648148148148149,"Fujinami, Shintaro"
660261,FS,180.70000000000002,912.6,0.19800569800569803,"Fujinami, Shintaro"
660261,FC,147.55,912.6,0.1616809116809117,"Fujinami, Shintaro"
660261,ST,55.9,912.6,0.06125356125356125,"Fujinami, Shintaro"
660261,SL,11.05,912.6,0.01210826210826211,"Fujinami, Shintaro"
660261,SI,1.3,912.6,0.0014245014245014246,"Fujinami, Shintaro"
660261,CU,0.65,912.6,0.0007122507122507123,"Fujinami, Shintaro"
660271,FF,1344.05,3933.8,0.34166709034521325,"Ohtani, Shohei"
660271,ST,1204.65,3933.8,0.3062306167064925,"Ohtani, Shohei"
660271,FC,396.6,3933.8,0.10081854695205654,"Ohtani, Shohei"
660271,FS,364.1,3933.8,0.09255681529310082,"Ohtani, Shohei"
660271,CU,252.0,3933.8,0.06406019624790278,"Ohtani, Shohei"
660271,SI,187.5,3933.8,0.04766383649397529,"Ohtani, Shohei"
660271,SL,184.45,3933.8,0.04688850475367329,"Ohtani, Shohei"
660271,OTHER,0.45,3933.8,0.00011439320758554069,"Ohtani, Shohei"
660365,FF,81.3,177.6,0.4577702702702703,"Yang, Hyeon-Jong"
660365,CH,48.6,177.6,0.2736486486486487,"Yang, Hyeon-Jong"
660365,SL,40.8,177.6,0.22972972972972971,"Yang, Hyeon-Jong"
660365,CU,6.8999999999999995,177.6,0.03885135135135135,"Yang, Hyeon-Jong"
660422,FF,10.2,18.3,0.5573770491803278,"Guzmán, Jorge"
660422,CH,4.5,18.3,0.2459016393442623,"Guzmán, Jorge"
660422,SL,2.6999999999999997,18.3,0.14754098360655735,"Guzmán, Jorge"
660422,SI,0.8999999999999999,18.3,0.04918032786885245,"Guzmán, Jorge"
660431,SL,6.5,11.05,0.588235294117647,"Perez, Hector"
660431,FF,3.9000000000000004,11.05,0.35294117647058826,"Perez, Hector"
660431,FS,0.65,11.05,0.058823529411764705,"Perez, Hector"
660440,FF,8.55,17.55,0.4871794871794872,"Javier, Odalvi"
660440,SL,5.8500000000000005,17.55,0.33333333333333337,"Javier, Odalvi"
660440,SI,1.35,17.55,0.07692307692307693,"Javier, Odalvi"
660440,CH,0.9,17.55,0.05128205128205128,"Javier, Odalvi"
660440,CU,0.9,17.55,0.05128205128205128,"Javier, Odalvi"
660546,FF,86.1,134.1,0.6420581655480985,"Díaz, Yennsy"
660546,CH,37.8,134.1,0.28187919463087246,"Díaz, Yennsy"
660546,SL,10.2,134.1,0.07606263982102908,"Díaz, Yennsy"
660593,FF,97.7,289.25,0.3377700950734659,"Reyes, Denyi"
660593,SL,69.95,289.25,0.2418323249783924,"Reyes, Denyi"
660593,FC,48.1,289.25,0.1662921348314607,"Reyes, Denyi"
660593,CH,43.85,289.25,0.1515989628349179,"Reyes, Denyi"
660593,SI,24.7,289.25,0.0853932584269663,"Reyes, Denyi"
660593,CU,4.95,289.25,0.01711322385479689,"Reyes, Denyi"
660600,FF,182.1,373.0,0.4882037533512064,"Paredes, Enoli"
660600,SL,127.8,373.0,0.342627345844504,"Paredes, Enoli"
660600,SI,59.5,373.0,0.15951742627345844,"Paredes, Enoli"
660600,CU,3.5999999999999996,373.0,0.009651474530831098,"Paredes, Enoli"
660604,FF,76.0,174.0,0.4367816091954023,"Rangel, Alan"
660604,CH,54.0,174.0,0.3103448275862069,"Rangel, Alan"
660604,SL,33.0,174.0,0.1896551724137931,"Rangel, Alan"
660604,CU,11.0,174.0,0.06321839080459771,"Rangel, Alan"
660620,SL,2.1,3.5999999999999996,0.5833333333333334,"Araúz, Jonathan"
660620,OTHER,1.5,3.5999999999999996,0.4166666666666667,"Araúz, Jonathan"
660623,SL,238.35,510.75,0.4666666666666667,"Ynoa, Huascar"
660623,FF,221.1,510.75,0.43289280469897207,"Ynoa, Huascar"
660623,CH,36.6,510.75,0.07165932452276065,"Ynoa, Huascar"
660623,SI,14.700000000000001,510.75,0.02878120411160059,"Ynoa, Huascar"
660634,OTHER,6.5,6.5,1.0,"Hernández, Yonny"
660636,OTHER,27.0,27.0,1.0,"Castillo, Diego"
660644,OTHER,69.75,69.75,1.0,"Bruján, Vidal"
660730,FF,272.15,558.5,0.48728737690241714,"Rodríguez, Elvin"
660730,CU,74.25,558.5,0.13294538943598927,"Rodríguez, Elvin"
660730,SL,67.4,558.5,0.12068039391226501,"Rodríguez, Elvin"
660730,CH,57.4,558.5,0.10277529095792301,"Rodríguez, Elvin"
660730,ST,48.0,558.5,0.08594449418084155,"Rodríguez, Elvin"
660730,FC,33.45,558.5,0.059892569382273955,"Rodríguez, Elvin"
660730,SI,5.8500000000000005,558.5,0.010474485228290064,"Rodríguez, Elvin"
660761,FF,1052.05,2748.1,0.38282813580291836,"Suarez, José"
660761,CH,713.95,2748.1,0.2597976783959827,"Suarez, José"
660761,SL,366.0,2748.1,0.13318292638550272,"Suarez, José"
660761,CU,221.4,2748.1,0.08056475382991886,"Suarez, José"
660761,SI,215.15,2748.1,0.07829045522360904,"Suarez, José"
660761,ST,166.05,2748.1,0.06042356537243915,"Suarez, José"
660761,FC,13.5,2748.1,0.004912484989629199,"Suarez, José"
660787,SI,583.4,1050.1,0.555566136558423,"De los Santos, Yerry"
660787,CH,208.5,1050.1,0.19855251880773261,"De los Santos, Yerry"
660787,SL,190.5,1050.1,0.18141129416246074,"De los Santos, Yerry"
660787,FF,67.7,1050.1,0.06447005047138368,"De los Santos, Yerry"
660813,SI,520.25,1158.0,0.44926597582037997,"Graterol, Brusdar"
660813,SL,281.85,1158.0,0.24339378238341972,"Graterol, Brusdar"
660813,FC,240.5,1158.0,0.20768566493955096,"Graterol, Brusdar"
660813,FF,114.55,1158.0,0.09892055267702936,"Graterol, Brusdar"
660813,CH,0.85,1158.0,0.0007340241796200346,"Graterol, Brusdar"
660825,ST,814.55,1838.15,0.44313576149933354,"Bazardo, Eduard"
660825,SI,618.65,1838.15,0.3365612164404428,"Bazardo, Eduard"
660825,FF,329.25,1838.15,0.17912031118243885,"Bazardo, Eduard"
660825,FS,74.4,1838.15,0.04047547806218209,"Bazardo, Eduard"
660825,FC,1.0,1838.15,0.0005440252427712645,"Bazardo, Eduard"
660825,CH,0.3,1838.15,0.00016320757283137937,"Bazardo, Eduard"
660844,OTHER,35.0,35.0,1.0,"Rivas, Leo"
660853,FF,1747.8,3244.15,0.538754373256477,"De Los Santos, Enyel"
660853,SL,1135.05,3244.15,0.3498759305210918,"De Los Santos, Enyel"
660853,CH,360.45,3244.15,0.11110768614274925,"De Los Santos, Enyel"
660853,SI,0.85,3244.15,0.00026201007968188893,"De Los Santos, Enyel"
660896,FF,979.65,2325.7,0.4212280173711141,"Alcala, Jorge"
660896,SL,668.65,2325.7,0.2875048372533001,"Alcala, Jorge"
660896,SI,252.5,2325.7,0.10856946295738919,"Alcala, Jorge"
660896,CU,244.0,2325.7,0.10491464935288301,"Alcala, Jorge"
660896,CH,180.9,2325.7,0.07778303306531367,"Alcala, Jorge"
660906,FF,131.15,329.05,0.3985716456465583,"Pérez, Francisco"
660906,SL,105.9,329.05,0.3218355872967634,"Pérez, Francisco"
660906,CH,44.0,329.05,0.13371827989667223,"Pérez, Francisco"
660906,SI,42.550000000000004,329.05,0.12931165476371373,"Pérez, Francisco"
660906,CU,5.45,329.05,0.016562832396292356,"Pérez, Francisco"
661255,SL,73.5,152.25,0.4827586206896552,"López, Yoan"
661255,FF,73.35,152.25,0.4817733990147783,"López, Yoan"
661255,CH,5.4,152.25,0.035467980295566505,"López, Yoan"
661269,FF,412.5,857.1,0.48127406370318515,"Gutierrez, Vladimir"
661269,SL,192.6,857.1,0.22471123556177808,"Gutierrez, Vladimir"
661269,CU,136.65,857.1,0.15943297164858244,"Gutierrez, Vladimir"
661269,CH,114.45,857.1,0.1335316765838292,"Gutierrez, Vladimir"
661269,SI,0.8999999999999999,857.1,0.001050052502625131,"Gutierrez, Vladimir"
661309,FF,585.5,1069.7,0.5473497242217444,"Martinez, Adrián"
661309,CH,269.65000000000003,1069.7,0.2520800224361971,"Martinez, Adrián"
661309,SL,207.4,1069.7,0.19388613629989718,"Martinez, Adrián"
661309,SI,7.15,1069.7,0.006684117042161354,"Martinez, Adrián"
661383,FF,204.65,459.40000000000003,0.445472355245973,"Ortega, Oliver"
661383,CU,145.4,459.40000000000003,0.31649978232477144,"Ortega, Oliver"
661383,SL,54.6,459.40000000000003,0.11885067479320853,"Ortega, Oliver"
661383,SI,38.4,459.40000000000003,0.08358728776665214,"Ortega, Oliver"
661383,ST,16.35,459.40000000000003,0.03558989986939486,"Ortega, Oliver"
661395,FF,1212.15,2946.25,0.41142129826050067,"Duran, Jhoan"
661395,FS,916.8,2946.25,0.31117522274077214,"Duran, Jhoan"
661395,KC,738.15,2946.25,0.2505388205345778,"Duran, Jhoan"
661395,ST,64.3,2946.25,0.021824352991090368,"Duran, Jhoan"
661395,SL,14.85,2946.25,0.005040305473058973,"Duran, Jhoan"
661403,FC,2097.0,3002.15,0.6984994087570574,"Clase, Emmanuel"
661403,SL,869.95,3002.15,0.28977566077644357,"Clase, Emmanuel"
661403,SI,25.55,3002.15,0.008510567426677548,"Clase, Emmanuel"
661403,FF,9.65,3002.15,0.0032143630398214613,"Clase, Emmanuel"
661440,SI,309.40000000000003,584.85,0.5290245362058648,"Llovera, Mauricio"
661440,SL,228.65,584.85,0.3909549457125759,"Llovera, Mauricio"
661440,FF,29.4,584.85,0.05026929982046678,"Llovera, Mauricio"
661440,FC,12.9,584.85,0.022056937676327264,"Llovera, Mauricio"
661440,CH,4.5,584.85,0.007694280584765324,"Llovera, Mauricio"
661527,FF,554.45,1588.75,0.348985051140834,"Martinez, Seth"
661527,ST,482.55,1588.75,0.30372934697088905,"Martinez, Seth"
661527,SI,292.1,1588.75,0.18385523210070812,"Martinez, Seth"
661527,CH,227.5,1588.75,0.14319433516915814,"Martinez, Seth"
661527,FC,32.15,1588.75,0.020236034618410698,"Martinez, Seth"
661531,OTHER,3.6,3.6,1.0,"Serven, Brian"
661563,FF,1750.85,3509.5,0.4988887305884029,"Gil, Luis"
661563,SL,934.0,3509.5,0.2661347770337655,"Gil, Luis"
661563,CH,824.65,3509.5,0.23497649237783158,"Gil, Luis"
662165,SI,2.7,6.75,0.4,"Schulfer, Austin"
662165,FC,1.35,6.75,0.2,"Schulfer, Austin"
662165,SL,1.35,6.75,0.2,"Schulfer, Austin"
662165,FF,0.9,6.75,0.13333333333333333,"Schulfer, Austin"
662165,CH,0.45,6.75,0.06666666666666667,"Schulfer, Austin"
662253,SL,1472.45,2837.9,0.5188519680045104,"Muñoz, Andrés"
662253,FF,957.05,2837.9,0.3372388033404982,"Muñoz, Andrés"
662253,SI,386.4,2837.9,0.1361570175129497,"Muñoz, Andrés"
662253,CH,22.0,2837.9,0.00775221114204165,"Muñoz, Andrés"
663158,FF,1526.3,2560.4,0.5961177940946727,"Suarez, Robert"
663158,CH,529.75,2560.4,0.206901265427277,"Suarez, Robert"
663158,SI,435.65,2560.4,0.17014919543821277,"Suarez, Robert"
663158,FC,38.15,2560.4,0.014900015622558974,"Suarez, Robert"
663158,SL,15.700000000000001,2560.4,0.006131854397750352,"Suarez, Robert"
663158,CU,14.85,2560.4,0.005799875019528198,"Suarez, Robert"
663321,SL,208.2,391.8,0.5313935681470138,"Hernandez, Nick"
663321,FF,150.25,391.8,0.383486472690148,"Hernandez, Nick"
663321,FS,32.05,391.8,0.08180193976518631,"Hernandez, Nick"
663321,CU,1.3,391.8,0.003318019397651863,"Hernandez, Nick"
663359,FC,6.3,12.15,0.5185185185185185,"Maese, Justin"
663359,SI,4.95,12.15,0.4074074074074074,"Maese, Justin"
663359,FF,0.45,12.15,0.037037037037037035,"Maese, Justin"
663359,SL,0.45,12.15,0.037037037037037035,"Maese, Justin"
663362,OTHER,989.6,2623.95,0.37714133272356565,"Waldron, Matt"
663362,FF,496.59999999999997,2623.95,0.18925665504296957,"Waldron, Matt"
663362,ST,486.3,2623.95,0.1853312753672898,"Waldron, Matt"
663362,SI,414.05,2623.95,0.157796451914099,"Waldron, Matt"
663362,FC,237.4,2623.95,0.09047428495207607,"Waldron, Matt"
663366,FF,46.199999999999996,80.1,0.5767790262172284,"Burrows, Beau"
663366,SL,23.7,80.1,0.2958801498127341,"Burrows, Beau"
663366,CH,8.7,80.1,0.10861423220973783,"Burrows, Beau"
663366,CU,1.5,80.1,0.018726591760299626,"Burrows, Beau"
663372,FF,1332.9,3857.95,0.34549436877097944,"Feltner, Ryan"
663372,SL,865.7,3857.95,0.22439378426366335,"Feltner, Ryan"
663372,SI,592.7,3857.95,0.15363081429256473,"Feltner, Ryan"
663372,CH,509.95,3857.95,0.13218159903575732,"Feltner, Ryan"
663372,CU,370.75,3857.95,0.09610026050104331,"Feltner, Ryan"
663372,ST,184.8,3857.95,0.047901087365051394,"Feltner, Ryan"
663372,OTHER,0.85,3857.95,0.00022032426547777967,"Feltner, Ryan"
663372,FC,0.3,3857.95,7.776150546274576e-05,"Feltner, Ryan"
663378,FF,96.45,155.55,0.6200578592092575,"Szapucki, Thomas"
663378,CU,46.95,155.55,0.3018322082931533,"Szapucki, Thomas"
663378,CH,12.15,155.55,0.0781099324975892,"Szapucki, Thomas"
663385,SI,188.75,312.85,0.6033242768099728,"Smith, Chad"
663385,SL,115.10000000000001,312.85,0.3679079431037238,"Smith, Chad"
663385,CH,7.7,312.85,0.0246124340738373,"Smith, Chad"
663385,FF,1.3,312.85,0.004155346012466038,"Smith, Chad"
663399,FF,146.0,575.9,0.2535162354575447,"Waddell, Brandon"
663399,ST,121.0,575.9,0.21010592116686927,"Waddell, Brandon"
663399,SL,115.7,575.9,0.20090293453724606,"Waddell, Brandon"
663399,SI,114.0,575.9,0.19795103316548013,"Waddell, Brandon"
663399,CH,79.2,575.9,0.13752387567285987,"Waddell, Brandon"
663423,FF,728.2,2453.25,0.2968307347396311,"Thornton, Trent"
663423,ST,624.2,2453.25,0.2544379904208703,"Thornton, Trent"
663423,CU,380.5,2453.25,0.15510037705085092,"Thornton, Trent"
663423,SL,263.7,2453.25,0.10749006420055028,"Thornton, Trent"
663423,FC,240.9,2453.25,0.09819627025374504,"Thornton, Trent"
663423,SI,152.8,2453.25,0.062284724345256295,"Thornton, Trent"
663423,CH,47.35,2453.25,0.019300927341281974,"Thornton, Trent"
663423,FS,15.0,2453.25,0.006114338122898196,"Thornton, Trent"
663423,OTHER,0.6,2453.25,0.0002445735249159278,"Thornton, Trent"
663432,FF,970.05,1440.65,0.6733418942838302,"Rainey, Tanner"
663432,SL,457.4,1440.65,0.31749557491410124,"Rainey, Tanner"
663432,CH,12.75,1440.65,0.008850171797452538,"Rainey, Tanner"
663432,SI,0.45,1440.65,0.00031235900461597195,"Rainey, Tanner"
663436,FF,1174.8,3445.1,0.3410060665873269,"Martin, Davis"
663436,SL,758.95,3445.1,0.22029839482163074,"Martin, Davis"
663436,CH,733.45,3445.1,0.21289657774810603,"Martin, Davis"
663436,ST,285.15,3445.1,0.08276973092217932,"Martin, Davis"
663436,SI,234.0,3445.1,0.0679225566746974,"Martin, Davis"
663436,CU,215.75,3445.1,0.06262517778874344,"Martin, Davis"
663436,FC,41.0,3445.1,0.011900960784882878,"Martin, Davis"
663436,OTHER,2.0,3445.1,0.0005805346724333111,"Martin, Davis"
663455,FF,622.15,1017.4,0.6115097306860625,"Pilkington, Konnor"
663455,CH,218.3,1017.4,0.21456654216630627,"Pilkington, Konnor"
663455,SL,141.85,1017.4,0.13942402201690585,"Pilkington, Konnor"
663455,CU,34.65,1017.4,0.034057401218793,"Pilkington, Konnor"
663455,SI,0.45,1017.4,0.0004423039119323767,"Pilkington, Konnor"
663460,FF,1749.05,3971.7,0.4403781755923156,"Bubic, Kris"
663460,CH,967.95,3971.7,0.24371176070700207,"Bubic, Kris"
663460,ST,505.7,3971.7,0.12732583024901176,"Bubic, Kris"
663460,CU,363.9,3971.7,0.09162323438326157,"Bubic, Kris"
663460,SL,259.15,3971.7,0.06524913764886572,"Bubic, Kris"
663460,SI,125.95,3971.7,0.03171186141954327,"Bubic, Kris"
663462,SL,202.8,494.5,0.41011122345803847,"Campbell, Isaiah"
663462,FF,178.5,494.5,0.3609706774519717,"Campbell, Isaiah"
663462,ST,84.25,494.5,0.17037411526794743,"Campbell, Isaiah"
663462,SI,15.3,494.5,0.030940343781597573,"Campbell, Isaiah"
663462,CU,13.0,494.5,0.0262891809908999,"Campbell, Isaiah"
663462,FC,0.65,494.5,0.001314459049544995,"Campbell, Isaiah"
663465,FF,965.3,2250.7,0.42888879015417425,"Allard, Kolby"
663465,FC,462.3,2250.7,0.20540276358466258,"Allard, Kolby"
663465,CH,431.7,2250.7,0.1918069933798374,"Allard, Kolby"
663465,CU,282.9,2250.7,0.1256942284622562,"Allard, Kolby"
663465,SI,108.5,2250.7,0.048207224419069626,"Allard, Kolby"
663474,FF,1857.5,3256.05,0.5704764975967813,"McKenzie, Triston"
663474,CU,724.45,3256.05,0.22249351207751725,"McKenzie, Triston"
663474,SL,667.5,3256.05,0.20500299442576125,"McKenzie, Triston"
663474,CH,6.6,3256.05,0.0020269958999401113,"McKenzie, Triston"
663485,FF,807.2,2631.0,0.30680349676928925,"Sands, Cole"
663485,FC,586.8,2631.0,0.22303306727480043,"Sands, Cole"
663485,FS,523.5,2631.0,0.19897377423033066,"Sands, Cole"
663485,CU,462.45,2631.0,0.175769669327252,"Sands, Cole"
663485,SI,240.75,2631.0,0.09150513112884835,"Sands, Cole"
663485,CH,6.3,2631.0,0.002394526795895097,"Sands, Cole"
663485,SL,4.0,2631.0,0.0015203344735841885,"Sands, Cole"
663531,FF,215.29999999999998,762.05,0.2825273932156683,"Allen, Logan"
663531,ST,199.2,762.05,0.26140017059248083,"Allen, Logan"
663531,FC,99.1,762.05,0.13004396037005445,"Allen, Logan"
663531,FS,83.3,762.05,0.10931041270257857,"Allen, Logan"
663531,SI,74.2,762.05,0.09736893904599436,"Allen, Logan"
663531,CH,54.9,762.05,0.07204251689521685,"Allen, Logan"
663531,CU,30.05,762.05,0.03943310806377535,"Allen, Logan"
663531,SL,6.0,762.05,0.007873499114231351,"Allen, Logan"
663534,FF,4.05,7.2,0.5625,"Walters, Nash"
663534,FC,2.7,7.2,0.375,"Walters, Nash"
663534,CU,0.45,7.2,0.0625,"Walters, Nash"
663542,FF,661.1,1127.1,0.5865495519474759,"Hudson, Bryan"
663542,ST,241.04999999999998,1127.1,0.21386744743146127,"Hudson, Bryan"
663542,FC,202.95,1127.1,0.18006388075592228,"Hudson, Bryan"
663542,SI,20.0,1127.1,0.017744654422855118,"Hudson, Bryan"
663542,CH,2.0,1127.1,0.0017744654422855116,"Hudson, Bryan"
663546,SI,989.8,1830.35,0.5407708908132325,"Hjelle, Sean"
663546,KC,671.45,1830.35,0.36684240718988176,"Hjelle, Sean"
663546,FC,139.7,1830.35,0.0763242002895621,"Hjelle, Sean"
663546,CH,26.55,1830.35,0.014505422460185212,"Hjelle, Sean"
663546,FF,2.85,1830.35,0.0015570792471385256,"Hjelle, Sean"
663554,FF,1658.4,4753.45,0.34888344255225157,"Mize, Casey"
663554,SL,1021.1,4753.45,0.21481239941516164,"Mize, Casey"
663554,FS,976.1,4753.45,0.2053455910969927,"Mize, Casey"
663554,SI,587.0,4753.45,0.12348925517255889,"Mize, Casey"
663554,SV,326.75,4753.45,0.06873954706581535,"Mize, Casey"
663554,KC,171.35,4753.45,0.03604750234040539,"Mize, Casey"
663554,FC,12.75,4753.45,0.0026822623568145245,"Mize, Casey"
663556,FF,1097.8,2821.65,0.3890631368171105,"McClanahan, Shane"
663556,CH,623.25,2821.65,0.22088139918133007,"McClanahan, Shane"
663556,CU,555.45,2821.65,0.19685290521503376,"McClanahan, Shane"
663556,SL,544.5,2821.65,0.19297219711870714,"McClanahan, Shane"
663556,SI,0.65,2821.65,0.000230361667818475,"McClanahan, Shane"
663558,FF,437.90000000000003,932.9,0.4693965055204202,"Morán, Jovani"
663558,CH,427.90000000000003,932.9,0.45867724300568125,"Morán, Jovani"
663558,SL,43.050000000000004,932.9,0.04614642512595134,"Morán, Jovani"
663558,FC,14.0,932.9,0.01500696752063458,"Morán, Jovani"
663558,CU,5.05,932.9,0.005413227569943188,"Morán, Jovani"
663558,ST,5.0,932.9,0.005359631257369493,"Morán, Jovani"
663559,FF,2370.75,5225.45,0.4536929833794219,"Falter, Bailey"
663559,SL,1000.8,5225.45,0.19152417495143959,"Falter, Bailey"
663559,SI,807.4,5225.45,0.1545130084490331,"Falter, Bailey"
663559,CU,786.1,5225.45,0.15043680448573807,"Falter, Bailey"
663559,FS,169.85,5225.45,0.03250437761341129,"Falter, Bailey"
663559,CH,72.7,5225.45,0.013912677377068005,"Falter, Bailey"
663559,SV,17.0,5225.45,0.0032533083275124632,"Falter, Bailey"
663559,OTHER,0.85,5225.45,0.00016266541637562315,"Falter, Bailey"
663562,SI,418.7,966.3,0.43330228707440754,"Davis, Noah"
663562,FC,175.75,966.3,0.1818793335403084,"Davis, Noah"
663562,ST,144.45,966.3,0.1494877367277243,"Davis, Noah"
663562,SL,69.85000000000001,966.3,0.07228603953223638,"Davis, Noah"
663562,CH,50.65,966.3,0.052416433819724724,"Davis, Noah"
663562,FF,48.35,966.3,0.050036220635413436,"Davis, Noah"
663562,CU,42.2,966.3,0.043671737555624555,"Davis, Noah"
663562,OTHER,16.35,966.3,0.0169202111145607,"Davis, Noah"
663567,FF,764.65,1843.85,0.4147029313664344,"Lambert, Peter"
663567,CH,416.8,1843.85,0.22604875667760393,"Lambert, Peter"
663567,SL,365.4,1843.85,0.19817230251918538,"Lambert, Peter"
663567,ST,104.65,1843.85,0.05675624372915368,"Lambert, Peter"
663567,SV,90.95,1843.85,0.04932613824334952,"Lambert, Peter"
663567,CU,71.65,1843.85,0.038858909347289645,"Lambert, Peter"
663567,SI,21.25,1843.85,0.011524798654988205,"Lambert, Peter"
663567,FC,8.5,1843.85,0.004609919461995282,"Lambert, Peter"
663568,SI,659.45,2320.55,0.28417831979487623,"Kolek, Stephen"
663568,FF,518.85,2320.55,0.22358923531059446,"Kolek, Stephen"
663568,FC,376.7,2320.55,0.16233220572709053,"Kolek, Stephen"
663568,SL,345.3,2320.55,0.14880093081381568,"Kolek, Stephen"
663568,CH,240.2,2320.55,0.10350994376333196,"Kolek, Stephen"
663568,ST,179.05,2320.55,0.07715843226821227,"Kolek, Stephen"
663568,CU,1.0,2320.55,0.0004309323220788175,"Kolek, Stephen"
663574,FF,1271.25,2112.65,0.6017324213665302,"Santillan, Tony"
663574,SL,429.35,2112.65,0.20322817314746883,"Santillan, Tony"
663574,SV,392.1,2112.65,0.18559628902089792,"Santillan, Tony"
663574,CH,19.95,2112.65,0.009443116465103069,"Santillan, Tony"
663623,FF,2378.3,6778.65,0.35085157074048673,"Irvin, Jake"
663623,CU,2056.25,6778.65,0.30334211089228685,"Irvin, Jake"
663623,SI,1556.2,6778.65,0.22957373518325921,"Irvin, Jake"
663623,CH,368.2,6778.65,0.05431760011211672,"Irvin, Jake"
663623,FC,289.05,6778.65,0.04264123387400146,"Irvin, Jake"
663623,SL,129.65,6778.65,0.019126227198630996,"Irvin, Jake"
663623,OTHER,1.0,6778.65,0.0001475219992181334,"Irvin, Jake"
663629,FF,70.5,119.85000000000001,0.588235294117647,"Small, Ethan"
663629,CH,45.15,119.85000000000001,0.376720901126408,"Small, Ethan"
663629,SL,4.2,119.85000000000001,0.03504380475594493,"Small, Ethan"
663630,OTHER,25.650000000000002,25.650000000000002,1.0,"McKenna, Ryan"
663658,SI,166.4,442.65000000000003,0.37591776798825255,"Ward, Thaddeus"
663658,ST,159.9,442.65000000000003,0.36123348017621143,"Ward, Thaddeus"
663658,FC,88.4,442.65000000000003,0.19970631424375918,"Ward, Thaddeus"
663658,FF,21.45,442.65000000000003,0.04845814977973568,"Ward, Thaddeus"
663658,CH,6.5,442.65000000000003,0.014684287812041116,"Ward, Thaddeus"
663671,FF,357.5,538.3,0.664127809771503,"Enright, Nic"
663671,SL,135.45,538.3,0.2516254876462939,"Enright, Nic"
663671,CU,44.35,538.3,0.08238900241501022,"Enright, Nic"
663671,CH,1.0,538.3,0.0018577001671930152,"Enright, Nic"
663687,FF,1548.15,2864.9,0.5403853537645293,"Harris, Hogan"
663687,CH,461.25,2864.9,0.16100038395755523,"Harris, Hogan"
663687,CU,438.55,2864.9,0.1530768962267444,"Harris, Hogan"
663687,ST,230.05,2864.9,0.08029948689308528,"Harris, Hogan"
663687,FC,167.20000000000002,2864.9,0.05836154839610458,"Harris, Hogan"
663687,SL,18.0,2864.9,0.006282941812977765,"Harris, Hogan"
663687,SI,1.7,2864.9,0.0005933889490034556,"Harris, Hogan"
663704,SI,347.85,976.4499999999999,0.3562394387833479,"McArthur, James"
663704,CU,337.4,976.4499999999999,0.3455374059091607,"McArthur, James"
663704,SL,216.3,976.4499999999999,0.22151671872599726,"McArthur, James"
663704,FF,72.75,976.4499999999999,0.07450458292795331,"McArthur, James"
663704,FC,1.3,976.4499999999999,0.001331353371908444,"McArthur, James"
663704,OTHER,0.85,976.4499999999999,0.0008705002816324441,"McArthur, James"
663734,FF,102.3,216.29999999999998,0.47295423023578365,"Neidert, Nick"
663734,SL,61.949999999999996,216.29999999999998,0.28640776699029125,"Neidert, Nick"
663734,CH,27.9,216.29999999999998,0.1289875173370319,"Neidert, Nick"
663734,CU,23.849999999999998,216.29999999999998,0.1102635228848821,"Neidert, Nick"
663734,FC,0.3,216.29999999999998,0.0013869625520110957,"Neidert, Nick"
663738,FF,1269.45,3571.4,0.35544884359074874,"Lynch IV, Daniel"
663738,SL,969.1,3571.4,0.2713501708013664,"Lynch IV, Daniel"
663738,CH,724.2,3571.4,0.20277762222097778,"Lynch IV, Daniel"
663738,SI,344.9,3571.4,0.09657277258218065,"Lynch IV, Daniel"
663738,KC,261.2,3571.4,0.07313658509268074,"Lynch IV, Daniel"
663738,FC,2.55,3571.4,0.0007140057120456963,"Lynch IV, Daniel"
663752,FF,121.95,289.05,0.4218993253762325,"Morris, Cody"
663752,FC,95.5,289.05,0.33039266562878394,"Morris, Cody"
663752,CH,43.4,289.05,0.15014703338522745,"Morris, Cody"
663752,CU,27.55,289.05,0.09531222971804186,"Morris, Cody"
663752,OTHER,0.65,289.05,0.002248745891714236,"Morris, Cody"
663753,FF,161.5,342.75,0.4711889132020423,"Knehr, Reiss"
663753,CH,67.2,342.75,0.19606126914660832,"Knehr, Reiss"
663753,FC,49.4,342.75,0.14412837345003646,"Knehr, Reiss"
663753,SL,34.65,342.75,0.1010940919037199,"Knehr, Reiss"
663753,CU,22.05,342.75,0.06433260393873086,"Knehr, Reiss"
663753,SI,7.95,342.75,0.023194748358862146,"Knehr, Reiss"
663765,SI,982.1,2405.65,0.4082472512626525,"Woodford, Jake"
663765,ST,575.8,2405.65,0.2393531893666992,"Woodford, Jake"
663765,FF,301.15,2405.65,0.12518446158003033,"Woodford, Jake"
663765,CH,199.65,2405.65,0.08299212271111758,"Woodford, Jake"
663765,FC,196.4,2405.65,0.08164113649117702,"Woodford, Jake"
663765,CU,130.3,2405.65,0.05416415521792447,"Woodford, Jake"
663765,SL,20.25,2405.65,0.008417683370398853,"Woodford, Jake"
663767,ST,232.15,812.7,0.2856527623969484,"Shugart, Chase"
663767,FC,199.8,812.7,0.24584717607973422,"Shugart, Chase"
663767,SI,163.8,812.7,0.20155038759689922,"Shugart, Chase"
663767,FF,146.7,812.7,0.18050941306755258,"Shugart, Chase"
663767,CH,70.25,812.7,0.08644026085886551,"Shugart, Chase"
663770,FF,94.5,156.6,0.603448275862069,"Evans, Demarcus"
663770,FC,39.0,156.6,0.24904214559386975,"Evans, Demarcus"
663770,CU,23.099999999999998,156.6,0.1475095785440613,"Evans, Demarcus"
663773,SI,849.9,1634.55,0.5199596219142884,"Hoeing, Bryan"
663773,SL,398.0,1634.55,0.24349209262488147,"Hoeing, Bryan"
663773,FS,225.65,1634.55,0.13805022789146862,"Hoeing, Bryan"
663773,FF,121.60000000000001,1634.55,0.07439356397785324,"Hoeing, Bryan"
663773,CH,31.3,1634.55,0.019149001254167814,"Hoeing, Bryan"
663773,CU,8.1,1634.55,0.004955492337340553,"Hoeing, Bryan"
663776,CH,1171.85,4417.8,0.26525646249264334,"Sandoval, Patrick"
663776,SL,1136.25,4417.8,0.25719815292679615,"Sandoval, Patrick"
663776,FF,971.4,4417.8,0.21988319978269727,"Sandoval, Patrick"
663776,SI,634.05,4417.8,0.14352166236588346,"Sandoval, Patrick"
663776,CU,404.75,4417.8,0.0916179999094572,"Sandoval, Patrick"
663776,ST,99.5,4417.8,0.02252252252252252,"Sandoval, Patrick"
663795,FC,125.0,383.0,0.3263707571801567,"Hagenman, Justin"
663795,SI,96.0,383.0,0.2506527415143603,"Hagenman, Justin"
663795,CH,88.0,383.0,0.2297650130548303,"Hagenman, Justin"
663795,SL,74.0,383.0,0.19321148825065274,"Hagenman, Justin"
663804,FF,472.35,979.45,0.48226045229465514,"Kowar, Jackson"
663804,CH,263.75,979.45,0.26928378171422734,"Kowar, Jackson"
663804,SL,236.3,979.45,0.24125784879268977,"Kowar, Jackson"
663804,SI,4.65,979.45,0.004747562407473582,"Kowar, Jackson"
663804,CU,2.4,979.45,0.0024503547909541065,"Kowar, Jackson"
663853,CH,0.6,1.2,0.5,"Gonzalez, Romy"
663853,SL,0.6,1.2,0.5,"Gonzalez, Romy"
663855,SI,2253.75,3990.9,0.5647222431030594,"Hicks, Jordan"
663855,ST,939.9,3990.9,0.23551078704051717,"Hicks, Jordan"
663855,FS,388.4,3990.9,0.09732140619910296,"Hicks, Jordan"
663855,FF,275.75,3990.9,0.06909469042070711,"Hicks, Jordan"
663855,SL,111.35,3990.9,0.02790097471748227,"Hicks, Jordan"
663855,CH,12.15,3990.9,0.003044426069307675,"Hicks, Jordan"
663855,FC,9.6,3990.9,0.002405472449823348,"Hicks, Jordan"
663856,FF,3.15,10.35,0.30434782608695654,"Lemieux, Mack"
663856,CH,2.7,10.35,0.26086956521739135,"Lemieux, Mack"
663856,CU,2.7,10.35,0.26086956521739135,"Lemieux, Mack"
663856,SI,1.8,10.35,0.1739130434782609,"Lemieux, Mack"
663878,FF,860.0,1649.25,0.5214491435500985,"Pearson, Nate"
663878,SL,588.3,1649.25,0.3567075943610732,"Pearson, Nate"
663878,CU,177.05,1649.25,0.10735182658784297,"Pearson, Nate"
663878,SI,22.15,1649.25,0.013430347127482188,"Pearson, Nate"
663878,CH,0.8999999999999999,1649.25,0.0005457025920873124,"Pearson, Nate"
663878,FS,0.85,1649.25,0.0005153857814157951,"Pearson, Nate"
663893,SI,906.2,1815.5,0.49914624070503993,"Little, Brendon"
663893,KC,750.0,1815.5,0.4131093362709997,"Little, Brendon"
663893,FC,159.3,1815.5,0.08774442302396035,"Little, Brendon"
663897,OTHER,125.05,125.05,1.0,"Williams, Luke"
663903,SI,3959.1,8649.75,0.45771265065464317,"Singer, Brady"
663903,SL,3140.8,8649.75,0.3631087603687968,"Singer, Brady"
663903,FF,591.8,8649.75,0.0684181623746351,"Singer, Brady"
663903,ST,452.85,8649.75,0.05235411428075956,"Singer, Brady"
663903,CH,255.5,8649.75,0.029538425966068385,"Singer, Brady"
663903,FC,248.85,8649.75,0.02876961761900633,"Singer, Brady"
663903,OTHER,0.85,8649.75,9.826873609063845e-05,"Singer, Brady"
663941,FF,682.45,1866.4,0.3656504500642949,"Beck, Tristan"
663941,SL,482.6,1866.4,0.2585726532361766,"Beck, Tristan"
663941,ST,448.7,1866.4,0.24040934419202742,"Beck, Tristan"
663941,CU,248.75,1866.4,0.13327796828118302,"Beck, Tristan"
663941,CH,3.25,1866.4,0.001741320188598371,"Beck, Tristan"
663941,SI,0.65,1866.4,0.0003482640377196742,"Beck, Tristan"
663943,FF,3.15,6.3,0.5,"Kennedy, Nick"
663943,SL,2.25,6.3,0.35714285714285715,"Kennedy, Nick"
663943,CH,0.45,6.3,0.07142857142857144,"Kennedy, Nick"
663943,SI,0.45,6.3,0.07142857142857144,"Kennedy, Nick"
663947,FC,824.5,3154.0,0.2614140773620799,"Holton, Tyler"
663947,SI,609.25,3154.0,0.19316740646797717,"Holton, Tyler"
663947,CH,586.55,3154.0,0.18597019657577676,"Holton, Tyler"
663947,FF,538.5,3154.0,0.17073557387444516,"Holton, Tyler"
663947,ST,500.75,3154.0,0.15876664552948636,"Holton, Tyler"
663947,CU,94.45,3154.0,0.029946100190234623,"Holton, Tyler"
663959,FF,12.0,23.7,0.5063291139240507,"Ivey, Tyler"
663959,SL,4.5,23.7,0.189873417721519,"Ivey, Tyler"
663959,CU,3.9,23.7,0.16455696202531644,"Ivey, Tyler"
663959,CH,3.3,23.7,0.13924050632911392,"Ivey, Tyler"
663967,OTHER,11.0,11.0,1.0,"Salazar, César"
663969,SI,491.75,1582.3,0.3107817733678822,"Phillips, Tyler"
663969,ST,388.65,1582.3,0.24562345952095052,"Phillips, Tyler"
663969,CU,323.55,1582.3,0.2044808190608608,"Phillips, Tyler"
663969,FF,190.35,1582.3,0.12029956392593061,"Phillips, Tyler"
663969,FS,183.0,1582.3,0.11565442709979144,"Phillips, Tyler"
663969,FC,5.0,1582.3,0.0031599570245844657,"Phillips, Tyler"
663971,SL,3.9000000000000004,7.15,0.5454545454545455,"Calvo, Blair"
663971,SI,3.25,7.15,0.45454545454545453,"Calvo, Blair"
663975,FF,4.95,7.2,0.6875,"Duron, Nick"
663975,SL,1.8,7.2,0.25,"Duron, Nick"
663975,SI,0.45,7.2,0.0625,"Duron, Nick"
663977,FF,5.4,9.9,0.5454545454545455,"Higginbotham, Jake"
663977,SL,4.5,9.9,0.45454545454545453,"Higginbotham, Jake"
663978,FF,2050.05,4494.2,0.45615459926127017,"Paddack, Chris"
663978,CH,1118.8,4494.2,0.24894308219482889,"Paddack, Chris"
663978,CU,570.8,4494.2,0.12700814382982512,"Paddack, Chris"
663978,FC,336.0,4494.2,0.07476302790263006,"Paddack, Chris"
663978,SL,285.55,4494.2,0.0635374482666548,"Paddack, Chris"
663978,SI,133.0,4494.2,0.029593698544791065,"Paddack, Chris"
663986,FF,783.15,1554.65,0.503746824043997,"Stephan, Trevor"
663986,SL,407.7,1554.65,0.26224552150001607,"Stephan, Trevor"
663986,FS,362.7,1554.65,0.2333000997008973,"Stephan, Trevor"
663986,OTHER,1.1,1554.65,0.00070755475508957,"Stephan, Trevor"
663989,FC,242.2,475.65,0.5091979396615158,"Vespi, Nick"
663989,SL,147.15,475.65,0.30936613055818357,"Vespi, Nick"
663989,CU,85.0,475.65,0.17870282770945023,"Vespi, Nick"
663989,SI,1.3,475.65,0.0027331020708504157,"Vespi, Nick"
663992,SL,343.6,964.0,0.35643153526970955,"Lovelady, Richard"
663992,SI,276.8,964.0,0.28713692946058095,"Lovelady, Richard"
663992,FF,216.9,964.0,0.225,"Lovelady, Richard"
663992,ST,124.1,964.0,0.12873443983402488,"Lovelady, Richard"
663992,CH,2.6,964.0,0.0026970954356846473,"Lovelady, Richard"
664028,FF,86.45,201.5,0.42903225806451617,"Kennedy, Brett"
664028,CH,56.550000000000004,201.5,0.2806451612903226,"Kennedy, Brett"
664028,SI,47.45,201.5,0.23548387096774195,"Kennedy, Brett"
664028,SL,11.05,201.5,0.054838709677419356,"Kennedy, Brett"
664042,FF,97.65,259.65,0.3760831889081456,"Lakins, Travis"
664042,FC,77.55,259.65,0.29867128827267475,"Lakins, Travis"
664042,CU,39.0,259.65,0.15020219526285386,"Lakins, Travis"
664042,SL,21.150000000000002,259.65,0.08145580589254768,"Lakins, Travis"
664042,CH,20.1,259.65,0.07741190063547083,"Lakins, Travis"
664042,SI,4.2,259.65,0.01617562102830734,"Lakins, Travis"
664045,SI,57.0,132.29999999999998,0.43083900226757377,"Eshelman, Thomas"
664045,SL,35.4,132.29999999999998,0.2675736961451247,"Eshelman, Thomas"
664045,CH,18.9,132.29999999999998,0.14285714285714288,"Eshelman, Thomas"
664045,CU,13.799999999999999,132.29999999999998,0.10430839002267574,"Eshelman, Thomas"
664045,FF,7.199999999999999,132.29999999999998,0.054421768707483,"Eshelman, Thomas"
664054,SL,98.4,194.55,0.5057825751734772,"Stashak, Cody"
664054,FF,91.95,194.55,0.4726291441788743,"Stashak, Cody"
664054,CH,4.2,194.55,0.02158828064764842,"Stashak, Cody"
664062,FF,1164.75,2919.55,0.3989484680858351,"Gonsolin, Tony"
664062,FS,775.5500000000001,2919.55,0.26564025277868164,"Gonsolin, Tony"
664062,SL,572.95,2919.55,0.1962459968145776,"Gonsolin, Tony"
664062,CU,404.75,2919.55,0.13863437858574096,"Gonsolin, Tony"
664062,SI,1.55,2919.55,0.0005309037351646658,"Gonsolin, Tony"
664068,OTHER,36.0,37.0,0.972972972972973,"Kingery, Scott"
664068,SL,1.0,37.0,0.02702702702702703,"Kingery, Scott"
664074,FF,90.0,213.6,0.4213483146067416,"Ponce, Cody"
664074,FC,40.199999999999996,213.6,0.18820224719101122,"Ponce, Cody"
664074,CU,35.4,213.6,0.16573033707865167,"Ponce, Cody"
664074,SL,30.299999999999997,213.6,0.14185393258426965,"Ponce, Cody"
664074,CH,17.7,213.6,0.08286516853932584,"Ponce, Cody"
664076,SL,726.4,2120.2,0.3426091878124705,"Cleavinger, Garrett"
664076,FF,463.15,2120.2,0.2184463729836808,"Cleavinger, Garrett"
664076,SI,452.55,2120.2,0.2134468446372984,"Cleavinger, Garrett"
664076,ST,237.9,2120.2,0.11220639562305444,"Cleavinger, Garrett"
664076,FC,233.45,2120.2,0.11010753702480898,"Cleavinger, Garrett"
664076,CU,6.75,2120.2,0.0031836619186869164,"Cleavinger, Garrett"
664079,SI,68.85,130.04999999999998,0.5294117647058824,"Jay, Tyler"
664079,FC,28.9,130.04999999999998,0.22222222222222224,"Jay, Tyler"
664079,ST,22.95,130.04999999999998,0.17647058823529413,"Jay, Tyler"
664079,FF,9.35,130.04999999999998,0.07189542483660132,"Jay, Tyler"
664092,SI,193.5,341.4,0.5667838312829526,"Poppen, Sean"
664092,SL,121.35,341.4,0.3554481546572935,"Poppen, Sean"
664092,CH,18.6,341.4,0.05448154657293498,"Poppen, Sean"
664092,FF,7.05,341.4,0.020650263620386643,"Poppen, Sean"
664092,FC,0.9,341.4,0.0026362038664323375,"Poppen, Sean"
664123,SI,243.35,636.1,0.38256563433422414,"Effross, Scott"
664123,ST,236.0,636.1,0.37101084735104545,"Effross, Scott"
664123,CH,86.45,636.1,0.13590630404024526,"Effross, Scott"
664123,FF,69.85,636.1,0.1098097783367395,"Effross, Scott"
664123,SL,0.45,636.1,0.0007074359377456375,"Effross, Scott"
664126,FF,1241.55,2382.1,0.5211997817052181,"Fairbanks, Pete"
664126,SL,1034.3,2382.1,0.4341967171823181,"Fairbanks, Pete"
664126,CH,65.25,2382.1,0.027391797153771883,"Fairbanks, Pete"
664126,FC,41.0,2382.1,0.017211703958691912,"Fairbanks, Pete"
664129,SL,123.25,333.1,0.3700090063044131,"Hartlieb, Geoff"
664129,FF,90.95,333.1,0.2730411287901531,"Hartlieb, Geoff"
664129,SI,84.05,333.1,0.252326628640048,"Hartlieb, Geoff"
664129,FC,34.85,333.1,0.10462323626538576,"Hartlieb, Geoff"
664139,FF,683.75,1501.8500000000001,0.4552718314079302,"Gibaut, Ian"
664139,FC,343.2,1501.8500000000001,0.228518160934847,"Gibaut, Ian"
664139,ST,266.35,1501.8500000000001,0.1773479375436961,"Gibaut, Ian"
664139,CH,119.5,1501.8500000000001,0.07956853214368945,"Gibaut, Ian"
664139,SL,87.2,1501.8500000000001,0.05806172387388887,"Gibaut, Ian"
664139,OTHER,1.85,1501.8500000000001,0.0012318140959483304,"Gibaut, Ian"
664141,SI,826.8,2123.65,0.389329691804205,"Brubaker, JT"
664141,SL,645.6,2123.65,0.30400489722882773,"Brubaker, JT"
664141,CU,281.5,2123.65,0.13255479951969487,"Brubaker, JT"
664141,FF,205.95,2123.65,0.09697925741059024,"Brubaker, JT"
664141,CH,163.8,2123.65,0.07713135403668213,"Brubaker, JT"
664157,FF,49.199999999999996,56.4,0.8723404255319148,"Bergen, Travis"
664157,CU,6.3,56.4,0.11170212765957446,"Bergen, Travis"
664157,SL,0.8999999999999999,56.4,0.015957446808510637,"Bergen, Travis"
664161,SL,174.6,295.65000000000003,0.5905631659056316,"Swarmer, Matt"
664161,FF,115.65,295.65000000000003,0.3911719939117199,"Swarmer, Matt"
664161,CH,5.4,295.65000000000003,0.0182648401826484,"Swarmer, Matt"
664192,SI,715.1,1430.35,0.4999475652812249,"Lucchesi, Joey"
664192,CU,390.25,1430.35,0.27283532002656696,"Lucchesi, Joey"
664192,FF,308.3,1430.35,0.21554165064494707,"Lucchesi, Joey"
664192,FS,8.4,1430.35,0.005872688502813997,"Lucchesi, Joey"
664192,FC,8.3,1430.35,0.005802775544447164,"Lucchesi, Joey"
664196,SI,7.5,19.2,0.390625,"Anderson, Tanner"
664196,FF,4.5,19.2,0.234375,"Anderson, Tanner"
664196,SL,4.5,19.2,0.234375,"Anderson, Tanner"
664196,FC,2.1,19.2,0.10937500000000001,"Anderson, Tanner"
664196,CH,0.6,19.2,0.03125,"Anderson, Tanner"
664199,SL,806.1,2171.95,0.3711411404498262,"Clarke, Taylor"
664199,FF,674.9,2171.95,0.310734593337784,"Clarke, Taylor"
664199,CH,400.8,2171.95,0.18453463477520202,"Clarke, Taylor"
664199,SI,156.0,2171.95,0.07182485784663552,"Clarke, Taylor"
664199,ST,129.35,2171.95,0.05955477796450195,"Clarke, Taylor"
664199,CU,4.5,2171.95,0.002071870899422178,"Clarke, Taylor"
664199,OTHER,0.3,2171.95,0.00013812472662814523,"Clarke, Taylor"
664202,FF,58.300000000000004,117.7,0.4953271028037383,"Cyr, Tyler"
664202,CH,38.300000000000004,117.7,0.32540356839422263,"Cyr, Tyler"
664202,FC,20.0,117.7,0.16992353440951571,"Cyr, Tyler"
664202,SL,0.65,117.7,0.0055225148683092605,"Cyr, Tyler"
664202,SI,0.45,117.7,0.0038232795242141037,"Cyr, Tyler"
664208,CU,1156.55,3422.05,0.33796993030493416,"Maton, Phil"
664208,FC,934.35,3422.05,0.27303809120264166,"Maton, Phil"
664208,ST,600.05,3422.05,0.1753481100509928,"Maton, Phil"
664208,FF,375.3,3422.05,0.10967110357826448,"Maton, Phil"
664208,SI,267.95,3422.05,0.07830101839540625,"Maton, Phil"
664208,SL,86.95,3422.05,0.02540874621937143,"Maton, Phil"
664208,CH,0.45,3422.05,0.00013150012419456172,"Maton, Phil"
664208,OTHER,0.45,3422.05,0.00013150012419456172,"Maton, Phil"
664285,SI,4161.6,8849.85,0.4702452583942101,"Valdez, Framber"
664285,CU,2667.2,8849.85,0.3013836392707221,"Valdez, Framber"
664285,CH,1376.35,8849.85,0.15552240998435,"Valdez, Framber"
664285,SL,491.05,8849.85,0.055486816160725885,"Valdez, Framber"
664285,FF,88.65,8849.85,0.010017118934219225,"Valdez, Framber"
664285,FC,65.0,8849.85,0.007344757255772697,"Valdez, Framber"
664294,SL,626.0500000000001,1188.3,0.5268450727930658,"Moreta, Dauri"
664294,FF,447.7,1188.3,0.37675671126819826,"Moreta, Dauri"
664294,CH,114.55,1188.3,0.09639821593873601,"Moreta, Dauri"
664299,FF,2477.75,4531.9,0.5467353648580067,"Javier, Cristian"
664299,ST,1244.45,4531.9,0.274597850791059,"Javier, Cristian"
664299,CH,377.95,4531.9,0.08339769191729739,"Javier, Cristian"
664299,KC,366.1,4531.9,0.08078289459167237,"Javier, Cristian"
664299,SI,59.9,4531.9,0.013217414329530662,"Javier, Cristian"
664299,SL,5.75,4531.9,0.0012687835124340786,"Javier, Cristian"
664337,FF,83.85,283.65,0.29561078794288737,"Yajure, Miguel"
664337,CU,65.1,283.65,0.22950819672131148,"Yajure, Miguel"
664337,CH,58.05,283.65,0.20465362242199894,"Yajure, Miguel"
664337,SL,30.6,283.65,0.10787942887361186,"Yajure, Miguel"
664337,FC,27.6,283.65,0.09730301427815971,"Yajure, Miguel"
664337,SI,18.45,283.65,0.06504494976203068,"Yajure, Miguel"
664350,FC,164.9,489.59999999999997,0.3368055555555556,"Sánchez, Sixto"
664350,CH,149.6,489.59999999999997,0.3055555555555556,"Sánchez, Sixto"
664350,FF,148.75,489.59999999999997,0.3038194444444445,"Sánchez, Sixto"
664350,SI,26.349999999999998,489.59999999999997,0.05381944444444444,"Sánchez, Sixto"
664351,FF,135.95,271.25,0.5011981566820276,"Contreras, Luis"
664351,SL,54.1,271.25,0.19944700460829493,"Contreras, Luis"
664351,CH,38.65,271.25,0.1424884792626728,"Contreras, Luis"
664351,ST,35.3,271.25,0.13013824884792627,"Contreras, Luis"
664351,SI,3.85,271.25,0.014193548387096775,"Contreras, Luis"
664351,CU,3.4,271.25,0.012534562211981567,"Contreras, Luis"
664353,FF,1182.65,2445.7,0.48356298810156606,"Urquidy, José"
664353,CH,435.55,2445.7,0.17808807294435133,"Urquidy, José"
664353,ST,389.3,2445.7,0.1591773316432923,"Urquidy, José"
664353,CU,300.5,2445.7,0.12286870834525904,"Urquidy, José"
664353,SI,73.10000000000001,2445.7,0.029889193277998126,"Urquidy, José"
664353,FC,64.6,2445.7,0.02641370568753322,"Urquidy, José"
664584,FF,37.05,63.9,0.5798122065727699,"Romero, Jhon"
664584,SL,17.25,63.9,0.2699530516431925,"Romero, Jhon"
664584,CH,9.6,63.9,0.15023474178403756,"Romero, Jhon"
664670,OTHER,11.700000000000001,11.700000000000001,1.0,"Lopez, Alejo"
664682,FF,16.8,44.699999999999996,0.3758389261744967,"Meisinger, Ryan"
664682,SL,15.299999999999999,44.699999999999996,0.3422818791946309,"Meisinger, Ryan"
664682,SI,9.299999999999999,44.699999999999996,0.2080536912751678,"Meisinger, Ryan"
664682,CH,3.3,44.699999999999996,0.0738255033557047,"Meisinger, Ryan"
664714,FF,48.0,82.8,0.5797101449275363,"Newsome, Ljay"
664714,CH,19.5,82.8,0.2355072463768116,"Newsome, Ljay"
664714,CU,15.299999999999999,82.8,0.18478260869565216,"Newsome, Ljay"
664744,FF,21.8,45.25,0.481767955801105,"Espada, Jose"
664744,FS,12.25,45.25,0.27071823204419887,"Espada, Jose"
664744,SL,11.2,45.25,0.24751381215469612,"Espada, Jose"
664747,FF,1358.3,2404.95,0.5647934468492068,"Díaz, Alexis"
664747,SL,1043.8,2404.95,0.4340214973284268,"Díaz, Alexis"
664747,SI,2.4,2404.95,0.0009979417451506268,"Díaz, Alexis"
664747,CU,0.45,2404.95,0.00018711407721574256,"Díaz, Alexis"
664776,ST,596.05,958.75,0.6216949152542373,"Cousins, Jake"
664776,SI,305.55,958.75,0.3186962190352021,"Cousins, Jake"
664776,FF,53.85,958.75,0.05616688396349413,"Cousins, Jake"
664776,CH,3.3,958.75,0.0034419817470664926,"Cousins, Jake"
664784,FF,1.35,3.15,0.4285714285714286,"Klimek, Steven"
664784,SL,0.9,3.15,0.28571428571428575,"Klimek, Steven"
664784,CH,0.45,3.15,0.14285714285714288,"Klimek, Steven"
664784,CU,0.45,3.15,0.14285714285714288,"Klimek, Steven"
664789,OTHER,5.7,6.0,0.9500000000000001,"Tom, Ka'ai"
664789,CU,0.3,6.0,0.049999999999999996,"Tom, Ka'ai"
664849,ST,428.0,854.9,0.5006433500994268,"Young, Danny"
664849,SI,418.15,854.9,0.489121534682419,"Young, Danny"
664849,FC,7.4,854.9,0.00865598315592467,"Young, Danny"
664849,CH,1.35,854.9,0.0015791320622295007,"Young, Danny"
664852,FF,11.1,18.3,0.6065573770491803,"Flaa, Jay"
664852,CH,4.2,18.3,0.22950819672131148,"Flaa, Jay"
664852,CU,1.5,18.3,0.08196721311475409,"Flaa, Jay"
664852,SI,1.5,18.3,0.08196721311475409,"Flaa, Jay"
664854,FF,1372.7,2770.75,0.4954254263286114,"Helsley, Ryan"
664854,SL,1179.15,2770.75,0.4255706938554543,"Helsley, Ryan"
664854,CU,196.4,2770.75,0.07088333483713796,"Helsley, Ryan"
664854,CH,9.3,2770.75,0.00335649192456916,"Helsley, Ryan"
664854,FC,9.0,2770.75,0.003248217991518542,"Helsley, Ryan"
664854,SI,4.2,2770.75,0.001515835062708653,"Helsley, Ryan"
664871,CU,17.1,42.75,0.4,"Dowdy, Kyle"
664871,FF,16.2,42.75,0.3789473684210526,"Dowdy, Kyle"
664871,FC,9.450000000000001,42.75,0.2210526315789474,"Dowdy, Kyle"
664874,OTHER,3.9000000000000004,3.9000000000000004,1.0,"Zavala, Seby"
664875,SI,1270.3,2348.1,0.5409905881350879,"Lawrence, Justin"
664875,ST,1050.65,2348.1,0.44744687193901456,"Lawrence, Justin"
664875,FF,26.7,2348.1,0.011370895617733487,"Lawrence, Justin"
664875,OTHER,0.45,2348.1,0.00019164430816404754,"Lawrence, Justin"
664901,OTHER,41.95,41.95,1.0,"Mendick, Danny"
664910,SL,2.7,6.3,0.4285714285714286,"Cozart, Logan"
664910,FF,1.8,6.3,0.28571428571428575,"Cozart, Logan"
664910,FC,1.35,6.3,0.2142857142857143,"Cozart, Logan"
664910,CH,0.45,6.3,0.07142857142857144,"Cozart, Logan"
664918,FF,109.2,196.2,0.5565749235474007,"Keller, Kyle"
664918,CU,87.0,196.2,0.44342507645259943,"Keller, Kyle"
664942,SI,135.70000000000002,256.90000000000003,0.5282210977033865,"Naile, James"
664942,CU,91.75,256.90000000000003,0.3571428571428571,"Naile, James"
664942,CH,11.65,256.90000000000003,0.045348384585441805,"Naile, James"
664942,FC,10.450000000000001,256.90000000000003,0.04067730634488127,"Naile, James"
664942,FF,7.3500000000000005,256.90000000000003,0.02861035422343324,"Naile, James"
664944,FF,44.1,99.45,0.4434389140271493,"Vieaux, Cam"
664944,SL,36.45,99.45,0.36651583710407243,"Vieaux, Cam"
664944,CH,18.900000000000002,99.45,0.1900452488687783,"Vieaux, Cam"
664948,FC,313.0,773.95,0.40441889010918014,"Misiewicz, Anthony"
664948,CU,219.7,773.95,0.28386846695522966,"Misiewicz, Anthony"
664948,FF,206.1,773.95,0.26629627236901604,"Misiewicz, Anthony"
664948,CH,23.0,773.95,0.029717682020802376,"Misiewicz, Anthony"
664948,SL,12.15,773.95,0.01569868854577169,"Misiewicz, Anthony"
664991,SI,211.0,520.0,0.40576923076923077,"Wolfram, Grant"
664991,SL,128.0,520.0,0.24615384615384617,"Wolfram, Grant"
664991,FF,79.0,520.0,0.1519230769230769,"Wolfram, Grant"
664991,CU,73.0,520.0,0.14038461538461539,"Wolfram, Grant"
664991,ST,28.0,520.0,0.05384615384615385,"Wolfram, Grant"
664991,FS,1.0,520.0,0.0019230769230769232,"Wolfram, Grant"
665001,FF,143.35,383.8,0.37350182386659714,"Kelley, Trevor"
665001,SI,83.0,383.8,0.21625846795205836,"Kelley, Trevor"
665001,ST,68.25,383.8,0.17782699322563836,"Kelley, Trevor"
665001,CU,50.85,383.8,0.13249088066701406,"Kelley, Trevor"
665001,SL,23.35,383.8,0.060838978634705575,"Kelley, Trevor"
665001,CH,15.0,383.8,0.03908285565398645,"Kelley, Trevor"
665019,OTHER,99.85000000000001,99.85000000000001,1.0,"Clemens, Kody"
665048,FS,113.75,227.5,0.5,"Harris, Hobie"
665048,FF,78.65,227.5,0.34571428571428575,"Harris, Hobie"
665048,FC,35.1,227.5,0.1542857142857143,"Harris, Hobie"
665152,FF,2446.45,7559.8,0.32361305854652234,"Kremer, Dean"
665152,FC,1736.45,7559.8,0.22969523003254055,"Kremer, Dean"
665152,SI,1146.8,7559.8,0.15169713484483716,"Kremer, Dean"
665152,FS,915.8,7559.8,0.1211407709198656,"Kremer, Dean"
665152,CU,869.15,7559.8,0.11496997275060186,"Kremer, Dean"
665152,CH,377.40000000000003,7559.8,0.0499219556072912,"Kremer, Dean"
665152,ST,62.400000000000006,7559.8,0.008254186618693617,"Kremer, Dean"
665152,SL,4.35,7559.8,0.0005754120479377761,"Kremer, Dean"
665152,OTHER,1.0,7559.8,0.00013227863170983358,"Kremer, Dean"
665155,OTHER,12.450000000000001,12.450000000000001,1.0,"Maton, Nick"
665620,FF,250.0,452.2,0.5528527200353825,"García, Deivi"
665620,CH,67.6,452.2,0.14949137549756744,"García, Deivi"
665620,CU,65.45,452.2,0.14473684210526316,"García, Deivi"
665620,ST,45.6,452.2,0.10084033613445378,"García, Deivi"
665620,SL,12.5,452.2,0.027642636001769128,"García, Deivi"
665620,FC,11.05,452.2,0.024436090225563912,"García, Deivi"
665621,FF,190.65,429.0,0.4444055944055944,"García, Rony"
665621,CU,135.3,429.0,0.31538461538461543,"García, Rony"
665621,SI,56.7,429.0,0.13216783216783218,"García, Rony"
665621,CH,46.35,429.0,0.10804195804195804,"García, Rony"
665622,FF,778.25,1876.25,0.41479013990672886,"Medina, Luis"
665622,SL,449.6,1876.25,0.23962691538974018,"Medina, Luis"
665622,SI,273.8,1876.25,0.14592938041305797,"Medina, Luis"
665622,CU,214.8,1876.25,0.11448367754830113,"Medina, Luis"
665622,CH,159.8,1876.25,0.0851698867421719,"Medina, Luis"
665625,SL,810.5,1566.4,0.5174284984678242,"Peguero, Elvis"
665625,SI,751.9,1566.4,0.48001787538304386,"Peguero, Elvis"
665625,FF,3.15,1566.4,0.0020109805924412665,"Peguero, Elvis"
665625,CU,0.85,1566.4,0.0005426455566905005,"Peguero, Elvis"
665645,FF,117.3,167.85,0.6988382484361036,"Castro, Kervin"
665645,CU,41.85,167.85,0.24932975871313676,"Castro, Kervin"
665645,FC,8.4,167.85,0.050044682752457555,"Castro, Kervin"
665645,SI,0.3,167.85,0.0017873100983020554,"Castro, Kervin"
665660,FF,372.0,765.0,0.48627450980392156,"Alvarado, Elvis"
665660,SL,245.0,765.0,0.3202614379084967,"Alvarado, Elvis"
665660,SI,117.0,765.0,0.15294117647058825,"Alvarado, Elvis"
665660,CH,31.0,765.0,0.040522875816993466,"Alvarado, Elvis"
665661,FF,11.1,24.599999999999998,0.45121951219512196,"Spitzbarth, Shea"
665661,CH,9.6,24.599999999999998,0.3902439024390244,"Spitzbarth, Shea"
665661,CU,3.3,24.599999999999998,0.13414634146341464,"Spitzbarth, Shea"
665661,FC,0.6,24.599999999999998,0.024390243902439025,"Spitzbarth, Shea"
665665,CH,258.65000000000003,744.75,0.3472977509231286,"Sanmartin, Reiver"
665665,SI,177.45000000000002,744.75,0.23826787512588118,"Sanmartin, Reiver"
665665,SL,174.25,744.75,0.233971131252098,"Sanmartin, Reiver"
665665,FF,134.4,744.75,0.18046324269889225,"Sanmartin, Reiver"
665733,FF,31.5,52.8,0.5965909090909092,"Santos, Antonio"
665733,CU,8.4,52.8,0.15909090909090912,"Santos, Antonio"
665733,CH,6.6,52.8,0.125,"Santos, Antonio"
665733,SL,4.5,52.8,0.08522727272727273,"Santos, Antonio"
665733,SI,1.7999999999999998,52.8,0.03409090909090909,"Santos, Antonio"
665734,SL,62.400000000000006,176.15,0.3542435424354244,"Felipe, Angel"
665734,SI,52.65,176.15,0.2988929889298893,"Felipe, Angel"
665734,FF,48.1,176.15,0.2730627306273063,"Felipe, Angel"
665734,CH,13.0,176.15,0.07380073800738007,"Felipe, Angel"
665759,FF,25.5,43.199999999999996,0.5902777777777778,"Rosso, Ramón"
665759,SL,15.299999999999999,43.199999999999996,0.3541666666666667,"Rosso, Ramón"
665759,CH,2.4,43.199999999999996,0.05555555555555556,"Rosso, Ramón"
665795,CH,1638.95,5588.55,0.29326927378300277,"Cabrera, Edward"
665795,CU,1267.1,5588.55,0.22673144196616293,"Cabrera, Edward"
665795,FF,1185.6,5588.55,0.21214805271492604,"Cabrera, Edward"
665795,SI,778.35,5588.55,0.13927584078159808,"Cabrera, Edward"
665795,SL,718.55,5588.55,0.12857539075431013,"Cabrera, Edward"
665828,OTHER,10.2,10.2,1.0,"Cabrera, Oswaldo"
665854,FF,87.89999999999999,174.0,0.5051724137931034,"Oviedo, Luis"
665854,CU,38.4,174.0,0.2206896551724138,"Oviedo, Luis"
665854,SL,36.9,174.0,0.21206896551724136,"Oviedo, Luis"
665854,CH,10.799999999999999,174.0,0.06206896551724137,"Oviedo, Luis"
665871,SI,1422.75,4146.3,0.3431372549019608,"Assad, Javier"
665871,FC,975.55,4146.3,0.23528205870293994,"Assad, Javier"
665871,FF,712.5,4146.3,0.17183995369365457,"Assad, Javier"
665871,ST,402.7,4146.3,0.09712273593324168,"Assad, Javier"
665871,CU,354.85,4146.3,0.0855823264114994,"Assad, Javier"
665871,CH,189.0,4146.3,0.04558280876926416,"Assad, Javier"
665871,SL,88.95,4146.3,0.021452861587439403,"Assad, Javier"
665896,FF,146.35,521.25,0.2807673860911271,"Marte, José"
665896,SI,129.25,521.25,0.24796163069544364,"Marte, José"
665896,SL,111.95,521.25,0.21477218225419664,"Marte, José"
665896,FC,82.15,521.25,0.15760191846522784,"Marte, José"
665896,CH,51.55,521.25,0.09889688249400479,"Marte, José"
666120,FF,844.7,1757.75,0.48055753093443326,"Anderson, Ian"
666120,CH,577.25,1757.75,0.3284027876546722,"Anderson, Ian"
666120,CU,324.4,1757.75,0.1845541174797326,"Anderson, Ian"
666120,ST,9.9,1757.75,0.005632200256009102,"Anderson, Ian"
666120,SI,1.5,1757.75,0.0008533636751528943,"Anderson, Ian"
666129,SI,865.65,2974.9500000000003,0.2909796803307618,"Garrett, Braxton"
666129,ST,795.85,2974.9500000000003,0.26751710112775,"Garrett, Braxton"
666129,FF,421.2,2974.9500000000003,0.1415822114657389,"Garrett, Braxton"
666129,SL,342.5,2974.9500000000003,0.11512798534429149,"Garrett, Braxton"
666129,CH,291.75,2974.9500000000003,0.09806887510714465,"Garrett, Braxton"
666129,CU,255.4,2974.9500000000003,0.08585018235600597,"Garrett, Braxton"
666129,FC,2.6,2974.9500000000003,0.0008739642683070303,"Garrett, Braxton"
666142,FF,2156.2,4977.2,0.4332154625090412,"Ragans, Cole"
666142,CH,1167.2,4977.2,0.23450936269388412,"Ragans, Cole"
666142,SL,578.05,4977.2,0.11613959656031503,"Ragans, Cole"
666142,KC,540.0,4977.2,0.10849473599614241,"Ragans, Cole"
666142,FC,515.25,4977.2,0.10352206059631922,"Ragans, Cole"
666142,CU,17.1,4977.2,0.0034356666398778434,"Ragans, Cole"
666142,SI,3.4,4977.2,0.000683115004420156,"Ragans, Cole"
666149,OTHER,22.099999999999998,22.099999999999998,1.0,"Fitzgerald, Tyler"
666154,SI,128.05,378.3,0.3384879725085911,"Kauffmann, Karl"
666154,CH,76.05,378.3,0.20103092783505153,"Kauffmann, Karl"
666154,FF,68.9,378.3,0.18213058419243988,"Kauffmann, Karl"
666154,SL,63.7,378.3,0.16838487972508592,"Kauffmann, Karl"
666154,FC,41.6,378.3,0.10996563573883161,"Kauffmann, Karl"
666157,CU,1523.75,5197.8,0.2931528723690792,"Lodolo, Nick"
666157,FF,1507.15,5197.8,0.28995921351340953,"Lodolo, Nick"
666157,SI,1245.05,5197.8,0.2395340336296125,"Lodolo, Nick"
666157,CH,921.0,5197.8,0.17719034976336143,"Lodolo, Nick"
666157,OTHER,0.85,5197.8,0.00016353072453730423,"Lodolo, Nick"
666159,FF,963.95,2045.25,0.47131157560200465,"Manning, Matt"
666159,ST,462.75,2045.25,0.22625595892922626,"Manning, Matt"
666159,CU,269.65,2045.25,0.1318420730961985,"Manning, Matt"
666159,SI,123.14999999999999,2045.25,0.06021268793546021,"Manning, Matt"
666159,CH,115.95,2045.25,0.05669233590025669,"Manning, Matt"
666159,SL,93.3,2045.25,0.045617895122845614,"Manning, Matt"
666159,FS,16.5,2045.25,0.008067473414008068,"Manning, Matt"
666163,OTHER,26.349999999999998,30.599999999999998,0.861111111111111,"Rortvedt, Ben"
666163,CH,4.25,30.599999999999998,0.1388888888888889,"Rortvedt, Ben"
666168,SI,640.75,1098.6,0.5832423083924996,"Thompson, Mason"
666168,SL,296.9,1098.6,0.2702530493355179,"Thompson, Mason"
666168,FF,88.8,1098.6,0.08083014746040415,"Thompson, Mason"
666168,CU,60.1,1098.6,0.05470598944110687,"Thompson, Mason"
666168,CH,12.05,1098.6,0.010968505370471511,"Thompson, Mason"
666171,FF,385.9,1192.8,0.32352448021462105,"Zeferjahn, Ryan"
666171,FC,305.6,1192.8,0.25620389000670696,"Zeferjahn, Ryan"
666171,ST,302.9,1192.8,0.25394030851777327,"Zeferjahn, Ryan"
666171,SL,166.55,1192.8,0.13962944332662644,"Zeferjahn, Ryan"
666171,SV,25.0,1192.8,0.02095908786049631,"Zeferjahn, Ryan"
666171,SI,6.0,1192.8,0.005030181086519115,"Zeferjahn, Ryan"
666171,CU,0.85,1192.8,0.0007126089872568746,"Zeferjahn, Ryan"
666197,OTHER,9.35,9.35,1.0,"Kessinger, Grae"
666200,FF,2462.65,6965.75,0.3535369486415677,"Luzardo, Jesús"
666200,CH,1382.45,6965.75,0.19846391271578798,"Luzardo, Jesús"
666200,SL,1368.65,6965.75,0.19648279079783226,"Luzardo, Jesús"
666200,ST,946.0,6965.75,0.13580734307145678,"Luzardo, Jesús"
666200,SI,798.85,6965.75,0.11468255392455945,"Luzardo, Jesús"
666200,FC,7.15,6965.75,0.0010264508487958942,"Luzardo, Jesús"
666201,FF,1069.35,3287.75,0.3252528324842217,"Manoah, Alek"
666201,SL,938.45,3287.75,0.28543836970572584,"Manoah, Alek"
666201,SI,889.3,3287.75,0.27048893620257014,"Manoah, Alek"
666201,CH,390.65,3287.75,0.11881986160748231,"Manoah, Alek"
666204,SL,508.05,845.05,0.6012070291698717,"Jiménez, Dany"
666204,FF,319.7,845.05,0.378320809419561,"Jiménez, Dany"
666204,CH,15.299999999999999,845.05,0.018105437548074078,"Jiménez, Dany"
666204,FC,1.35,845.05,0.0015975386071830071,"Jiménez, Dany"
666204,OTHER,0.65,845.05,0.0007691852553103367,"Jiménez, Dany"
666205,FF,913.35,1795.3,0.508745056536512,"Muller, Kyle"
666205,SL,470.55,1795.3,0.2621010416086448,"Muller, Kyle"
666205,CU,276.1,1795.3,0.153790452849106,"Muller, Kyle"
666205,CH,133.2,1795.3,0.0741937280677324,"Muller, Kyle"
666205,SI,2.1,1795.3,0.0011697209380047903,"Muller, Kyle"
666207,SL,62.949999999999996,99.7,0.6313941825476429,"Pint, Riley"
666207,FF,25.5,99.7,0.25576730190571717,"Pint, Riley"
666207,SI,11.25,99.7,0.11283851554663991,"Pint, Riley"
666208,SL,49.25,75.4,0.653183023872679,"Speas, Alex"
666208,FC,13.55,75.4,0.1797082228116711,"Speas, Alex"
666208,FF,8.75,75.4,0.11604774535809018,"Speas, Alex"
666208,ST,3.85,75.4,0.051061007957559676,"Speas, Alex"
666214,FF,1813.6,4303.65,0.42140973359822476,"Wentz, Joey"
666214,FC,839.55,4303.65,0.19507859607542435,"Wentz, Joey"
666214,CU,673.8,4303.65,0.15656477641072114,"Wentz, Joey"
666214,CH,514.7,4303.65,0.11959615675066515,"Wentz, Joey"
666214,SL,462.0,4303.65,0.10735073716496463,"Wentz, Joey"
666215,FF,97.9,335.9,0.2914557904138137,"Whitley, Forrest"
666215,SI,87.5,335.9,0.2604941947008038,"Whitley, Forrest"
666215,FC,72.25,335.9,0.2150937779100923,"Whitley, Forrest"
666215,CU,44.45,335.9,0.13233105090800834,"Whitley, Forrest"
666215,SV,27.4,335.9,0.08157189639773742,"Whitley, Forrest"
666215,CH,4.7,335.9,0.01399225960107175,"Whitley, Forrest"
666215,FS,1.7,335.9,0.00506103006847276,"Whitley, Forrest"
666277,FF,531.8,1599.6,0.33245811452863216,"Soriano, George"
666277,ST,458.7,1599.6,0.28675918979744935,"Soriano, George"
666277,CH,384.95,1599.6,0.2406539134783696,"Soriano, George"
666277,SL,115.15,1599.6,0.07198674668667168,"Soriano, George"
666277,SI,109.0,1599.6,0.06814203550887722,"Soriano, George"
666364,FF,120.9,254.8,0.4744897959183674,"Balazovic, Jordan"
666364,CU,61.1,254.8,0.23979591836734693,"Balazovic, Jordan"
666364,SL,50.050000000000004,254.8,0.19642857142857142,"Balazovic, Jordan"
666364,CH,22.75,254.8,0.08928571428571429,"Balazovic, Jordan"
666374,SL,1127.95,2155.9,0.5231921703232989,"Brash, Matt"
666374,FF,486.2,2155.9,0.22552066422375805,"Brash, Matt"
666374,SI,213.35,2155.9,0.0989609907695162,"Brash, Matt"
666374,KC,187.0,2155.9,0.08673871700913771,"Brash, Matt"
666374,CH,108.25,2155.9,0.05021104874994202,"Brash, Matt"
666374,FC,33.15,2155.9,0.01537640892434714,"Brash, Matt"
666619,SL,506.0,930.8000000000001,0.5436183927804039,"Santos, Gregory"
666619,SI,390.6,930.8000000000001,0.4196390201976794,"Santos, Gregory"
666619,FF,21.5,930.8000000000001,0.023098409969918347,"Santos, Gregory"
666619,CH,12.7,930.8000000000001,0.01364417705199828,"Santos, Gregory"
666659,SL,89.0,185.0,0.4810810810810811,"Lao, Sauryn"
666659,FF,55.0,185.0,0.2972972972972973,"Lao, Sauryn"
666659,SI,27.0,185.0,0.14594594594594595,"Lao, Sauryn"
666659,CH,14.0,185.0,0.07567567567567568,"Lao, Sauryn"
666661,FF,285.0,617.0,0.4619124797406807,"Morillo, Juan"
666661,SL,130.0,617.0,0.2106969205834684,"Morillo, Juan"
666661,SI,120.0,617.0,0.19448946515397084,"Morillo, Juan"
666661,CH,82.0,617.0,0.13290113452188007,"Morillo, Juan"
666711,SI,108.0,315.0,0.34285714285714286,"Peguero, Joel"
666711,SL,104.0,315.0,0.33015873015873015,"Peguero, Joel"
666711,FF,103.0,315.0,0.326984126984127,"Peguero, Joel"
666720,FF,285.9,532.2,0.5372040586245771,"Rodríguez, Yerry"
666720,SL,177.65,532.2,0.3338030815482901,"Rodríguez, Yerry"
666720,CH,54.45,532.2,0.10231116121758738,"Rodríguez, Yerry"
666720,SI,14.2,532.2,0.02668169860954528,"Rodríguez, Yerry"
666721,FF,223.1,535.95,0.4162701744565724,"Castillo, Max"
666721,CH,161.8,535.95,0.3018938333799795,"Castillo, Max"
666721,SL,129.15,535.95,0.24097397145256086,"Castillo, Max"
666721,SI,21.900000000000002,535.95,0.04086202071088721,"Castillo, Max"
666745,CH,449.1,1455.05,0.3086491873131508,"Brito, Jhony"
666745,SI,440.90000000000003,1455.05,0.30301364214288173,"Brito, Jhony"
666745,FF,285.2,1455.05,0.19600701006838253,"Brito, Jhony"
666745,ST,108.85000000000001,1455.05,0.07480842582729116,"Brito, Jhony"
666745,KC,102.4,1455.05,0.07037558846775026,"Brito, Jhony"
666745,SL,62.4,1455.05,0.042885124222535306,"Brito, Jhony"
666745,CU,4.5,1455.05,0.003092677227586681,"Brito, Jhony"
666745,OTHER,1.7,1455.05,0.001168344730421635,"Brito, Jhony"
666808,SL,1563.35,3412.9,0.4580708488382314,"Doval, Camilo"
666808,FC,1225.2,3412.9,0.35899088751501657,"Doval, Camilo"
666808,SI,617.95,3412.9,0.18106302557941928,"Doval, Camilo"
666808,FF,5.4,3412.9,0.001582232119312022,"Doval, Camilo"
666808,OTHER,1.0,3412.9,0.0002930059480207448,"Doval, Camilo"
666818,FF,291.65,695.85,0.4191276855644176,"Frías, Luis"
666818,FC,240.65,695.85,0.34583602787957174,"Frías, Luis"
666818,SL,127.5,695.85,0.18322914421211467,"Frías, Luis"
666818,CH,19.05,695.85,0.027376589782280664,"Frías, Luis"
666818,SI,17.0,695.85,0.02443055256161529,"Frías, Luis"
666974,SI,1305.85,2657.35,0.4914106158390878,"Cano, Yennier"
666974,CH,546.7,2657.35,0.20573127363727023,"Cano, Yennier"
666974,FF,255.0,2657.35,0.09596026116243626,"Cano, Yennier"
666974,SL,241.45,2657.35,0.09086119630458915,"Cano, Yennier"
666974,ST,195.25,2657.35,0.07347545487045365,"Cano, Yennier"
666974,FS,88.1,2657.35,0.03315332944474759,"Cano, Yennier"
666974,FC,25.0,2657.35,0.00940786874141532,"Cano, Yennier"
667280,FF,4.05,7.65,0.5294117647058824,"Misiaszek, Andrew"
667280,SL,3.15,7.65,0.4117647058823529,"Misiaszek, Andrew"
667280,CH,0.45,7.65,0.058823529411764705,"Misiaszek, Andrew"
667297,CU,416.5,1224.45,0.3401527216301196,"Nance, Tommy"
667297,SI,384.65,1224.45,0.3141410429172281,"Nance, Tommy"
667297,SL,350.65,1224.45,0.2863734738045653,"Nance, Tommy"
667297,FF,72.65,1224.45,0.0593327616480869,"Nance, Tommy"
667373,FF,21.75,47.4,0.4588607594936709,"Rondón, Angel"
667373,SL,12.45,47.4,0.2626582278481013,"Rondón, Angel"
667373,CH,9.3,47.4,0.19620253164556964,"Rondón, Angel"
667373,SI,3.6,47.4,0.0759493670886076,"Rondón, Angel"
667373,CU,0.3,47.4,0.006329113924050633,"Rondón, Angel"
667376,CH,121.8,235.95,0.5162110616656072,"Sánchez, Miguel"
667376,FF,90.3,235.95,0.38270820089001906,"Sánchez, Miguel"
667376,SL,23.85,235.95,0.10108073744437382,"Sánchez, Miguel"
667427,FF,352.95,628.6,0.5614858415526567,"Jackson, Zach"
667427,SL,269.2,628.6,0.42825326121539925,"Jackson, Zach"
667427,CH,4.9,628.6,0.0077951002227171495,"Jackson, Zach"
667427,FC,1.55,628.6,0.0024657970092268533,"Jackson, Zach"
667463,SI,1362.55,2380.95,0.5722715722715723,"King, John"
667463,CH,603.5,2380.95,0.2534702534702535,"King, John"
667463,SL,261.7,2380.95,0.10991410991410992,"King, John"
667463,ST,46.9,2380.95,0.019698019698019698,"King, John"
667463,CU,43.0,2380.95,0.01806001806001806,"King, John"
667463,FC,40.5,2380.95,0.01701001701001701,"King, John"
667463,FF,22.8,2380.95,0.009576009576009577,"King, John"
667465,SI,55.5,108.15,0.5131761442441054,"Fletcher, Aaron"
667465,CH,28.65,108.15,0.26490984743411927,"Fletcher, Aaron"
667465,SL,24.0,108.15,0.2219140083217753,"Fletcher, Aaron"
667478,FF,1.7,3.4,0.5,"Kravetz, Evan"
667478,FS,0.85,3.4,0.25,"Kravetz, Evan"
667478,KC,0.85,3.4,0.25,"Kravetz, Evan"
667498,FF,76.5,266.1,0.28748590755355125,"Dugger, Robert"
667498,CU,68.85,266.1,0.2587373167981961,"Dugger, Robert"
667498,SL,53.85,266.1,0.20236753100338217,"Dugger, Robert"
667498,SI,37.65,266.1,0.14148816234498307,"Dugger, Robert"
667498,CH,29.25,266.1,0.10992108229988726,"Dugger, Robert"
667725,FC,269.3,568.0,0.47411971830985916,"Tyler, Kyle"
667725,CU,147.29999999999998,568.0,0.2593309859154929,"Tyler, Kyle"
667725,SL,72.95,568.0,0.1284330985915493,"Tyler, Kyle"
667725,FF,69.7,568.0,0.1227112676056338,"Tyler, Kyle"
667725,CH,7.05,568.0,0.012411971830985915,"Tyler, Kyle"
667725,SI,1.7,568.0,0.002992957746478873,"Tyler, Kyle"
667755,SI,2058.1,4594.05,0.44799251205363455,"Soriano, José"
667755,KC,1278.85,4594.05,0.2783709363198049,"Soriano, José"
667755,FF,553.35,4594.05,0.12044927678192445,"Soriano, José"
667755,FS,435.1,4594.05,0.09470946115083641,"Soriano, José"
667755,SL,257.8,4594.05,0.05611606316866381,"Soriano, José"
667755,CH,10.0,4594.05,0.0021767285945951827,"Soriano, José"
667755,OTHER,0.85,4594.05,0.00018502193054059052,"Soriano, José"
668338,FF,504.05,1042.1,0.48368678629690054,"Miller, Tyson"
668338,ST,347.65,1042.1,0.333605220228385,"Miller, Tyson"
668338,SI,59.05,1042.1,0.05666442759811918,"Miller, Tyson"
668338,SL,53.65,1042.1,0.05148258324536993,"Miller, Tyson"
668338,CU,48.8,1042.1,0.04682851933595624,"Miller, Tyson"
668338,CH,28.9,1042.1,0.02773246329526917,"Miller, Tyson"
668390,FF,273.0,862.1,0.3166685999304025,"Winn, Cole"
668390,SL,183.6,862.1,0.21296833314000696,"Winn, Cole"
668390,SI,148.7,862.1,0.17248579051154156,"Winn, Cole"
668390,FS,126.0,862.1,0.14615473842941654,"Winn, Cole"
668390,FC,118.0,862.1,0.1368750724973901,"Winn, Cole"
668390,CU,12.8,862.1,0.014847465491242315,"Winn, Cole"
668470,FF,2.6,4.55,0.5714285714285715,"Danner, Hagen"
668470,SL,1.9500000000000002,4.55,0.4285714285714286,"Danner, Hagen"
668472,OTHER,12.75,12.75,1.0,"Pratto, Nick"
668665,FF,278.75,501.90000000000003,0.5553895198246662,"Nogosek, Stephen"
668665,FC,99.85000000000001,501.90000000000003,0.19894401275154414,"Nogosek, Stephen"
668665,ST,70.15,501.90000000000003,0.13976887826260212,"Nogosek, Stephen"
668665,CH,28.150000000000002,501.90000000000003,0.05608686989440127,"Nogosek, Stephen"
668665,SL,15.95,501.90000000000003,0.0317792388922096,"Nogosek, Stephen"
668665,CU,8.6,501.90000000000003,0.017134887427774456,"Nogosek, Stephen"
668665,OTHER,0.45,501.90000000000003,0.0008965929468021517,"Nogosek, Stephen"
668670,OTHER,54.1,54.1,1.0,"Rogers, Jake"
668674,FF,731.5,2453.35,0.2981637353007113,"Erceg, Lucas"
668674,SL,611.5,2453.35,0.24925102410989056,"Erceg, Lucas"
668674,SI,607.45,2453.35,0.2476002201072004,"Erceg, Lucas"
668674,CH,472.35,2453.35,0.19253265942486805,"Erceg, Lucas"
668674,FC,30.55,2453.35,0.012452361057329775,"Erceg, Lucas"
668676,FF,873.2,2046.3,0.4267213995992768,"Plesac, Zach"
668676,SL,535.55,2046.3,0.26171626838684453,"Plesac, Zach"
668676,CH,446.85,2046.3,0.21836974050725702,"Plesac, Zach"
668676,CU,189.35,2046.3,0.09253286419391096,"Plesac, Zach"
668676,SI,1.35,2046.3,0.0006597273127107463,"Plesac, Zach"
668678,FF,4344.7,9198.25,0.47233984725355366,"Gallen, Zac"
668678,KC,2149.15,9198.25,0.23364770472644253,"Gallen, Zac"
668678,CH,1381.8,9198.25,0.15022422743456634,"Gallen, Zac"
668678,SL,694.6,9198.25,0.07551436414535374,"Gallen, Zac"
668678,FC,541.1,9198.25,0.058826407197021174,"Gallen, Zac"
668678,SI,85.9,9198.25,0.009338732911151578,"Gallen, Zac"
668678,OTHER,1.0,9198.25,0.00010871633191096133,"Gallen, Zac"
668684,FF,31.05,52.2,0.5948275862068966,"Tully, Tanner"
668684,SL,14.4,52.2,0.27586206896551724,"Tully, Tanner"
668684,CH,5.4,52.2,0.10344827586206896,"Tully, Tanner"
668684,CU,1.35,52.2,0.02586206896551724,"Tully, Tanner"
668687,FC,57.3,106.2,0.53954802259887,"Scrubb, Andre"
668687,KC,44.1,106.2,0.4152542372881356,"Scrubb, Andre"
668687,SL,4.8,106.2,0.04519774011299435,"Scrubb, Andre"
668716,SI,179.0,312.0,0.5737179487179487,"Murdock, Noah"
668716,FC,72.0,312.0,0.23076923076923078,"Murdock, Noah"
668716,ST,58.0,312.0,0.1858974358974359,"Murdock, Noah"
668716,FS,2.0,312.0,0.00641025641025641,"Murdock, Noah"
668716,OTHER,1.0,312.0,0.003205128205128205,"Murdock, Noah"
668754,FC,37.050000000000004,74.10000000000001,0.5,"Bristo, Braden"
668754,SI,15.600000000000001,74.10000000000001,0.21052631578947367,"Bristo, Braden"
668754,ST,11.700000000000001,74.10000000000001,0.15789473684210525,"Bristo, Braden"
668754,CH,9.75,74.10000000000001,0.13157894736842105,"Bristo, Braden"
668800,OTHER,35.55,35.55,1.0,"Knizner, Andrew"
668820,FF,326.8,760.4,0.4297738032614414,"Kranick, Max"
668820,SL,286.1,760.4,0.37624934245134145,"Kranick, Max"
668820,CU,91.2,760.4,0.11993687532877434,"Kranick, Max"
668820,ST,41.0,760.4,0.05391899000526039,"Kranick, Max"
668820,CH,15.0,760.4,0.019726459758022095,"Kranick, Max"
668820,SI,0.3,760.4,0.00039452919516044186,"Kranick, Max"
668834,SI,89.45,285.3,0.31352961794602174,"McGee, Easton"
668834,CU,77.3,285.3,0.2709428671573782,"McGee, Easton"
668834,FF,55.85,285.3,0.19575885033298282,"McGee, Easton"
668834,FC,33.0,285.3,0.11566771819137749,"McGee, Easton"
668834,ST,17.2,285.3,0.06028741675429372,"McGee, Easton"
668834,CH,6.65,285.3,0.023308797756747286,"McGee, Easton"
668834,SL,5.8500000000000005,285.3,0.02050473186119874,"McGee, Easton"
668868,FF,614.7,1198.5,0.5128911138923655,"Thompson, Zack"
668868,CU,308.6,1198.5,0.25748852732582395,"Thompson, Zack"
668868,SL,193.75,1198.5,0.16166040884438881,"Thompson, Zack"
668868,OTHER,43.8,1198.5,0.036545682102628284,"Thompson, Zack"
668868,CH,37.2,1198.5,0.031038798498122657,"Thompson, Zack"
668868,SI,0.45,1198.5,0.0003754693366708386,"Thompson, Zack"
668873,FF,117.0,332.2,0.3521974714027694,"Kilian, Caleb"
668873,FC,96.95,332.2,0.29184226369656835,"Kilian, Caleb"
668873,SI,67.75,332.2,0.2039434075857917,"Kilian, Caleb"
668873,KC,30.55,332.2,0.09196267308850091,"Kilian, Caleb"
668873,ST,16.25,332.2,0.048916315472606865,"Kilian, Caleb"
668873,CH,3.7,332.2,0.011137868753762794,"Kilian, Caleb"
668874,FF,12.75,33.15,0.38461538461538464,"Henley, Blair"
668874,CU,7.6499999999999995,33.15,0.23076923076923075,"Henley, Blair"
668874,SI,5.95,33.15,0.1794871794871795,"Henley, Blair"
668874,ST,4.25,33.15,0.12820512820512822,"Henley, Blair"
668874,CH,1.7,33.15,0.05128205128205128,"Henley, Blair"
668874,FC,0.85,33.15,0.02564102564102564,"Henley, Blair"
668881,FF,3327.3,6116.45,0.5439920215157485,"Greene, Hunter"
668881,SL,2256.15,6116.45,0.3688659271309338,"Greene, Hunter"
668881,FS,371.7,6116.45,0.0607705450056814,"Greene, Hunter"
668881,CH,117.60000000000001,6116.45,0.019226839097842705,"Greene, Hunter"
668881,CU,40.4,6116.45,0.00660513860163984,"Greene, Hunter"
668881,SI,2.65,6116.45,0.0004332578538204351,"Greene, Hunter"
668881,OTHER,0.65,6116.45,0.00010627079433331426,"Greene, Hunter"
668909,FF,2161.95,5002.7,0.4321566354168749,"Williams, Gavin"
668909,CU,1032.1,5002.7,0.20630859335958582,"Williams, Gavin"
668909,ST,593.0,5002.7,0.11853599056509485,"Williams, Gavin"
668909,FC,570.1,5002.7,0.11395846243028765,"Williams, Gavin"
668909,SL,328.95,5002.7,0.06575449257401003,"Williams, Gavin"
668909,SI,201.0,5002.7,0.04017830371599337,"Williams, Gavin"
668909,CH,114.95,5002.7,0.022977592100265856,"Williams, Gavin"
668909,OTHER,0.65,5002.7,0.00012992983788754074,"Williams, Gavin"
668933,FC,2323.45,4490.5,0.5174145418104887,"Ashcraft, Graham"
668933,SL,1627.05,4490.5,0.36233158890992095,"Ashcraft, Graham"
668933,SI,478.5,4490.5,0.10655828972274803,"Ashcraft, Graham"
668933,CH,57.05,4490.5,0.01270459859703819,"Ashcraft, Graham"
668933,FF,4.45,4490.5,0.0009909809598040308,"Ashcraft, Graham"
668941,SI,767.35,2242.55,0.3421774319413168,"Romero, JoJo"
668941,ST,732.0,2242.55,0.3264141267753227,"Romero, JoJo"
668941,CH,491.85,2242.55,0.21932621346235312,"Romero, JoJo"
668941,FF,226.0,2242.55,0.1007781320371898,"Romero, JoJo"
668941,SV,13.0,2242.55,0.0057969721968295015,"Romero, JoJo"
668941,SL,7.5,2242.55,0.0033444070366324048,"Romero, JoJo"
668941,FC,4.85,2242.55,0.0021627165503556216,"Romero, JoJo"
668942,OTHER,46.35,46.35,1.0,"Rojas, Josh"
668943,FF,79.05,186.15,0.4246575342465753,"Miller, Ryan"
668943,SL,75.64999999999999,186.15,0.40639269406392686,"Miller, Ryan"
668943,ST,31.45,186.15,0.1689497716894977,"Miller, Ryan"
668948,FC,103.95,257.85,0.4031413612565445,"McCarty, Kirk"
668948,FF,99.45,257.85,0.3856893542757417,"McCarty, Kirk"
668948,CU,26.1,257.85,0.10122164048865619,"McCarty, Kirk"
668948,CH,19.8,257.85,0.07678883071553229,"McCarty, Kirk"
668948,SL,8.55,257.85,0.03315881326352531,"McCarty, Kirk"
668964,FF,1143.1,2711.2999999999997,0.42160587172205216,"Myers, Tobias"
668964,FC,584.05,2711.2999999999997,0.21541327038689928,"Myers, Tobias"
668964,SL,539.6,2711.2999999999997,0.1990189208128942,"Myers, Tobias"
668964,CH,225.35,2711.2999999999997,0.08311511083244201,"Myers, Tobias"
668964,FS,129.0,2711.2999999999997,0.0475786523070114,"Myers, Tobias"
668964,CU,89.35,2711.2999999999997,0.032954671190941615,"Myers, Tobias"
668964,SI,0.85,2711.2999999999997,0.00031350274775937743,"Myers, Tobias"
668968,SI,192.25,410.75,0.46804625684723067,"Crouse, Hans"
668968,SL,159.2,410.75,0.3875836883749239,"Crouse, Hans"
668968,CH,47.949999999999996,410.75,0.11673767498478392,"Crouse, Hans"
668968,FF,11.35,410.75,0.027632379793061473,"Crouse, Hans"
668970,FF,243.05,657.5,0.3696577946768061,"Hollowell, Gavin"
668970,ST,223.20000000000002,657.5,0.339467680608365,"Hollowell, Gavin"
668970,SI,175.5,657.5,0.26692015209125475,"Hollowell, Gavin"
668970,FC,14.4,657.5,0.021901140684410646,"Hollowell, Gavin"
668970,CH,1.35,657.5,0.0020532319391634983,"Hollowell, Gavin"
668984,FF,590.75,1152.25,0.5126925580386201,"Legumina, Casey"
668984,SI,196.0,1152.25,0.1701019743979171,"Legumina, Casey"
668984,ST,168.25,1152.25,0.1460186591451508,"Legumina, Casey"
668984,CH,139.15,1152.25,0.120763723150358,"Legumina, Casey"
668984,SL,58.1,1152.25,0.050423085267954006,"Legumina, Casey"
669020,FF,315.0,676.0,0.46597633136094674,"Rolison, Ryan"
669020,CU,226.0,676.0,0.3343195266272189,"Rolison, Ryan"
669020,SL,112.0,676.0,0.16568047337278108,"Rolison, Ryan"
669020,CH,23.0,676.0,0.034023668639053255,"Rolison, Ryan"
669022,FF,4052.6,7436.3,0.5449753237497142,"Gore, MacKenzie"
669022,CU,1551.45,7436.3,0.20863198095827226,"Gore, MacKenzie"
669022,SL,736.0500000000001,7436.3,0.09898067587375443,"Gore, MacKenzie"
669022,CH,592.4,7436.3,0.07966327340209513,"Gore, MacKenzie"
669022,FC,482.4,7436.3,0.06487097077847855,"Gore, MacKenzie"
669022,ST,21.4,7436.3,0.0028777752376854078,"Gore, MacKenzie"
669060,SI,1235.2,4129.1,0.2991450921508319,"Wilson, Bryse"
669060,FC,976.2,4129.1,0.23641955874161438,"Wilson, Bryse"
669060,FF,828.15,4129.1,0.20056428761715625,"Wilson, Bryse"
669060,CU,578.6,4129.1,0.14012738853503184,"Wilson, Bryse"
669060,CH,358.05,4129.1,0.08671381172652635,"Wilson, Bryse"
669060,SL,108.15,4129.1,0.026192148410065147,"Wilson, Bryse"
669060,FS,44.75,4129.1,0.010837712818774065,"Wilson, Bryse"
669062,FF,676.8,1500.55,0.451034620639099,"Miller, Erik"
669062,CH,470.9,1500.55,0.31381826663556694,"Miller, Erik"
669062,ST,170.85,1500.55,0.1138582519742761,"Miller, Erik"
669062,SL,105.0,1500.55,0.06997434274099497,"Miller, Erik"
669062,SI,77.0,1500.55,0.05131451801006298,"Miller, Erik"
669084,FF,635.95,1552.85,0.4095373023794958,"Hall, DL"
669084,CH,289.95,1552.85,0.18672119006987153,"Hall, DL"
669084,SL,247.7,1552.85,0.1595131532343755,"Hall, DL"
669084,CU,196.65,1552.85,0.12663811701065783,"Hall, DL"
669084,FC,107.7,1552.85,0.0693563447853946,"Hall, DL"
669084,SI,39.7,1552.85,0.025565894967318162,"Hall, DL"
669084,ST,35.2,1552.85,0.02266799755288663,"Hall, DL"
669093,FF,1330.3,2294.15,0.5798661813743652,"Estrada, Jeremiah"
669093,SL,491.6,2294.15,0.21428415753111174,"Estrada, Jeremiah"
669093,FS,464.35,2294.15,0.20240611991369353,"Estrada, Jeremiah"
669093,CH,4.15,2294.15,0.0018089488481572696,"Estrada, Jeremiah"
669093,CU,2.9000000000000004,2294.15,0.0012640847372665258,"Estrada, Jeremiah"
669093,SI,0.85,2294.15,0.0003705075954057058,"Estrada, Jeremiah"
669105,FF,40.300000000000004,61.75,0.6526315789473685,"Muckenhirn, Zach"
669105,CH,14.950000000000001,61.75,0.24210526315789477,"Muckenhirn, Zach"
669105,SL,6.5,61.75,0.10526315789473684,"Muckenhirn, Zach"
669111,SL,113.45,188.75,0.6010596026490066,"McMillon, John"
669111,FF,74.45,188.75,0.39443708609271527,"McMillon, John"
669111,FC,0.85,188.75,0.004503311258278146,"McMillon, John"
669135,FF,33.3,59.4,0.5606060606060606,"Sceroler, Mac"
669135,FS,12.299999999999999,59.4,0.20707070707070704,"Sceroler, Mac"
669135,CU,7.199999999999999,59.4,0.1212121212121212,"Sceroler, Mac"
669135,SL,6.6,59.4,0.1111111111111111,"Sceroler, Mac"
669145,FF,311.55,1069.4,0.29133158780624646,"Zimmermann, Bruce"
669145,SL,221.55,1069.4,0.20717224611931923,"Zimmermann, Bruce"
669145,CH,211.6,1069.4,0.19786796334393114,"Zimmermann, Bruce"
669145,SI,134.8,1069.4,0.12605199177108659,"Zimmermann, Bruce"
669145,CU,120.35,1069.4,0.11253974191135215,"Zimmermann, Bruce"
669145,FS,38.35,1069.4,0.03586123059659622,"Zimmermann, Bruce"
669145,FC,30.75,1069.4,0.028754441743033474,"Zimmermann, Bruce"
669145,ST,0.45,1069.4,0.00042079670843463623,"Zimmermann, Bruce"
669160,SI,979.55,2915.85,0.3359397774233928,"May, Dustin"
669160,ST,943.3,2915.85,0.3235077250201485,"May, Dustin"
669160,FF,539.4,2915.85,0.18498893976027572,"May, Dustin"
669160,FC,338.25,2915.85,0.1160039096661351,"May, Dustin"
669160,SL,68.95,2915.85,0.023646621053895093,"May, Dustin"
669160,CH,46.4,2915.85,0.01591302707615275,"May, Dustin"
669165,CH,18.85,36.0,0.5236111111111111,"Hurt, Kyle"
669165,FF,17.15,36.0,0.47638888888888886,"Hurt, Kyle"
669169,FF,513.15,1118.65,0.45872256738032446,"Heasley, Jonathan"
669169,CU,209.6,1118.65,0.18736870334778527,"Heasley, Jonathan"
669169,CH,205.0,1118.65,0.1832566039422518,"Heasley, Jonathan"
669169,SL,122.8,1118.65,0.10977517543467571,"Heasley, Jonathan"
669169,ST,65.25,1118.65,0.058329236132838684,"Heasley, Jonathan"
669169,SI,2.85,1118.65,0.0025477137621239885,"Heasley, Jonathan"
669193,FF,25.0,44.0,0.5681818181818182,"Little, Jack"
669193,SL,12.0,44.0,0.2727272727272727,"Little, Jack"
669193,FS,7.0,44.0,0.1590909090909091,"Little, Jack"
669194,FF,3556.45,6115.45,0.5815516437874564,"Nelson, Ryne"
669194,FC,809.85,6115.45,0.1324268860018478,"Nelson, Ryne"
669194,SL,705.45,6115.45,0.1153553704142786,"Nelson, Ryne"
669194,CH,479.95,6115.45,0.07848155082618613,"Nelson, Ryne"
669194,CU,478.25,6115.45,0.07820356637696327,"Nelson, Ryne"
669194,ST,84.85,6115.45,0.013874694421506184,"Nelson, Ryne"
669194,SI,0.65,6115.45,0.00010628817176168557,"Nelson, Ryne"
669199,FF,476.45,1233.85,0.38614904567005714,"Bachar, Lake"
669199,ST,336.5,1233.85,0.272723588766868,"Bachar, Lake"
669199,SL,256.0,1233.85,0.20748064999797383,"Bachar, Lake"
669199,FS,164.9,1233.85,0.13364671556510113,"Bachar, Lake"
669203,FC,4045.7,7813.4,0.5177899505976912,"Burnes, Corbin"
669203,CU,1493.95,7813.4,0.19120357334835028,"Burnes, Corbin"
669203,CH,795.85,7813.4,0.10185706606598921,"Burnes, Corbin"
669203,SL,678.35,7813.4,0.08681879847441576,"Burnes, Corbin"
669203,SI,623.35,7813.4,0.07977960938899839,"Burnes, Corbin"
669203,ST,160.5,7813.4,0.020541633603808843,"Burnes, Corbin"
669203,FF,14.85,7813.4,0.0019005810530626872,"Burnes, Corbin"
669203,OTHER,0.85,7813.4,0.00010878746768372283,"Burnes, Corbin"
669211,FF,1863.25,3441.35,0.5414299620788353,"Akin, Keegan"
669211,SL,993.85,3441.35,0.28879654786638964,"Akin, Keegan"
669211,CH,563.65,3441.35,0.16378746712772604,"Akin, Keegan"
669211,CU,20.599999999999998,3441.35,0.005986022927048977,"Akin, Keegan"
669212,FF,994.9,2233.35,0.44547428750531715,"Morgan, Eli"
669212,CH,614.55,2233.35,0.27516958828665455,"Morgan, Eli"
669212,SL,579.5,2233.35,0.25947567555466006,"Morgan, Eli"
669212,CU,40.05,2233.35,0.017932701994761234,"Morgan, Eli"
669212,FC,4.35,2233.35,0.0019477466586070252,"Morgan, Eli"
669214,SL,51.3,84.89999999999999,0.6042402826855124,"Menez, Conner"
669214,FF,30.15,84.89999999999999,0.3551236749116608,"Menez, Conner"
669214,CU,3.4499999999999997,84.89999999999999,0.04063604240282686,"Menez, Conner"
669270,FF,191.1,677.75,0.2819623755071929,"Kuhnel, Joel"
669270,SI,173.45000000000002,677.75,0.25592032460346736,"Kuhnel, Joel"
669270,SL,155.4,677.75,0.22928808557727776,"Kuhnel, Joel"
669270,CH,101.7,677.75,0.150055330136481,"Kuhnel, Joel"
669270,FC,54.4,677.75,0.08026558465510882,"Kuhnel, Joel"
669270,CU,1.7,677.75,0.0025082995204721505,"Kuhnel, Joel"
669276,SL,1279.7,2403.35,0.5324651007968045,"Lee, Dylan"
669276,FF,840.2,2403.35,0.34959535648157786,"Lee, Dylan"
669276,CH,283.0,2403.35,0.1177523040755612,"Lee, Dylan"
669276,SI,0.45,2403.35,0.0001872386460565461,"Lee, Dylan"
669294,FF,63.0,140.4,0.4487179487179487,"Campbell, Paul"
669294,SL,40.8,140.4,0.29059829059829057,"Campbell, Paul"
669294,CU,26.4,140.4,0.188034188034188,"Campbell, Paul"
669294,CH,8.4,140.4,0.05982905982905983,"Campbell, Paul"
669294,SI,1.7999999999999998,140.4,0.012820512820512818,"Campbell, Paul"
669302,FF,3451.2,8474.9,0.4072260439651205,"Gilbert, Logan"
669302,SL,2575.1,8474.9,0.3038501929226304,"Gilbert, Logan"
669302,FS,1027.1,8474.9,0.12119317042088992,"Gilbert, Logan"
669302,KC,464.05,8474.9,0.054755808328121866,"Gilbert, Logan"
669302,CU,456.09999999999997,8474.9,0.053817744162173005,"Gilbert, Logan"
669302,FC,263.7,8474.9,0.031115411391284854,"Gilbert, Logan"
669302,CH,149.25,8474.9,0.017610827266398423,"Gilbert, Logan"
669302,SI,87.55,8474.9,0.010330505374694687,"Gilbert, Logan"
669302,OTHER,0.85,8474.9,0.00010029616868635619,"Gilbert, Logan"
669308,FF,349.5,685.25,0.5100328347318497,"Reynolds, Sean"
669308,SL,241.3,685.25,0.35213425757022987,"Reynolds, Sean"
669308,ST,56.25,685.25,0.08208682962422474,"Reynolds, Sean"
669308,CH,38.2,685.25,0.055746078073695735,"Reynolds, Sean"
669330,FF,1125.75,2762.15,0.40756294915192876,"Wells, Tyler"
669330,FC,592.05,2762.15,0.21434389877450535,"Wells, Tyler"
669330,CH,498.7,2762.15,0.18054776170736564,"Wells, Tyler"
669330,SL,282.15000000000003,2762.15,0.10214868852162266,"Wells, Tyler"
669330,CU,219.85,2762.15,0.07959379468891986,"Wells, Tyler"
669330,ST,43.65,2762.15,0.015802907155657728,"Wells, Tyler"
669358,FF,1797.8,4002.3,0.44919171476401065,"Baz, Shane"
669358,KC,980.85,4002.3,0.2450715838392924,"Baz, Shane"
669358,CH,436.35,4002.3,0.10902481073382805,"Baz, Shane"
669358,FC,400.0,4002.3,0.09994253304349998,"Baz, Shane"
669358,SL,387.3,4002.3,0.09676935761936886,"Baz, Shane"
669371,FF,489.0,967.0,0.5056876938986556,"Henry, Cole"
669371,ST,318.0,967.0,0.32885211995863495,"Henry, Cole"
669371,SI,98.0,967.0,0.10134436401240951,"Henry, Cole"
669371,FC,35.0,967.0,0.03619441571871768,"Henry, Cole"
669371,CH,27.0,967.0,0.027921406411582212,"Henry, Cole"
669372,SI,1031.15,2012.75,0.5123090299341697,"Ginn, J.T."
669372,SL,542.85,2012.75,0.2697056266302323,"Ginn, J.T."
669372,FC,213.4,2012.75,0.10602409638554217,"Ginn, J.T."
669372,CH,211.75,2012.75,0.10520432244441684,"Ginn, J.T."
669372,FF,13.6,2012.75,0.006756924605639051,"Ginn, J.T."
669373,FF,2523.3,7839.95,0.3218515424205512,"Skubal, Tarik"
669373,CH,1995.95,7839.95,0.25458708282578335,"Skubal, Tarik"
669373,SI,1590.9,7839.95,0.20292221251411044,"Skubal, Tarik"
669373,SL,1357.15,7839.95,0.17310697134548053,"Skubal, Tarik"
669373,CU,344.45,7839.95,0.043935229178757515,"Skubal, Tarik"
669373,FS,25.2,7839.95,0.0032143062136875873,"Skubal, Tarik"
669373,FC,2.1,7839.95,0.0002678588511406323,"Skubal, Tarik"
669373,KC,0.8999999999999999,7839.95,0.0001147966504888424,"Skubal, Tarik"
669387,FF,1066.45,2718.15,0.3923440575391351,"Mlodzinski, Carmen"
669387,SL,401.5,2718.15,0.14771075915604362,"Mlodzinski, Carmen"
669387,ST,354.6,2718.15,0.13045637657965897,"Mlodzinski, Carmen"
669387,FS,246.0,2718.15,0.09050273163732686,"Mlodzinski, Carmen"
669387,SI,238.65,2718.15,0.08779868660669941,"Mlodzinski, Carmen"
669387,FC,203.25,2718.15,0.07477512278571823,"Mlodzinski, Carmen"
669387,CU,146.0,2718.15,0.05371300332947041,"Mlodzinski, Carmen"
669387,CH,61.7,2718.15,0.022699262365947426,"Mlodzinski, Carmen"
669391,FF,78.6,221.85,0.35429344151453684,"White, Owen"
669391,FC,49.05,221.85,0.22109533468559836,"White, Owen"
669391,ST,41.45,221.85,0.1868379535722335,"White, Owen"
669391,CH,15.35,221.85,0.06919089474870407,"White, Owen"
669391,CU,14.15,221.85,0.06378183457290963,"White, Owen"
669391,SI,11.75,221.85,0.052963714221320714,"White, Owen"
669391,SL,11.5,221.85,0.05183682668469687,"White, Owen"
669395,FF,423.3,823.2,0.5142128279883382,"Coleman, Dylan"
669395,ST,246.85,823.2,0.2998663751214771,"Coleman, Dylan"
669395,SL,85.05,823.2,0.10331632653061223,"Coleman, Dylan"
669395,FC,64.7,823.2,0.07859572400388727,"Coleman, Dylan"
669395,SI,3.3,823.2,0.004008746355685131,"Coleman, Dylan"
669422,FF,233.54999999999998,780.6,0.29919292851652574,"Sauer, Matt"
669422,FC,163.0,780.6,0.20881373302587752,"Sauer, Matt"
669422,SI,113.8,780.6,0.14578529336407892,"Sauer, Matt"
669422,SL,96.0,780.6,0.12298232129131437,"Sauer, Matt"
669422,ST,65.45,780.6,0.08384575967204715,"Sauer, Matt"
669422,FS,62.15,780.6,0.0796182423776582,"Sauer, Matt"
669422,CU,46.65,780.6,0.059761721752498075,"Sauer, Matt"
669424,FF,392.95,879.35,0.44686416102803206,"Lambert, Jimmy"
669424,SL,270.0,879.35,0.30704497640302497,"Lambert, Jimmy"
669424,CH,112.65,879.35,0.12810598737703985,"Lambert, Jimmy"
669424,KC,103.3,879.35,0.11747313356456474,"Lambert, Jimmy"
669424,OTHER,0.45,879.35,0.000511741627338375,"Lambert, Jimmy"
669432,FF,2198.1,5223.95,0.4207735525799443,"Rogers, Trevor"
669432,CH,1329.1,5223.95,0.2544243340767044,"Rogers, Trevor"
669432,SI,722.9,5223.95,0.1383818757836503,"Rogers, Trevor"
669432,FC,686.55,5223.95,0.1314235396586874,"Rogers, Trevor"
669432,ST,286.85,5223.95,0.05491055618832493,"Rogers, Trevor"
669432,CU,0.45,5223.95,8.614171268867428e-05,"Rogers, Trevor"
669438,CH,496.1,1620.65,0.30611174528738466,"Englert, Mason"
669438,FF,408.9,1620.65,0.2523061734489248,"Englert, Mason"
669438,SL,266.8,1620.65,0.1646253046617098,"Englert, Mason"
669438,FC,171.5,1620.65,0.10582173819146638,"Englert, Mason"
669438,SI,153.45,1620.65,0.0946842316354549,"Englert, Mason"
669438,CU,64.25,1620.65,0.0396445870484065,"Englert, Mason"
669438,SV,56.65,1620.65,0.03495511060377009,"Englert, Mason"
669438,ST,3.0,1620.65,0.0018511091228827939,"Englert, Mason"
669449,FF,8.0,24.0,0.3333333333333333,"Palisch, Jake"
669449,SL,7.0,24.0,0.2916666666666667,"Palisch, Jake"
669449,CH,5.0,24.0,0.20833333333333334,"Palisch, Jake"
669449,FC,4.0,24.0,0.16666666666666666,"Palisch, Jake"
669450,OTHER,17.0,17.0,1.0,"Hummel, Cooper"
669456,FF,1299.4,3690.55,0.3520884421021257,"Bieber, Shane"
669456,SL,898.6,3690.55,0.24348674316836244,"Bieber, Shane"
669456,KC,675.15,3690.55,0.18294021216349865,"Bieber, Shane"
669456,FC,633.5,3690.55,0.17165463142350054,"Bieber, Shane"
669456,CH,183.45,3690.55,0.049708038097302565,"Bieber, Shane"
669456,SI,0.45,3690.55,0.00012193304521006354,"Bieber, Shane"
669459,SL,576.5,1030.15,0.5596272387516381,"Nelson, Kyle"
669459,FF,340.65000000000003,1030.15,0.33067999805853515,"Nelson, Kyle"
669459,FC,90.5,1030.15,0.08785128379362228,"Nelson, Kyle"
669459,ST,22.05,1030.15,0.021404649808280347,"Nelson, Kyle"
669459,CU,0.45,1030.15,0.0004368295879240887,"Nelson, Kyle"
669461,FF,1355.15,4497.7,0.30129844142561757,"Liberatore, Matthew"
669461,SL,934.55,4497.7,0.2077839784778887,"Liberatore, Matthew"
669461,SI,713.35,4497.7,0.15860328612401894,"Liberatore, Matthew"
669461,CU,670.8,4497.7,0.1491428952575761,"Liberatore, Matthew"
669461,CH,430.4,4497.7,0.09569335438112814,"Liberatore, Matthew"
669461,FC,391.45,4497.7,0.0870333726126687,"Liberatore, Matthew"
669461,OTHER,2.0,4497.7,0.00044467172110189656,"Liberatore, Matthew"
669467,FF,2865.6,5762.95,0.49724533442073937,"Pallante, Andre"
669467,SL,1315.75,5762.95,0.22831188887635673,"Pallante, Andre"
669467,SI,772.5,5762.95,0.13404593133724915,"Pallante, Andre"
669467,KC,585.0,5762.95,0.1015105111097615,"Pallante, Andre"
669467,CU,218.1,5762.95,0.037845200808613644,"Pallante, Andre"
669467,ST,3.0,5762.95,0.0005205667236398026,"Pallante, Andre"
669467,OTHER,2.55,5762.95,0.0004424817150938321,"Pallante, Andre"
669467,CH,0.45,5762.95,7.808500854597039e-05,"Pallante, Andre"
669618,SL,263.85,481.35,0.5481458398254908,"Barlow, Joe"
669618,FF,171.7,481.35,0.35670510023891133,"Barlow, Joe"
669618,CU,41.15,481.35,0.08548872961462553,"Barlow, Joe"
669618,SI,4.65,481.35,0.009660330320972266,"Barlow, Joe"
669620,FF,247.4,503.5,0.4913604766633565,"Basso, Brady"
669620,CU,97.2,503.5,0.19304865938430985,"Basso, Brady"
669620,FC,92.4,503.5,0.18351539225422048,"Basso, Brady"
669620,CH,56.55,503.5,0.11231380337636544,"Basso, Brady"
669620,SI,9.95,503.5,0.019761668321747763,"Basso, Brady"
669622,SI,776.8,1963.6,0.3955999185170096,"Bender, Anthony"
669622,ST,734.95,1963.6,0.3742870238337747,"Bender, Anthony"
669622,SL,338.2,1963.6,0.17223467101242615,"Bender, Anthony"
669622,CH,65.65,1963.6,0.03343348950906499,"Bender, Anthony"
669622,FF,30.15,1963.6,0.015354451008352006,"Bender, Anthony"
669622,FC,17.849999999999998,1963.6,0.00909044611937258,"Bender, Anthony"
669674,FF,986.55,2430.15,0.40596259490154923,"Long, Sam"
669674,CU,592.85,2430.15,0.2439561343949962,"Long, Sam"
669674,SL,447.3,2430.15,0.1840627121782606,"Long, Sam"
669674,CH,153.25,2430.15,0.06306195090838014,"Long, Sam"
669674,FS,152.55,2430.15,0.06277390284550337,"Long, Sam"
669674,SI,89.65,2430.15,0.03689072690986153,"Long, Sam"
669674,ST,8.0,2430.15,0.0032919778614488816,"Long, Sam"
669684,FF,397.40000000000003,1134.5,0.3502864698104892,"Murphy, Chris"
669684,SL,292.75,1134.5,0.25804319083296606,"Murphy, Chris"
669684,CU,280.35,1134.5,0.24711326575583958,"Murphy, Chris"
669684,CH,64.75,1134.5,0.057073600705156456,"Murphy, Chris"
669684,ST,64.6,1134.5,0.05694138386954605,"Murphy, Chris"
669684,SI,28.65,1134.5,0.0252534156015866,"Murphy, Chris"
669684,FS,6.0,1134.5,0.005288673424416042,"Murphy, Chris"
669704,FC,167.0,406.0,0.41133004926108374,"Strowd, Kade"
669704,FF,74.0,406.0,0.18226600985221675,"Strowd, Kade"
669704,SI,62.0,406.0,0.15270935960591134,"Strowd, Kade"
669704,ST,53.0,406.0,0.13054187192118227,"Strowd, Kade"
669704,CU,50.0,406.0,0.12315270935960591,"Strowd, Kade"
669707,OTHER,23.0,23.0,1.0,"Triolo, Jared"
669711,SI,679.0,2190.35,0.3099961193416577,"Weissert, Greg"
669711,FF,603.6,2190.35,0.2755723971054854,"Weissert, Greg"
669711,ST,424.75,2190.35,0.19391878010363642,"Weissert, Greg"
669711,SL,210.75,2190.35,0.09621749948638346,"Weissert, Greg"
669711,CH,198.85,2190.35,0.09078457780719977,"Weissert, Greg"
669711,CU,44.0,2190.35,0.020088113771771634,"Weissert, Greg"
669711,FC,29.4,2190.35,0.013422512383865591,"Weissert, Greg"
669713,ST,913.35,2605.85,0.35049983690542436,"Wesneski, Hayden"
669713,FF,847.4,2605.85,0.32519139628144367,"Wesneski, Hayden"
669713,SI,404.65,2605.85,0.15528522363144462,"Wesneski, Hayden"
669713,FC,264.8,2605.85,0.10161751443866686,"Wesneski, Hayden"
669713,CH,126.05,2605.85,0.04837193238290769,"Wesneski, Hayden"
669713,CU,47.0,2605.85,0.01803634130897788,"Wesneski, Hayden"
669713,SL,2.6,2605.85,0.0009977550511349464,"Wesneski, Hayden"
669717,SL,15.0,26.0,0.5769230769230769,"Wilson, Will"
669717,CH,9.0,26.0,0.34615384615384615,"Wilson, Will"
669717,CU,2.0,26.0,0.07692307692307693,"Wilson, Will"
669721,FF,374.5,756.5,0.4950429610046266,"Daniel, Davis"
669721,SL,158.85,756.5,0.2099801718440185,"Daniel, Davis"
669721,CH,88.7,756.5,0.11725049570389955,"Daniel, Davis"
669721,CU,57.85,756.5,0.07647058823529412,"Daniel, Davis"
669721,FS,56.3,756.5,0.0744216787838731,"Daniel, Davis"
669721,ST,19.0,756.5,0.02511566424322538,"Daniel, Davis"
669721,SI,1.3,756.5,0.0017184401850627892,"Daniel, Davis"
669722,OTHER,14.0,14.0,1.0,"Davidson, Logan"
669724,SI,819.5,1374.7,0.5961300647413981,"Hanifee, Brenan"
669724,SL,283.7,1374.7,0.20637229941078053,"Hanifee, Brenan"
669724,FF,168.95,1374.7,0.12289954171819305,"Hanifee, Brenan"
669724,CH,90.0,1374.7,0.0654688295628137,"Hanifee, Brenan"
669724,ST,7.15,1374.7,0.005201134793045755,"Hanifee, Brenan"
669724,FC,4.55,1374.7,0.0033098130501200257,"Hanifee, Brenan"
669724,OTHER,0.85,1374.7,0.0006183167236487961,"Hanifee, Brenan"
669735,SI,95.39999999999999,151.5,0.6297029702970296,"Rodriguez, Chris"
669735,CU,36.6,151.5,0.2415841584158416,"Rodriguez, Chris"
669735,SL,8.7,151.5,0.05742574257425742,"Rodriguez, Chris"
669735,CH,7.199999999999999,151.5,0.04752475247524752,"Rodriguez, Chris"
669735,FF,3.5999999999999996,151.5,0.02376237623762376,"Rodriguez, Chris"
669742,OTHER,2.7,2.7,1.0,"Hall, Darick"
669796,SL,353.45,618.3000000000001,0.571648067281255,"Hernandez, Jose E."
669796,FF,203.75,618.3000000000001,0.32953258935791685,"Hernandez, Jose E."
669796,CH,61.1,618.3000000000001,0.09881934336082807,"Hernandez, Jose E."
669804,FF,48.15,86.4,0.5572916666666666,"De Jesus, Angel"
669804,SL,35.550000000000004,86.4,0.41145833333333337,"De Jesus, Angel"
669804,CH,2.7,86.4,0.03125,"De Jesus, Angel"
669854,FF,1425.7,3724.1,0.38283075105394593,"Blanco, Ronel"
669854,SL,1240.2,3724.1,0.3330200585376333,"Blanco, Ronel"
669854,CH,671.4,3724.1,0.18028516957117155,"Blanco, Ronel"
669854,CU,386.8,3724.1,0.10386402083724927,"Blanco, Ronel"
669912,SI,270.05,676.35,0.39927552302801805,"Snead, Kirby"
669912,SL,229.35,676.35,0.3390995786205367,"Snead, Kirby"
669912,FF,105.7,676.35,0.15628003252753753,"Snead, Kirby"
669912,CH,71.25,676.35,0.10534486582390774,"Snead, Kirby"
669920,SI,794.75,1774.0,0.4479988726042841,"Alexander, Jason"
669920,CH,491.9,1774.0,0.27728297632468996,"Alexander, Jason"
669920,ST,321.05,1774.0,0.1809751972942503,"Alexander, Jason"
669920,FF,151.3,1774.0,0.08528748590755356,"Alexander, Jason"
669920,FC,13.0,1774.0,0.007328072153325817,"Alexander, Jason"
669920,SL,2.0,1774.0,0.0011273957158962795,"Alexander, Jason"
669923,FF,2620.95,7417.05,0.35336825287681756,"Kirby, George"
669923,SI,1671.15,7417.05,0.22531195016886768,"Kirby, George"
669923,ST,1639.05,7417.05,0.22098408396869373,"Kirby, George"
669923,KC,774.3,7417.05,0.10439460432382146,"Kirby, George"
669923,FS,420.05,7417.05,0.056633027955858464,"Kirby, George"
669923,CH,154.55,7417.05,0.020837125272176946,"Kirby, George"
669923,FC,124.75,7417.05,0.016819355404102707,"Kirby, George"
669923,SL,9.450000000000001,7417.05,0.001274091451453071,"Kirby, George"
669923,OTHER,2.8,7417.05,0.0003775085782083173,"Kirby, George"
669935,FF,107.55,195.6,0.5498466257668712,"Alexy, A.J."
669935,SL,39.9,195.6,0.20398773006134968,"Alexy, A.J."
669935,CH,28.95,195.6,0.14800613496932516,"Alexy, A.J."
669935,CU,19.2,195.6,0.09815950920245399,"Alexy, A.J."
669947,FF,467.2,1094.55,0.426842081220593,"Scholtens, Jesse"
669947,SL,394.85,1094.55,0.36074185738431325,"Scholtens, Jesse"
669947,CU,155.35,1094.55,0.14193047371065734,"Scholtens, Jesse"
669947,ST,36.0,1094.55,0.032890228861175826,"Scholtens, Jesse"
669947,CH,27.95,1094.55,0.025535608240829566,"Scholtens, Jesse"
669947,FS,13.2,1094.55,0.012059750582431136,"Scholtens, Jesse"
669952,FF,631.3,1475.9,0.4277390067077715,"White, Mitch"
669952,ST,333.65,1475.9,0.22606545158886102,"White, Mitch"
669952,CU,256.0,1475.9,0.17345348600853716,"White, Mitch"
669952,SI,113.05,1475.9,0.0765973304424419,"White, Mitch"
669952,SL,108.8,1475.9,0.07371773155362829,"White, Mitch"
669952,CH,33.1,1475.9,0.022426993698760077,"White, Mitch"
670032,OTHER,34.5,34.5,1.0,"Lopez, Nicky"
670036,ST,715.65,1697.75,0.42152849359446326,"Festa, Matt"
670036,FF,695.45,1697.75,0.4096303931674275,"Festa, Matt"
670036,FC,219.75,1697.75,0.12943601825946105,"Festa, Matt"
670036,SI,66.9,1697.75,0.03940509497864821,"Festa, Matt"
670042,OTHER,26.650000000000002,26.650000000000002,1.0,"Raley, Luke"
670046,FF,357.85,782.35,0.4574039752029143,"Rosenberg, Kenny"
670046,CH,274.05,782.35,0.35029079056688184,"Rosenberg, Kenny"
670046,FC,90.9,782.35,0.11618840672333355,"Rosenberg, Kenny"
670046,CU,45.1,782.35,0.05764683325877165,"Rosenberg, Kenny"
670046,SL,9.9,782.35,0.01265418291046207,"Rosenberg, Kenny"
670046,ST,4.55,782.35,0.005815811337636608,"Rosenberg, Kenny"
670050,SI,8.4,22.2,0.3783783783783784,"Ridings, Stephen"
670050,FF,8.1,22.2,0.36486486486486486,"Ridings, Stephen"
670050,SL,5.7,22.2,0.2567567567567568,"Ridings, Stephen"
670056,FF,87.0,107.39999999999999,0.8100558659217878,"Baragar, Caleb"
670056,SL,18.599999999999998,107.39999999999999,0.17318435754189943,"Baragar, Caleb"
670056,CU,1.7999999999999998,107.39999999999999,0.01675977653631285,"Baragar, Caleb"
670057,FF,8.7,13.799999999999999,0.6304347826086957,"Hartman, Ryan"
670057,CH,3.5999999999999996,13.799999999999999,0.2608695652173913,"Hartman, Ryan"
670057,CU,0.8999999999999999,13.799999999999999,0.06521739130434782,"Hartman, Ryan"
670057,SL,0.6,13.799999999999999,0.043478260869565216,"Hartman, Ryan"
670059,SI,755.85,1961.5,0.38534284985980116,"Holderman, Colin"
670059,ST,642.5,1961.5,0.3275554422635738,"Holderman, Colin"
670059,FC,436.1,1961.5,0.22232984960489421,"Holderman, Colin"
670059,SL,86.10000000000001,1961.5,0.043894978332908494,"Holderman, Colin"
670059,FF,29.8,1961.5,0.015192454754014786,"Holderman, Colin"
670059,FS,8.0,1961.5,0.004078511343359674,"Holderman, Colin"
670059,CH,3.15,1961.5,0.0016059138414478715,"Holderman, Colin"
670087,FF,16.8,24.0,0.7000000000000001,"Sittinger, Brandyn"
670087,SL,7.199999999999999,24.0,0.3,"Sittinger, Brandyn"
670090,SI,107.55,295.35,0.3641442356526155,"Mills, Wyatt"
670090,SL,105.6,295.35,0.35754189944134074,"Mills, Wyatt"
670090,FF,82.2,295.35,0.27831386490604365,"Mills, Wyatt"
670097,OTHER,65.0,65.0,1.0,"Short, Zack"
670102,FF,1448.65,2728.7,0.5308938322278008,"Francis, Bowden"
670102,CU,504.85,2728.7,0.18501484223256498,"Francis, Bowden"
670102,FS,477.9,2728.7,0.17513834426650055,"Francis, Bowden"
670102,SL,237.75,2728.7,0.08712940227947374,"Francis, Bowden"
670102,SI,59.1,2728.7,0.02165866529849379,"Francis, Bowden"
670102,CH,0.45,2728.7,0.00016491369516619637,"Francis, Bowden"
670103,SI,10.2,21.25,0.48,"Burgos, Raymond"
670103,CH,5.1,21.25,0.24,"Burgos, Raymond"
670103,ST,3.4,21.25,0.16,"Burgos, Raymond"
670103,FF,2.55,21.25,0.12,"Burgos, Raymond"
670124,FF,592.45,1453.6,0.4075742982938911,"Oller, Adam"
670124,SV,264.2,1453.6,0.1817556411667584,"Oller, Adam"
670124,FC,176.5,1453.6,0.12142267473858008,"Oller, Adam"
670124,CU,142.95,1453.6,0.098342047330765,"Oller, Adam"
670124,CH,128.6,1453.6,0.08847000550357732,"Oller, Adam"
670124,SI,89.8,1453.6,0.06177765547605944,"Oller, Adam"
670124,SL,59.1,1453.6,0.04065767749036874,"Oller, Adam"
670125,SI,4.5,5.8500000000000005,0.7692307692307692,"Hennigan, Jonathan"
670125,SL,0.9,5.8500000000000005,0.15384615384615383,"Hennigan, Jonathan"
670125,CH,0.45,5.8500000000000005,0.07692307692307691,"Hennigan, Jonathan"
670156,OTHER,34.05,34.05,1.0,"Mastrobuoni, Miles"
670161,SL,22.95,43.35,0.5294117647058824,"Dunshee, Parker"
670161,FF,17.0,43.35,0.39215686274509803,"Dunshee, Parker"
670161,CU,3.4,43.35,0.0784313725490196,"Dunshee, Parker"
670167,ST,875.1,2798.1,0.3127479360994961,"Schreiber, John"
670167,FF,804.45,2798.1,0.2874986598048676,"Schreiber, John"
670167,SI,655.15,2798.1,0.23414102426646652,"Schreiber, John"
670167,FC,321.5,2798.1,0.11489939601872699,"Schreiber, John"
670167,CH,141.9,2798.1,0.050712983810442806,"Schreiber, John"
670174,SI,914.9,2652.65,0.3449003826362317,"Winckowski, Josh"
670174,FC,750.25,2652.65,0.2828303771699998,"Winckowski, Josh"
670174,SL,478.95,2652.65,0.18055529376284093,"Winckowski, Josh"
670174,CH,279.05,2652.65,0.10519669010235048,"Winckowski, Josh"
670174,FF,229.5,2652.65,0.08651725632857708,"Winckowski, Josh"
670183,FF,72.25,101.60000000000001,0.7111220472440944,"Acton, Garrett"
670183,SL,18.2,101.60000000000001,0.17913385826771652,"Acton, Garrett"
670183,CH,11.15,101.60000000000001,0.10974409448818898,"Acton, Garrett"
670219,FF,14.45,33.15,0.4358974358974359,"Kristofak, Zac"
670219,SL,11.9,33.15,0.358974358974359,"Kristofak, Zac"
670219,CH,5.1,33.15,0.15384615384615385,"Kristofak, Zac"
670219,CU,1.7,33.15,0.05128205128205128,"Kristofak, Zac"
670223,OTHER,31.45,31.45,1.0,"Mervis, Matt"
670241,FF,148.75,418.65,0.3553087304430909,"Vines, Darius"
670241,CH,117.4,418.65,0.28042517616147145,"Vines, Darius"
670241,FC,94.8,418.65,0.22644213543532785,"Vines, Darius"
670241,SL,45.8,418.65,0.1093992595246626,"Vines, Darius"
670241,CU,11.9,418.65,0.028424698435447274,"Vines, Darius"
670242,OTHER,17.849999999999998,17.849999999999998,1.0,"Wallner, Matt"
670280,FF,1690.4,3254.85,0.5193480498333257,"Bednar, David"
670280,CU,912.05,3254.85,0.2802126058036469,"Bednar, David"
670280,FS,651.75,3254.85,0.2002396423798332,"Bednar, David"
670280,SI,0.65,3254.85,0.00019970198319431003,"Bednar, David"
670288,SI,43.65,76.95,0.567251461988304,"Fishman, Jake"
670288,SL,30.6,76.95,0.39766081871345027,"Fishman, Jake"
670288,FF,2.7,76.95,0.03508771929824561,"Fishman, Jake"
670329,FF,365.0,820.75,0.4447151995126409,"Garcia, Rico"
670329,CH,184.1,820.75,0.22430703624733475,"Garcia, Rico"
670329,CU,151.55,820.75,0.18464818763326227,"Garcia, Rico"
670329,SL,112.0,820.75,0.13646055437100213,"Garcia, Rico"
670329,ST,8.1,820.75,0.009869022235759976,"Garcia, Rico"
670426,FF,27.900000000000002,54.0,0.5166666666666667,"Diehl, Phillip"
670426,SL,25.2,54.0,0.4666666666666667,"Diehl, Phillip"
670426,CH,0.9,54.0,0.016666666666666666,"Diehl, Phillip"
670456,FF,72.0,121.5,0.5925925925925926,"Hammer, JD"
670456,SL,45.3,121.5,0.3728395061728395,"Hammer, JD"
670456,SI,2.6999999999999997,121.5,0.02222222222222222,"Hammer, JD"
670456,CU,1.5,121.5,0.012345679012345678,"Hammer, JD"
670550,FF,11.7,34.199999999999996,0.34210526315789475,"Rodriguez, Nivaldo"
670550,SI,8.1,34.199999999999996,0.2368421052631579,"Rodriguez, Nivaldo"
670550,SL,5.3999999999999995,34.199999999999996,0.15789473684210525,"Rodriguez, Nivaldo"
670550,CH,5.1,34.199999999999996,0.14912280701754388,"Rodriguez, Nivaldo"
670550,CU,3.9,34.199999999999996,0.11403508771929825,"Rodriguez, Nivaldo"
670712,OTHER,39.300000000000004,39.300000000000004,1.0,"Brosseau, Mike"
670766,ST,291.35,777.8,0.3745821547955773,"McCaughan, Darren"
670766,SI,248.5,777.8,0.31949087168938034,"McCaughan, Darren"
670766,FF,133.29999999999998,777.8,0.17138081769092312,"McCaughan, Darren"
670766,CH,90.2,777.8,0.11596811519670867,"McCaughan, Darren"
670766,SL,14.45,777.8,0.018578040627410645,"McCaughan, Darren"
670768,OTHER,38.7,38.7,1.0,"González, Luis"
670810,FF,204.05,478.5,0.4264367816091954,"Gillaspie, Logan"
670810,CH,81.15,478.5,0.16959247648902823,"Gillaspie, Logan"
670810,ST,67.0,478.5,0.1400208986415883,"Gillaspie, Logan"
670810,CU,64.55,478.5,0.1349007314524556,"Gillaspie, Logan"
670810,SL,27.3,478.5,0.05705329153605016,"Gillaspie, Logan"
670810,FC,27.05,478.5,0.05653082549634274,"Gillaspie, Logan"
670810,SI,7.4,478.5,0.015464994775339604,"Gillaspie, Logan"
670871,FF,83.9,230.79999999999998,0.3635181975736569,"Zuñiga, Guillo"
670871,SI,68.85,230.79999999999998,0.2983102253032929,"Zuñiga, Guillo"
670871,SL,56.7,230.79999999999998,0.24566724436741771,"Zuñiga, Guillo"
670871,CH,21.349999999999998,230.79999999999998,0.09250433275563258,"Zuñiga, Guillo"
670912,FF,1356.4,3368.8,0.4026359534552363,"Oviedo, Johan"
670912,SL,1178.9,3368.8,0.3499465685110425,"Oviedo, Johan"
670912,CU,490.8,3368.8,0.14568985989076227,"Oviedo, Johan"
670912,CH,180.3,3368.8,0.053520541439088104,"Oviedo, Johan"
670912,SI,162.4,3368.8,0.04820707670387081,"Oviedo, Johan"
670950,CH,1345.75,2828.9,0.4757149422036834,"Richards, Trevor"
670950,FF,1313.6,2828.9,0.4643501007458729,"Richards, Trevor"
670950,SL,162.3,2828.9,0.057372123440206445,"Richards, Trevor"
670950,SI,7.25,2828.9,0.0025628336102371946,"Richards, Trevor"
670955,FF,848.1,2042.05,0.4153179403050856,"Uceta, Edwin"
670955,CH,757.4,2042.05,0.3709017898680248,"Uceta, Edwin"
670955,FC,313.9,2042.05,0.15371807742219828,"Uceta, Edwin"
670955,ST,58.1,2042.05,0.028451800886364193,"Uceta, Edwin"
670955,CU,43.25,2042.05,0.021179696873240127,"Uceta, Edwin"
670955,SI,21.3,2042.05,0.010430694645087045,"Uceta, Edwin"
670970,SI,948.25,2267.05,0.4182748505767407,"Morejon, Adrian"
670970,SL,574.8,2267.05,0.25354535630003744,"Morejon, Adrian"
670970,FF,473.4,2267.05,0.20881762643082416,"Morejon, Adrian"
670970,OTHER,89.75,2267.05,0.03958889305485101,"Morejon, Adrian"
670970,CH,81.7,2267.05,0.036038022981407555,"Morejon, Adrian"
670970,CU,52.5,2267.05,0.023157848305066054,"Morejon, Adrian"
670970,FC,25.0,2267.05,0.011027546811936215,"Morejon, Adrian"
670970,ST,21.65,2267.05,0.009549855539136762,"Morejon, Adrian"
670990,SI,762.45,2089.9,0.3648260682329298,"Ramírez, Yohan"
670990,ST,602.05,2089.9,0.28807598449686583,"Ramírez, Yohan"
670990,FF,475.45,2089.9,0.22749892339346378,"Ramírez, Yohan"
670990,CU,202.7,2089.9,0.09699028661658451,"Ramírez, Yohan"
670990,SL,23.0,2089.9,0.01100531125891191,"Ramírez, Yohan"
670990,CH,16.25,2089.9,0.007775491650318197,"Ramírez, Yohan"
670990,FC,8.0,2089.9,0.0038279343509258815,"Ramírez, Yohan"
671096,FF,2938.9,5893.1,0.49870187168043983,"Abbott, Andrew"
671096,CH,1051.35,5893.1,0.17840355670190558,"Abbott, Andrew"
671096,ST,1032.25,5893.1,0.17516247815241553,"Abbott, Andrew"
671096,CU,748.1,5893.1,0.12694507135463506,"Abbott, Andrew"
671096,FC,115.0,5893.1,0.019514347287505725,"Abbott, Andrew"
671096,SL,4.25,5893.1,0.0007211823997556463,"Abbott, Andrew"
671096,SI,2.6,5893.1,0.0004411939386740425,"Abbott, Andrew"
671096,OTHER,0.65,5893.1,0.00011029848466851063,"Abbott, Andrew"
671106,FF,2019.55,5441.65,0.3711282423529628,"Allen, Logan"
671106,ST,1195.5,5441.65,0.21969439416353498,"Allen, Logan"
671106,CH,1035.2,5441.65,0.1902364172631463,"Allen, Logan"
671106,FC,630.55,5441.65,0.11587478062719947,"Allen, Logan"
671106,SI,523.05,5441.65,0.09611974309262815,"Allen, Logan"
671106,SL,37.800000000000004,5441.65,0.006946422500528334,"Allen, Logan"
671109,FF,153.7,340.25,0.45172667156502566,"Eder, Jake"
671109,SL,64.35,340.25,0.18912564290962525,"Eder, Jake"
671109,CH,62.35,340.25,0.18324761204996326,"Eder, Jake"
671109,ST,59.0,340.25,0.1734019103600294,"Eder, Jake"
671109,CU,0.85,340.25,0.0024981631153563554,"Eder, Jake"
671111,FF,212.95,639.05,0.333229011814412,"Peralta, Sammy"
671111,CH,160.55,639.05,0.2512322979422581,"Peralta, Sammy"
671111,ST,118.6,639.05,0.18558798216102027,"Peralta, Sammy"
671111,SL,97.3,639.05,0.15225725686565997,"Peralta, Sammy"
671111,SI,49.65,639.05,0.07769345121664972,"Peralta, Sammy"
671131,SI,508.15,1682.05,0.30210160221158705,"Rutledge, Jackson"
671131,SL,427.6,1682.05,0.2542136083945186,"Rutledge, Jackson"
671131,FF,371.2,1682.05,0.22068309503284683,"Rutledge, Jackson"
671131,FC,193.7,1682.05,0.11515709996730181,"Rutledge, Jackson"
671131,FS,137.05,1682.05,0.0814779584435659,"Rutledge, Jackson"
671131,CH,28.6,1682.05,0.017003061740138523,"Rutledge, Jackson"
671131,CU,15.75,1682.05,0.009363574210041319,"Rutledge, Jackson"
671162,SI,31.05,69.2,0.4486994219653179,"Thomas, Connor"
671162,FC,19.0,69.2,0.2745664739884393,"Thomas, Connor"
671162,CH,10.35,69.2,0.1495664739884393,"Thomas, Connor"
671162,ST,6.0,69.2,0.08670520231213873,"Thomas, Connor"
671162,FF,1.45,69.2,0.020953757225433526,"Thomas, Connor"
671162,SL,1.35,69.2,0.019508670520231215,"Thomas, Connor"
671212,FF,1025.25,1911.1,0.536471142274083,"Boyle, Joe"
671212,SL,659.4,1911.1,0.34503688974935903,"Boyle, Joe"
671212,FS,152.0,1911.1,0.07953534613573335,"Boyle, Joe"
671212,CU,45.55,1911.1,0.023834440897912198,"Boyle, Joe"
671212,ST,25.65,1911.1,0.013421589660405003,"Boyle, Joe"
671212,SI,3.25,1911.1,0.0017005912825074564,"Boyle, Joe"
671305,FF,257.55,631.85,0.4076125662736409,"Otañez, Michel"
671305,SL,252.95,631.85,0.4003323573632982,"Otañez, Michel"
671305,SI,121.35,631.85,0.19205507636306085,"Otañez, Michel"
671345,SI,1197.5,1952.5,0.6133162612035852,"Foley, Jason"
671345,SL,447.15,1952.5,0.22901408450704225,"Foley, Jason"
671345,CH,167.75,1952.5,0.08591549295774648,"Foley, Jason"
671345,FF,103.2,1952.5,0.05285531370038413,"Foley, Jason"
671345,ST,36.9,1952.5,0.018898847631241996,"Foley, Jason"
671737,FF,2187.5,5327.55,0.41060149599722195,"Bradley, Taj"
671737,FC,1227.75,5327.55,0.2304530224962694,"Bradley, Taj"
671737,FS,1012.8,5327.55,0.19010614635245093,"Bradley, Taj"
671737,CU,705.85,5327.55,0.13249054443412075,"Bradley, Taj"
671737,SI,193.65,5327.55,0.03634879071993693,"Bradley, Taj"
671790,SI,68.85,181.2,0.3799668874172185,"Bolaños, Ronald"
671790,SL,54.0,181.2,0.2980132450331126,"Bolaños, Ronald"
671790,FF,29.1,181.2,0.16059602649006624,"Bolaños, Ronald"
671790,CU,20.85,181.2,0.11506622516556293,"Bolaños, Ronald"
671790,CH,8.4,181.2,0.04635761589403974,"Bolaños, Ronald"
671922,FF,1532.35,2192.9,0.6987778740480641,"Smith, Cade"
671922,FS,457.45,2192.9,0.20860504354963746,"Smith, Cade"
671922,ST,201.3,2192.9,0.09179625153905786,"Smith, Cade"
671922,SL,1.35,2192.9,0.0006156231474303434,"Smith, Cade"
671922,CH,0.45,2192.9,0.00020520771581011445,"Smith, Cade"
672282,FF,2112.3,5078.85,0.4159012374848637,"Detmers, Reid"
672282,SL,1418.05,5078.85,0.27920690707542056,"Detmers, Reid"
672282,CU,944.35,5078.85,0.1859377615011272,"Detmers, Reid"
672282,CH,388.95,5078.85,0.07658229717357275,"Detmers, Reid"
672282,SI,179.0,5078.85,0.03524419898205302,"Detmers, Reid"
672282,ST,33.5,5078.85,0.00659598137373618,"Detmers, Reid"
672282,OTHER,2.7,5078.85,0.0005316164092264981,"Detmers, Reid"
672335,SI,731.15,2251.7,0.3247102189456855,"Pérez, Cionel"
672335,SV,723.05,2251.7,0.32111293689212594,"Pérez, Cionel"
672335,FF,639.0,2251.7,0.2837855842252521,"Pérez, Cionel"
672335,SL,93.65,2251.7,0.04159079806368522,"Pérez, Cionel"
672335,CU,47.35,2251.7,0.021028556201980728,"Pérez, Cionel"
672335,CH,10.5,2251.7,0.004663143402762358,"Pérez, Cionel"
672335,FC,7.0,2251.7,0.0031087622685082384,"Pérez, Cionel"
672391,FF,912.55,1576.05,0.5790108181847022,"Ort, Kaleb"
672391,ST,374.4,1576.05,0.23755591510421623,"Ort, Kaleb"
672391,FC,178.25,1576.05,0.1130992037054662,"Ort, Kaleb"
672391,CH,110.4,1576.05,0.07004853906919198,"Ort, Kaleb"
672391,OTHER,0.45,1576.05,0.00028552393642333686,"Ort, Kaleb"
672456,FF,1004.65,2814.4,0.3569677373507675,"Montero, Keider"
672456,SL,702.55,2814.4,0.24962691870380896,"Montero, Keider"
672456,SI,400.7,2814.4,0.14237492893689596,"Montero, Keider"
672456,KC,372.4,2814.4,0.13231949971574758,"Montero, Keider"
672456,CH,333.1,2814.4,0.11835559977259807,"Montero, Keider"
672456,ST,1.0,2814.4,0.00035531552018192155,"Montero, Keider"
672552,FF,78.2,149.6,0.5227272727272728,"O'Loughlin, Jack"
672552,SL,32.3,149.6,0.2159090909090909,"O'Loughlin, Jack"
672552,CU,23.8,149.6,0.1590909090909091,"O'Loughlin, Jack"
672552,CH,14.45,149.6,0.09659090909090909,"O'Loughlin, Jack"
672552,ST,0.85,149.6,0.005681818181818182,"O'Loughlin, Jack"
672578,FF,1554.55,2912.35,0.5337785637028517,"Hernández, Carlos"
672578,SL,565.0,2912.35,0.19400140779782651,"Hernández, Carlos"
672578,FS,382.05,2912.35,0.13118272185691968,"Hernández, Carlos"
672578,KC,377.0,2912.35,0.129448726973063,"Hernández, Carlos"
672578,SI,19.15,2912.35,0.006575445945713942,"Hernández, Carlos"
672578,ST,14.6,2912.35,0.005013133723625251,"Hernández, Carlos"
672582,SI,953.25,2427.35,0.39271221702679876,"Zerpa, Angel"
672582,SL,681.9,2427.35,0.2809236410076833,"Zerpa, Angel"
672582,FF,569.95,2427.35,0.23480338640904694,"Zerpa, Angel"
672582,CH,219.4,2427.35,0.09038663563144994,"Zerpa, Angel"
672582,CU,2.55,2427.35,0.0010505283539662595,"Zerpa, Angel"
672582,FC,0.3,2427.35,0.00012359157105485406,"Zerpa, Angel"
672710,FF,1076.55,2580.8,0.4171380967141971,"Contreras, Roansy"
672710,SL,836.85,2580.8,0.3242599194048357,"Contreras, Roansy"
672710,CU,307.6,2580.8,0.11918784872907626,"Contreras, Roansy"
672710,CH,167.65,2580.8,0.06496047737135771,"Contreras, Roansy"
672710,SI,117.2,2580.8,0.04541227526348419,"Contreras, Roansy"
672710,ST,73.64999999999999,2580.8,0.02853766274023558,"Contreras, Roansy"
672710,OTHER,1.3,2580.8,0.0005037197768133912,"Contreras, Roansy"
672715,FF,400.7,850.15,0.4713285890725166,"Patiño, Luis"
672715,SL,239.0,850.15,0.2811268599658884,"Patiño, Luis"
672715,SI,115.05,850.15,0.13532905957772157,"Patiño, Luis"
672715,CH,71.35,850.15,0.08392636593542316,"Patiño, Luis"
672715,CU,24.05,850.15,0.028289125448450275,"Patiño, Luis"
672724,CU,32.0,40.0,0.8,"Peraza, Oswald"
672724,SL,8.0,40.0,0.2,"Peraza, Oswald"
672730,SI,49.4,108.55,0.4550898203592814,"Then, Juan"
672730,CH,24.05,108.55,0.22155688622754494,"Then, Juan"
672730,SL,23.400000000000002,108.55,0.21556886227544914,"Then, Juan"
672730,FF,11.700000000000001,108.55,0.10778443113772457,"Then, Juan"
672782,FF,436.05,1284.4,0.33949704142011833,"Gómez, Yoendrys"
672782,ST,242.85,1284.4,0.18907661164746184,"Gómez, Yoendrys"
672782,SI,212.0,1284.4,0.165057614450327,"Gómez, Yoendrys"
672782,CU,179.25,1284.4,0.13955932731236373,"Gómez, Yoendrys"
672782,CH,101.05,1284.4,0.07867486764247897,"Gómez, Yoendrys"
672782,FC,75.0,1284.4,0.05839302398006851,"Gómez, Yoendrys"
672782,SL,38.2,1284.4,0.029741513547181565,"Gómez, Yoendrys"
672839,FC,21.6,35.550000000000004,0.6075949367088608,"Morales, Francisco"
672839,FF,13.950000000000001,35.550000000000004,0.3924050632911392,"Morales, Francisco"
672841,SI,673.7,1098.95,0.613039719732472,"Vargas, Carlos"
672841,SL,181.0,1098.95,0.16470267073115247,"Vargas, Carlos"
672841,FC,158.95,1098.95,0.14463806360616951,"Vargas, Carlos"
672841,FF,52.3,1098.95,0.04759088220574184,"Vargas, Carlos"
672841,CH,33.0,1098.95,0.03002866372446426,"Vargas, Carlos"
672851,FF,671.9,1355.2,0.49579397874852416,"Adon, Joan"
672851,CU,267.0,1355.2,0.19701889020070837,"Adon, Joan"
672851,CH,161.3,1355.2,0.11902302243211335,"Adon, Joan"
672851,SI,143.8,1355.2,0.10610979929161748,"Adon, Joan"
672851,SL,111.2,1355.2,0.0820543093270366,"Adon, Joan"
672860,SL,182.2,322.45,0.5650488447821368,"Berroa, Prelander"
672860,FF,139.4,322.45,0.43231508761048226,"Berroa, Prelander"
672860,CH,0.85,322.45,0.0026360676073809894,"Berroa, Prelander"
672870,SL,3.15,4.95,0.6363636363636364,"German, Osiris"
672870,FF,0.9,4.95,0.18181818181818182,"German, Osiris"
672870,SI,0.9,4.95,0.18181818181818182,"German, Osiris"
672911,FF,42.75,73.35000000000001,0.5828220858895705,"Cruz, Jesus"
672911,SL,30.6,73.35000000000001,0.4171779141104294,"Cruz, Jesus"
673111,FF,22.1,33.15,0.6666666666666667,"Lopez, José"
673111,CH,7.15,33.15,0.21568627450980393,"Lopez, José"
673111,SL,3.9000000000000004,33.15,0.11764705882352942,"Lopez, José"
673258,FF,6.3,11.25,0.5599999999999999,"Baez, Michel"
673258,CH,3.6,11.25,0.32,"Baez, Michel"
673258,SL,1.35,11.25,0.12000000000000001,"Baez, Michel"
673316,FF,14.4,24.3,0.5925925925925926,"Barker, Luke"
673316,FS,8.1,24.3,0.3333333333333333,"Barker, Luke"
673316,CU,1.8,24.3,0.07407407407407407,"Barker, Luke"
673380,FF,306.8,625.85,0.490213309898538,"Núñez, Dedniel"
673380,SL,301.75,625.85,0.48214428377406726,"Núñez, Dedniel"
673380,CH,16.45,625.85,0.026284253415355115,"Núñez, Dedniel"
673380,CU,0.85,625.85,0.001358152912039626,"Núñez, Dedniel"
673513,FF,752.65,1871.6,0.4021425518273135,"Matsui, Yuki"
673513,FS,532.85,1871.6,0.2847029279760633,"Matsui, Yuki"
673513,SL,407.55,1871.6,0.21775486215003206,"Matsui, Yuki"
673513,ST,152.9,1871.6,0.08169480658260313,"Matsui, Yuki"
673513,SI,16.85,1871.6,0.009002992092327421,"Matsui, Yuki"
673513,CU,8.8,1871.6,0.004701859371660612,"Matsui, Yuki"
673540,FF,1304.15,3807.15,0.3425528282310915,"Senga, Kodai"
673540,OTHER,1001.1,3807.15,0.2629526023403333,"Senga, Kodai"
673540,FC,855.25,3807.15,0.22464310573526128,"Senga, Kodai"
673540,ST,264.6,3807.15,0.06950080769079232,"Senga, Kodai"
673540,SL,186.9,3807.15,0.04909184035301998,"Senga, Kodai"
673540,SI,114.0,3807.15,0.02994365864229148,"Senga, Kodai"
673540,CU,81.15,3807.15,0.02131515700721012,"Senga, Kodai"
673820,SI,26.0,61.0,0.4262295081967213,"Piña, Robinson"
673820,FS,14.0,61.0,0.22950819672131148,"Piña, Robinson"
673820,FF,11.0,61.0,0.18032786885245902,"Piña, Robinson"
673820,SL,10.0,61.0,0.16393442622950818,"Piña, Robinson"
673858,FF,20.8,37.050000000000004,0.5614035087719298,"Wong, Jake"
673858,SL,9.75,37.050000000000004,0.2631578947368421,"Wong, Jake"
673858,CU,5.8500000000000005,37.050000000000004,0.15789473684210525,"Wong, Jake"
673858,CH,0.65,37.050000000000004,0.017543859649122806,"Wong, Jake"
673862,CH,4.5,7.65,0.5882352941176471,"Evanko, Ethan"
673862,CU,1.8,7.65,0.23529411764705882,"Evanko, Ethan"
673862,SL,1.35,7.65,0.17647058823529413,"Evanko, Ethan"
673904,FF,18.0,31.95,0.5633802816901409,"Walsh, Jake"
673904,CU,9.450000000000001,31.95,0.295774647887324,"Walsh, Jake"
673904,CH,2.25,31.95,0.07042253521126761,"Walsh, Jake"
673904,SI,2.25,31.95,0.07042253521126761,"Walsh, Jake"
673929,FF,862.85,1559.3,0.553357275700635,"Leasure, Jordan"
673929,SL,600.75,1559.3,0.3852690309754377,"Leasure, Jordan"
673929,CU,52.699999999999996,1559.3,0.033797216699801194,"Leasure, Jordan"
673929,FS,29.0,1559.3,0.01859808888603861,"Leasure, Jordan"
673929,SI,14.0,1559.3,0.008978387738087604,"Leasure, Jordan"
673965,FF,38.95,77.2,0.5045336787564767,"Freeman, Caleb"
673965,CU,21.45,77.2,0.2778497409326425,"Freeman, Caleb"
673965,SL,16.8,77.2,0.21761658031088082,"Freeman, Caleb"
674003,FF,837.3,1567.25,0.5342478864252671,"Bradford, Cody"
674003,CH,425.4,1567.25,0.27143085021534535,"Bradford, Cody"
674003,CU,119.85,1567.25,0.07647152655925984,"Bradford, Cody"
674003,SL,98.5,1567.25,0.06284893922475673,"Bradford, Cody"
674003,FC,86.2,1567.25,0.05500079757537087,"Bradford, Cody"
674072,FF,856.75,1891.1000000000001,0.45304320236899154,"Henry, Tommy"
674072,CU,377.0,1891.1000000000001,0.19935487282533973,"Henry, Tommy"
674072,CH,323.7,1891.1000000000001,0.1711702183914124,"Henry, Tommy"
674072,SL,246.85,1891.1000000000001,0.13053249431547775,"Henry, Tommy"
674072,SI,86.8,1891.1000000000001,0.04589921209877849,"Henry, Tommy"
674285,SI,502.95,1059.25,0.4748170875619542,"Salazar, Eduardo"
674285,SL,387.75,1059.25,0.36606089214066556,"Salazar, Eduardo"
674285,FF,153.2,1059.25,0.14463063488317204,"Salazar, Eduardo"
674285,CH,14.5,1059.25,0.013688930847297616,"Salazar, Eduardo"
674285,CU,0.85,1059.25,0.0008024545669105499,"Salazar, Eduardo"
674370,FF,1014.35,2807.6,0.36128722040176664,"Bido, Osvaldo"
674370,SL,800.2,2807.6,0.2850121099871777,"Bido, Osvaldo"
674370,SI,431.6,2807.6,0.15372560193759796,"Bido, Osvaldo"
674370,CH,337.45,2807.6,0.12019162273828181,"Bido, Osvaldo"
674370,FC,222.15,2807.6,0.07912451916227384,"Bido, Osvaldo"
674370,OTHER,1.85,2807.6,0.0006589257729021228,"Bido, Osvaldo"
674384,FF,155.0,249.0,0.6224899598393574,"Núñez, Eduarniel"
674384,SL,88.0,249.0,0.3534136546184739,"Núñez, Eduarniel"
674384,CU,6.0,249.0,0.024096385542168676,"Núñez, Eduarniel"
674444,FF,417.85,870.3,0.48012179708146624,"Cruz, Steven"
674444,FC,214.15,870.3,0.24606457543375848,"Cruz, Steven"
674444,SL,199.55,870.3,0.22928875100540047,"Cruz, Steven"
674444,SI,38.75,870.3,0.044524876479374934,"Cruz, Steven"
674681,FF,59.45,99.8,0.5956913827655311,"Plassmeyer, Michael"
674681,CH,25.150000000000002,99.8,0.25200400801603207,"Plassmeyer, Michael"
674681,SL,15.200000000000001,99.8,0.1523046092184369,"Plassmeyer, Michael"
674841,FF,142.0,417.0,0.3405275779376499,"Alvarez, Andrew"
674841,SL,121.0,417.0,0.290167865707434,"Alvarez, Andrew"
674841,CU,113.0,417.0,0.2709832134292566,"Alvarez, Andrew"
674841,CH,22.0,417.0,0.05275779376498801,"Alvarez, Andrew"
674841,SI,19.0,417.0,0.045563549160671464,"Alvarez, Andrew"
674944,SI,151.4,481.3,0.3145647205485144,"Guenther, Sean"
674944,SL,148.55,481.3,0.30864325784334096,"Guenther, Sean"
674944,FS,99.45,481.3,0.20662788281736963,"Guenther, Sean"
674944,FF,72.3,481.3,0.15021815915229586,"Guenther, Sean"
674944,CH,9.6,481.3,0.01994597963847912,"Guenther, Sean"
675512,FF,309.0,727.0,0.4250343878954608,"Melton, Troy"
675512,SL,165.0,727.0,0.22696011004126548,"Melton, Troy"
675512,SI,79.0,727.0,0.10866574965612105,"Melton, Troy"
675512,FC,71.0,727.0,0.09766162310866575,"Melton, Troy"
675512,FS,68.0,727.0,0.09353507565337002,"Melton, Troy"
675512,CU,35.0,727.0,0.048143053645116916,"Melton, Troy"
675540,FF,796.2,1627.15,0.48932182036075345,"Curry, Xzavion"
675540,SL,572.2,1627.15,0.3516578065943521,"Curry, Xzavion"
675540,CU,198.5,1627.15,0.12199244077067264,"Curry, Xzavion"
675540,CH,47.300000000000004,1627.15,0.02906923147835172,"Curry, Xzavion"
675540,FS,9.8,1627.15,0.00602280060228006,"Curry, Xzavion"
675540,ST,2.5,1627.15,0.001536428725071444,"Curry, Xzavion"
675540,OTHER,0.65,1627.15,0.00039947146851857543,"Curry, Xzavion"
675627,SL,683.5,1602.45,0.4265343692470904,"Grove, Michael"
675627,FF,352.3,1602.45,0.2198508533807607,"Grove, Michael"
675627,KC,228.75,1602.45,0.1427501638116634,"Grove, Michael"
675627,SI,179.85,1602.45,0.11223439108864551,"Grove, Michael"
675627,FC,155.45,1602.45,0.09700770694873474,"Grove, Michael"
675627,CH,2.6,1602.45,0.001622515523105245,"Grove, Michael"
675650,FF,151.55,306.0,0.49526143790849675,"Mercado, Michael"
675650,FC,77.1,306.0,0.2519607843137255,"Mercado, Michael"
675650,CU,62.3,306.0,0.20359477124183006,"Mercado, Michael"
675650,FS,10.8,306.0,0.03529411764705882,"Mercado, Michael"
675650,CH,4.25,306.0,0.013888888888888888,"Mercado, Michael"
675848,FF,721.0,1074.0,0.6713221601489758,"Mejia, Juan"
675848,ST,352.0,1074.0,0.32774674115456237,"Mejia, Juan"
675848,CH,1.0,1074.0,0.000931098696461825,"Mejia, Juan"
675911,FF,3018.4,5261.5,0.5736767081630714,"Strider, Spencer"
675911,SL,1748.5,5261.5,0.3323196806994203,"Strider, Spencer"
675911,CH,296.6,5261.5,0.0563717571034876,"Strider, Spencer"
675911,CU,197.35,5261.5,0.037508315119262566,"Strider, Spencer"
675911,OTHER,0.65,5261.5,0.0001235389147581488,"Strider, Spencer"
675912,FF,116.1,216.29999999999998,0.536754507628294,"Lowther, Zac"
675912,CH,38.4,216.29999999999998,0.17753120665742025,"Lowther, Zac"
675912,SL,31.5,216.29999999999998,0.14563106796116507,"Lowther, Zac"
675912,CU,30.3,216.29999999999998,0.1400832177531207,"Lowther, Zac"
675916,FF,649.6,1079.75,0.6016207455429498,"Karinchak, James"
675916,CU,429.5,1079.75,0.3977772632553832,"Karinchak, James"
675916,OTHER,0.65,1079.75,0.0006019912016670526,"Karinchak, James"
675919,ST,13.0,27.0,0.48148148148148145,"Raquet, Nick"
675919,SI,8.0,27.0,0.2962962962962963,"Raquet, Nick"
675919,CH,3.0,27.0,0.1111111111111111,"Raquet, Nick"
675919,FF,3.0,27.0,0.1111111111111111,"Raquet, Nick"
675921,FF,577.35,1100.65,0.5245536728296916,"Howard, Spencer"
675921,SL,261.85,1100.65,0.2379048743924045,"Howard, Spencer"
675921,CH,118.55,1100.65,0.10770908099759233,"Howard, Spencer"
675921,CU,88.6,1100.65,0.0804978876118657,"Howard, Spencer"
675921,FC,33.6,1100.65,0.030527415618043882,"Howard, Spencer"
675921,SI,11.1,1100.65,0.010084949802389496,"Howard, Spencer"
675921,ST,9.6,1100.65,0.008722118748012537,"Howard, Spencer"
675971,FF,5.3999999999999995,6.0,0.8999999999999999,"Dohy, Kyle"
675971,CH,0.6,6.0,0.09999999999999999,"Dohy, Kyle"
675989,FF,172.25,566.95,0.3038186788958462,"Bolton, Cody"
675989,ST,155.4,566.95,0.27409824499514945,"Bolton, Cody"
675989,SI,89.8,566.95,0.1583913925390246,"Bolton, Cody"
675989,FC,78.64999999999999,566.95,0.13872475526942407,"Bolton, Cody"
675989,CH,70.85,566.95,0.12496692830055559,"Bolton, Cody"
676050,FF,133.9,412.0,0.325,"Naughton, Packy"
676050,CH,104.15,412.0,0.25279126213592235,"Naughton, Packy"
676050,SI,92.1,412.0,0.22354368932038834,"Naughton, Packy"
676050,SL,68.1,412.0,0.16529126213592232,"Naughton, Packy"
676050,FC,11.05,412.0,0.026820388349514564,"Naughton, Packy"
676050,CU,2.6999999999999997,412.0,0.0065533980582524265,"Naughton, Packy"
676051,FF,215.4,401.7,0.5362210604929052,"Heuer, Codi"
676051,SL,115.89999999999999,401.7,0.28852377396066714,"Heuer, Codi"
676051,CH,70.1,401.7,0.17450833955688325,"Heuer, Codi"
676051,SI,0.3,401.7,0.0007468259895444361,"Heuer, Codi"
676070,OTHER,6.0,6.0,1.0,"Amaya, Jacob"
676083,FF,787.6,1987.9,0.39619699180039236,"Junk, Janson"
676083,SL,495.65,1987.9,0.24933346747824334,"Junk, Janson"
676083,ST,308.45,1987.9,0.15516374063081642,"Junk, Janson"
676083,CU,239.85,1987.9,0.12065496252326575,"Junk, Janson"
676083,CH,131.35,1987.9,0.06607475225111926,"Junk, Janson"
676083,SI,15.8,1987.9,0.00794808591981488,"Junk, Janson"
676083,FS,9.200000000000001,1987.9,0.004627999396347905,"Junk, Janson"
676092,ST,357.5,1479.25,0.2416765252661822,"Snider, Collin"
676092,FF,345.84999999999997,1479.25,0.23380091262464084,"Snider, Collin"
676092,SI,314.7,1479.25,0.2127429440594896,"Snider, Collin"
676092,FC,217.8,1479.25,0.14723677539293561,"Snider, Collin"
676092,SL,186.8,1479.25,0.12628020956565827,"Snider, Collin"
676092,SV,51.0,1479.25,0.03447693087713368,"Snider, Collin"
676092,CH,5.6,1479.25,0.0037857022139597767,"Snider, Collin"
676103,FF,36.9,60.9,0.6059113300492611,"Jones, Damon"
676103,SL,22.650000000000002,60.9,0.3719211822660099,"Jones, Damon"
676103,CU,0.9,60.9,0.01477832512315271,"Jones, Damon"
676103,SI,0.45,60.9,0.007389162561576355,"Jones, Damon"
676105,FF,129.2,300.9,0.4293785310734463,"Criswell, Jeff"
676105,SL,124.1,300.9,0.4124293785310735,"Criswell, Jeff"
676105,CH,43.35,300.9,0.1440677966101695,"Criswell, Jeff"
676105,CU,4.25,300.9,0.014124293785310736,"Criswell, Jeff"
676106,SI,794.1,2372.0,0.3347807757166948,"Hancock, Emerson"
676106,FF,714.0,2372.0,0.30101180438448566,"Hancock, Emerson"
676106,CH,483.15,2372.0,0.20368887015177065,"Hancock, Emerson"
676106,SL,285.9,2372.0,0.12053119730185496,"Hancock, Emerson"
676106,FC,52.0,2372.0,0.021922428330522766,"Hancock, Emerson"
676106,ST,42.85,2372.0,0.018064924114671164,"Hancock, Emerson"
676130,FF,933.1,2657.7,0.3510930503819092,"Buttó, José"
676130,SL,525.7,2657.7,0.19780261128043047,"Buttó, José"
676130,CH,517.3,2657.7,0.19464198367009067,"Buttó, José"
676130,SI,457.3,2657.7,0.17206607216766379,"Buttó, José"
676130,ST,184.35,2657.7,0.06936448809120668,"Buttó, José"
676130,CU,39.95,2657.7,0.015031794408699253,"Buttó, José"
676194,FF,94.95,164.25,0.578082191780822,"Tetreault, Jackson"
676194,FC,52.2,164.25,0.3178082191780822,"Tetreault, Jackson"
676194,CU,12.6,164.25,0.07671232876712329,"Tetreault, Jackson"
676194,CH,4.5,164.25,0.0273972602739726,"Tetreault, Jackson"
676206,FF,142.45000000000002,321.05,0.4437003581996574,"Tarnok, Freddy"
676206,SL,70.10000000000001,321.05,0.21834605201681984,"Tarnok, Freddy"
676206,CH,57.0,321.05,0.17754243887244978,"Tarnok, Freddy"
676206,CU,42.5,321.05,0.132378134247002,"Tarnok, Freddy"
676206,SI,9.0,321.05,0.028033016664071014,"Tarnok, Freddy"
676220,SI,45.9,66.3,0.6923076923076923,"Elledge, Seth"
676220,SL,19.8,66.3,0.29864253393665163,"Elledge, Seth"
676220,CH,0.6,66.3,0.00904977375565611,"Elledge, Seth"
676254,SI,1499.5,2689.85,0.5574660297042586,"Walker, Ryan"
676254,SL,1170.6,2689.85,0.4351915534323475,"Walker, Ryan"
676254,FF,14.9,2689.85,0.005539342342509805,"Walker, Ryan"
676254,CH,4.0,2689.85,0.0014870717698012902,"Walker, Ryan"
676254,OTHER,0.85,2689.85,0.0003160027510827741,"Walker, Ryan"
676263,SL,518.0,1115.0,0.46457399103139013,"Dreyer, Jack"
676263,FF,504.0,1115.0,0.45201793721973094,"Dreyer, Jack"
676263,CU,93.0,1115.0,0.08340807174887892,"Dreyer, Jack"
676265,FF,465.85,942.8000000000001,0.49411327959270257,"Abbott, Cory"
676265,KC,300.40000000000003,942.8000000000001,0.3186253712346203,"Abbott, Cory"
676265,SL,152.25,942.8000000000001,0.16148705982180736,"Abbott, Cory"
676265,CU,17.7,942.8000000000001,0.018773865082732284,"Abbott, Cory"
676265,CH,6.6,942.8000000000001,0.007000424268137462,"Abbott, Cory"
676272,FF,664.5,2231.4,0.29779510621134714,"Miller, Bobby"
676272,SI,441.95,2231.4,0.19805951420632786,"Miller, Bobby"
676272,CU,426.75,2231.4,0.1912476472169938,"Miller, Bobby"
676272,CH,384.3,2231.4,0.17222371605270234,"Miller, Bobby"
676272,SL,304.35,2231.4,0.13639419198709332,"Miller, Bobby"
676272,ST,9.1,2231.4,0.004078157210719727,"Miller, Bobby"
676272,FC,0.45,2231.4,0.0002016671148158107,"Miller, Bobby"
676282,FF,982.95,2248.35,0.4371872706651545,"Cantillo, Joey"
676282,CH,664.6,2248.35,0.29559454711232686,"Cantillo, Joey"
676282,CU,403.8,2248.35,0.17959837213956903,"Cantillo, Joey"
676282,SL,197.0,2248.35,0.08761981008294972,"Cantillo, Joey"
676391,OTHER,45.5,45.5,1.0,"Clement, Ernie"
676395,FF,991.75,2038.15,0.48659323406029975,"Garcia, Robert"
676395,CH,586.55,2038.15,0.28778549174496476,"Garcia, Robert"
676395,SL,459.0,2038.15,0.2252042293256139,"Garcia, Robert"
676395,SI,0.85,2038.15,0.0004170448691215072,"Garcia, Robert"
676424,FF,38.1,59.699999999999996,0.6381909547738694,"Bettinger, Alec"
676424,CU,10.2,59.699999999999996,0.1708542713567839,"Bettinger, Alec"
676424,FC,5.7,59.699999999999996,0.09547738693467338,"Bettinger, Alec"
676424,SL,3.0,59.699999999999996,0.05025125628140704,"Bettinger, Alec"
676424,CH,2.6999999999999997,59.699999999999996,0.04522613065326633,"Bettinger, Alec"
676428,SI,827.85,1594.9,0.5190607561602608,"Hurter, Brant"
676428,ST,500.1,1594.9,0.31356197880744874,"Hurter, Brant"
676428,CH,172.0,1594.9,0.10784375195937049,"Hurter, Brant"
676428,FF,94.95,1594.9,0.05953351307291993,"Hurter, Brant"
676440,FF,2560.75,6897.05,0.3712819248809273,"Bibee, Tanner"
676440,FC,1666.6,6897.05,0.24163954154312348,"Bibee, Tanner"
676440,CH,1131.75,6897.05,0.16409189436063243,"Bibee, Tanner"
676440,ST,617.85,6897.05,0.08958177771655998,"Bibee, Tanner"
676440,SI,469.65,6897.05,0.06809433018464416,"Bibee, Tanner"
676440,CU,450.45,6897.05,0.06531053131411255,"Bibee, Tanner"
676467,FF,595.0,1451.0,0.4100620261888353,"Gordon, Colton"
676467,ST,396.0,1451.0,0.27291523087525843,"Gordon, Colton"
676467,SI,157.0,1451.0,0.1082012405237767,"Gordon, Colton"
676467,CU,148.0,1451.0,0.1019986216402481,"Gordon, Colton"
676467,CH,114.0,1451.0,0.07856650585802895,"Gordon, Colton"
676467,SL,41.0,1451.0,0.028256374913852515,"Gordon, Colton"
676475,OTHER,22.1,36.25,0.6096551724137932,"Burleson, Alec"
676475,CH,14.15,36.25,0.3903448275862069,"Burleson, Alec"
676477,SI,1416.1,3032.85,0.4669205532749724,"Whitlock, Garrett"
676477,CH,668.65,3032.85,0.22046919564106368,"Whitlock, Garrett"
676477,SL,535.25,3032.85,0.1764841650592677,"Whitlock, Garrett"
676477,ST,226.85,3032.85,0.07479763258980826,"Whitlock, Garrett"
676477,FF,134.45,3032.85,0.04433123959312198,"Whitlock, Garrett"
676477,FC,51.55,3032.85,0.016997213841765994,"Whitlock, Garrett"
676508,ST,435.6,1345.6,0.3237217598097503,"Casparius, Ben"
676508,FF,424.75,1345.6,0.3156584423305589,"Casparius, Ben"
676508,FC,278.95,1345.6,0.2073052913198573,"Casparius, Ben"
676508,CU,189.45,1345.6,0.1407922116527943,"Casparius, Ben"
676508,SI,16.85,1345.6,0.01252229488703924,"Casparius, Ben"
676510,FF,14.0,26.0,0.5384615384615384,"Hoffman, Nolan"
676510,CU,7.0,26.0,0.2692307692307692,"Hoffman, Nolan"
676510,CH,3.0,26.0,0.11538461538461539,"Hoffman, Nolan"
676510,FC,2.0,26.0,0.07692307692307693,"Hoffman, Nolan"
676534,FC,795.2,2375.9,0.3346942211372533,"Faucher, Calvin"
676534,FF,625.55,2375.9,0.2632897007449808,"Faucher, Calvin"
676534,ST,426.9,2375.9,0.17967927943095247,"Faucher, Calvin"
676534,CU,397.25,2375.9,0.16719979797129508,"Faucher, Calvin"
676534,SI,130.0,2375.9,0.05471610758028536,"Faucher, Calvin"
676534,CH,1.0,2375.9,0.00042089313523296435,"Faucher, Calvin"
676546,CU,0.45,1.35,0.3333333333333333,"Gomez, Michael"
676546,FC,0.45,1.35,0.3333333333333333,"Gomez, Michael"
676546,SI,0.45,1.35,0.3333333333333333,"Gomez, Michael"
676568,FF,24.65,38.25,0.6444444444444444,"Vanasco, Ricky"
676568,CU,7.6499999999999995,38.25,0.19999999999999998,"Vanasco, Ricky"
676568,SL,4.25,38.25,0.1111111111111111,"Vanasco, Ricky"
676568,FC,1.7,38.25,0.044444444444444446,"Vanasco, Ricky"
676571,FF,186.0,419.0,0.4439140811455847,"Poulin, PJ"
676571,ST,101.0,419.0,0.24105011933174225,"Poulin, PJ"
676571,CH,94.0,419.0,0.2243436754176611,"Poulin, PJ"
676571,SI,38.0,419.0,0.09069212410501193,"Poulin, PJ"
676596,SI,756.75,1682.0,0.44991082045184305,"Fleming, Josh"
676596,CH,434.05,1682.0,0.25805588585017836,"Fleming, Josh"
676596,FC,273.5,1682.0,0.16260404280618312,"Fleming, Josh"
676596,CU,191.9,1682.0,0.11409036860879905,"Fleming, Josh"
676596,FF,25.8,1682.0,0.015338882282996433,"Fleming, Josh"
676604,FF,183.1,460.55,0.3975681250678536,"Zuber, Tyler"
676604,ST,123.9,460.55,0.2690261643686896,"Zuber, Tyler"
676604,SL,75.1,460.55,0.16306589946802735,"Zuber, Tyler"
676604,SI,30.0,460.55,0.06513950711106285,"Zuber, Tyler"
676604,CH,26.6,460.55,0.05775702963847574,"Zuber, Tyler"
676604,FC,14.35,460.55,0.031158397568125065,"Zuber, Tyler"
676604,CU,7.5,460.55,0.016284876777765713,"Zuber, Tyler"
676606,FF,56.4,77.7,0.7258687258687259,"Margevicius, Nick"
676606,CU,13.799999999999999,77.7,0.17760617760617758,"Margevicius, Nick"
676606,SL,5.1,77.7,0.06563706563706563,"Margevicius, Nick"
676606,FS,2.4,77.7,0.030888030888030885,"Margevicius, Nick"
676609,OTHER,27.0,28.0,0.9642857142857143,"Caballero, José"
676609,CH,1.0,28.0,0.03571428571428571,"Caballero, José"
676614,FF,124.95,317.9,0.393048128342246,"Sammons, Bryan"
676614,FC,80.75,317.9,0.2540106951871658,"Sammons, Bryan"
676614,ST,61.199999999999996,317.9,0.1925133689839572,"Sammons, Bryan"
676614,CH,26.349999999999998,317.9,0.08288770053475936,"Sammons, Bryan"
676614,CU,24.65,317.9,0.07754010695187166,"Sammons, Bryan"
676617,SI,435.7,922.05,0.4725340274388591,"O'Brien, Riley"
676617,SL,267.4,922.05,0.29000596496936176,"O'Brien, Riley"
676617,ST,202.55,922.05,0.2196735534949298,"O'Brien, Riley"
676617,FC,11.85,922.05,0.012851797624857655,"O'Brien, Riley"
676617,CH,3.7,922.05,0.00401279757063066,"O'Brien, Riley"
676617,FF,0.85,922.05,0.0009218589013610975,"O'Brien, Riley"
676632,OTHER,6.5,7.15,0.9090909090909091,"Madris, Bligh"
676632,CU,0.65,7.15,0.09090909090909091,"Madris, Bligh"
676637,SL,49.95,96.75,0.5162790697674419,"Sanders, Phoenix"
676637,FF,24.75,96.75,0.2558139534883721,"Sanders, Phoenix"
676637,KC,22.05,96.75,0.22790697674418606,"Sanders, Phoenix"
676641,FF,60.300000000000004,162.0,0.37222222222222223,"Sulser, Beau"
676641,CH,51.300000000000004,162.0,0.3166666666666667,"Sulser, Beau"
676641,FC,36.9,162.0,0.22777777777777777,"Sulser, Beau"
676641,KC,13.5,162.0,0.08333333333333333,"Sulser, Beau"
676660,SL,35.550000000000004,70.65,0.5031847133757962,"Solomon, Jared"
676660,FF,32.85,70.65,0.46496815286624205,"Solomon, Jared"
676660,SI,1.35,70.65,0.01910828025477707,"Solomon, Jared"
676660,CH,0.9,70.65,0.012738853503184712,"Solomon, Jared"
676661,FF,459.85,827.9,0.555441478439425,"Lazar, Max"
676661,KC,208.1,827.9,0.2513588597656722,"Lazar, Max"
676661,FC,138.1,827.9,0.16680758545718083,"Lazar, Max"
676661,FS,21.0,827.9,0.02536538229254741,"Lazar, Max"
676661,SL,0.85,827.9,0.001026694045174538,"Lazar, Max"
676664,FF,2986.4,7000.0,0.42662857142857147,"Sears, JP"
676664,ST,1547.9,7000.0,0.22112857142857145,"Sears, JP"
676664,CH,1180.8,7000.0,0.16868571428571427,"Sears, JP"
676664,SL,641.75,7000.0,0.09167857142857143,"Sears, JP"
676664,SI,407.9,7000.0,0.05827142857142857,"Sears, JP"
676664,CU,219.25,7000.0,0.03132142857142857,"Sears, JP"
676664,FC,16.0,7000.0,0.002285714285714286,"Sears, JP"
676679,OTHER,31.0,32.0,0.96875,"Vázquez, Luis"
676679,SL,1.0,32.0,0.03125,"Vázquez, Luis"
676680,ST,423.25,825.65,0.5126264155513838,"Cosgrove, Tom"
676680,SI,201.95000000000002,825.65,0.24459516744383217,"Cosgrove, Tom"
676680,FF,198.5,825.65,0.2404166414340217,"Cosgrove, Tom"
676680,CH,1.9500000000000002,825.65,0.00236177557076243,"Cosgrove, Tom"
676684,FF,1815.3,3350.95,0.54172697294797,"Vest, Will"
676684,SL,866.5,3350.95,0.258583386800758,"Vest, Will"
676684,CH,338.9,3350.95,0.10113549888837493,"Vest, Will"
676684,SI,330.25,3350.95,0.0985541413628971,"Vest, Will"
676689,SL,7.15,13.65,0.5238095238095238,"Karcher, Ricky"
676689,FF,5.8500000000000005,13.65,0.4285714285714286,"Karcher, Ricky"
676689,CH,0.65,13.65,0.047619047619047616,"Karcher, Ricky"
676701,OTHER,26.0,32.25,0.8062015503875969,"Trejo, Alan"
676701,CH,6.25,32.25,0.1937984496124031,"Trejo, Alan"
676702,FF,380.15,927.0,0.4100862998921251,"Stratton, Hunter"
676702,FC,298.25,927.0,0.32173678532901834,"Stratton, Hunter"
676702,SL,234.2,927.0,0.25264293419633227,"Stratton, Hunter"
676702,SI,10.4,927.0,0.01121898597626753,"Stratton, Hunter"
676702,FS,4.0,927.0,0.004314994606256742,"Stratton, Hunter"
676709,FF,23.25,53.85,0.43175487465181056,"Tice, Ty"
676709,SL,19.95,53.85,0.3704735376044568,"Tice, Ty"
676709,CU,8.7,53.85,0.16155988857938716,"Tice, Ty"
676709,CH,1.65,53.85,0.03064066852367688,"Tice, Ty"
676709,SI,0.3,53.85,0.005571030640668524,"Tice, Ty"
676710,FF,1559.45,4292.8,0.3632710585165859,"Crawford, Kutter"
676710,FC,1323.35,4292.8,0.30827199030935515,"Crawford, Kutter"
676710,ST,508.15,4292.8,0.11837262392843831,"Crawford, Kutter"
676710,KC,431.55,4292.8,0.100528792396571,"Crawford, Kutter"
676710,FS,321.7,4292.8,0.07493943346999626,"Crawford, Kutter"
676710,SL,117.95,4292.8,0.027476239284383152,"Crawford, Kutter"
676710,CH,30.0,4292.8,0.0069884457696608275,"Crawford, Kutter"
676710,SI,0.65,4292.8,0.00015141632500931794,"Crawford, Kutter"
676714,SL,401.4,881.25,0.4554893617021276,"Hughes, Brandon"
676714,FF,364.75,881.25,0.41390070921985816,"Hughes, Brandon"
676714,SI,110.15,881.25,0.12499290780141845,"Hughes, Brandon"
676714,CH,4.95,881.25,0.005617021276595745,"Hughes, Brandon"
676720,FF,48.15,85.95,0.5602094240837696,"Romero, Tommy"
676720,SL,19.35,85.95,0.22513089005235604,"Romero, Tommy"
676720,FS,18.45,85.95,0.21465968586387432,"Romero, Tommy"
676724,OTHER,11.0,11.0,1.0,"Young, Jared"
676742,FF,77.0,147.0,0.5238095238095238,"Sanders, Cam"
676742,SL,37.0,147.0,0.25170068027210885,"Sanders, Cam"
676742,CH,18.0,147.0,0.12244897959183673,"Sanders, Cam"
676742,ST,15.0,147.0,0.10204081632653061,"Sanders, Cam"
676755,FF,687.5,889.3,0.7730799505228833,"Mattson, Isaac"
676755,CH,111.65,889.3,0.12554818396491624,"Mattson, Isaac"
676755,SL,77.55,889.3,0.08720341841898122,"Mattson, Isaac"
676755,CU,12.6,889.3,0.014168447093219386,"Mattson, Isaac"
676760,FF,688.3,1409.6,0.488294551645857,"Marinaccio, Ron"
676760,CH,490.75,1409.6,0.3481484108967083,"Marinaccio, Ron"
676760,ST,195.1,1409.6,0.13840805902383654,"Marinaccio, Ron"
676760,FC,32.0,1409.6,0.022701475595913737,"Marinaccio, Ron"
676760,OTHER,1.9500000000000002,1409.6,0.0013833711691259934,"Marinaccio, Ron"
676760,SI,1.5,1409.6,0.0010641316685584563,"Marinaccio, Ron"
676766,FF,23.25,32.55,0.7142857142857143,"Snyder, Nick"
676766,SL,7.95,32.55,0.24423963133640555,"Snyder, Nick"
676766,CU,1.35,32.55,0.04147465437788019,"Snyder, Nick"
676775,FS,577.4,1271.05,0.45427009165650445,"Winn, Keaton"
676775,FF,334.6,1271.05,0.2632469218362771,"Winn, Keaton"
676775,SI,237.1,1271.05,0.1865386884858975,"Winn, Keaton"
676775,SL,121.95,1271.05,0.09594429802132096,"Winn, Keaton"
676801,OTHER,54.0,54.0,1.0,"McCormick, Chas"
676831,FF,128.25,242.7,0.5284301606922126,"Whitley, Kodi"
676831,CH,75.45,242.7,0.3108776266996292,"Whitley, Kodi"
676831,SL,38.55,242.7,0.15883807169344868,"Whitley, Kodi"
676831,SI,0.45,242.7,0.001854140914709518,"Whitley, Kodi"
676840,SI,309.45,463.95,0.6669899773682508,"Peacock, Matt"
676840,SL,122.39999999999999,463.95,0.2638215324927255,"Peacock, Matt"
676840,CH,31.2,463.95,0.06724862592951826,"Peacock, Matt"
676840,FF,0.6,463.95,0.0012932428063368898,"Peacock, Matt"
676840,OTHER,0.3,463.95,0.0006466214031684449,"Peacock, Matt"
676879,SI,1069.3,2480.4,0.43109982260925656,"Ashby, Aaron"
676879,CU,473.15,2480.4,0.1907555233026931,"Ashby, Aaron"
676879,SL,450.5,2480.4,0.18162393162393162,"Ashby, Aaron"
676879,CH,418.4,2480.4,0.168682470569263,"Ashby, Aaron"
676879,FF,69.05,2480.4,0.027838251894855667,"Ashby, Aaron"
676886,FF,107.7,181.35,0.5938792390405294,"Beasley, Jeremy"
676886,SL,48.9,181.35,0.2696443341604632,"Beasley, Jeremy"
676886,FS,24.15,181.35,0.13316790736145576,"Beasley, Jeremy"
676886,CU,0.6,181.35,0.0033085194375516956,"Beasley, Jeremy"
676917,KC,254.85,832.55,0.3061077412768002,"Cavalli, Cade"
676917,FF,249.55,832.55,0.29974175725181673,"Cavalli, Cade"
676917,SI,147.35,832.55,0.17698636718515404,"Cavalli, Cade"
676917,CH,112.85,832.55,0.13554741456969552,"Cavalli, Cade"
676917,FC,63.0,832.55,0.07567113086301124,"Cavalli, Cade"
676917,SL,4.95,832.55,0.005945588853522312,"Cavalli, Cade"
676946,OTHER,11.700000000000001,11.700000000000001,1.0,"Batten, Matthew"
676961,SI,225.0,820.25,0.27430661383724475,"Boushley, Caleb"
676961,FF,159.85,820.25,0.19487960987503808,"Boushley, Caleb"
676961,FC,151.7,820.25,0.18494361475160012,"Boushley, Caleb"
676961,CH,103.95,820.25,0.12672965559280708,"Boushley, Caleb"
676961,SL,101.55,820.25,0.12380371837854312,"Boushley, Caleb"
676961,CU,66.4,820.25,0.08095092959463579,"Boushley, Caleb"
676961,ST,11.8,820.25,0.014385857970131059,"Boushley, Caleb"
676962,FF,1353.25,2346.25,0.5767714437932872,"Brown, Ben"
676962,KC,905.1,2346.25,0.3857645178476292,"Brown, Ben"
676962,CH,87.9,2346.25,0.03746403835908365,"Brown, Ben"
676969,SI,252.4,485.2,0.5201978565539984,"de Geus, Brett"
676969,FC,110.5,485.2,0.2277411376751855,"de Geus, Brett"
676969,KC,107.1,485.2,0.22073371805441055,"de Geus, Brett"
676969,FS,11.65,485.2,0.024010717230008246,"de Geus, Brett"
676969,FF,2.3499999999999996,485.2,0.004843363561417971,"de Geus, Brett"
676969,CH,1.2,485.2,0.00247320692497939,"de Geus, Brett"
676974,SL,682.5,1808.85,0.3773115515382702,"Meyer, Max"
676974,FF,552.85,1808.85,0.30563617768195267,"Meyer, Max"
676974,CH,321.9,1808.85,0.1779583713409072,"Meyer, Max"
676974,SI,143.75,1808.85,0.07947038173425104,"Meyer, Max"
676974,ST,107.85,1808.85,0.059623517704618954,"Meyer, Max"
676979,FF,2496.75,5606.1,0.4453630866377695,"Crochet, Garrett"
676979,FC,1435.05,5606.1,0.2559800931128592,"Crochet, Garrett"
676979,ST,806.4,5606.1,0.14384331353347246,"Crochet, Garrett"
676979,SI,563.05,5606.1,0.10043524018479869,"Crochet, Garrett"
676979,CH,291.55,5606.1,0.05200585076969729,"Crochet, Garrett"
676979,SL,11.299999999999999,5606.1,0.0020156615115677562,"Crochet, Garrett"
676979,FS,1.0,5606.1,0.00017837712491750057,"Crochet, Garrett"
676979,OTHER,1.0,5606.1,0.00017837712491750057,"Crochet, Garrett"
677020,FF,192.0,417.1,0.46032126588348116,"Walker, Josh"
677020,SL,165.5,417.1,0.39678734116518816,"Walker, Josh"
677020,SI,57.65,417.1,0.1382162550947015,"Walker, Josh"
677020,CH,1.9500000000000002,417.1,0.0046751378566291055,"Walker, Josh"
677053,FF,941.9,1535.6,0.6133758791351914,"Nardi, Andrew"
677053,ST,563.6,1535.6,0.367022662151602,"Nardi, Andrew"
677053,CH,19.15,1535.6,0.01247069549361813,"Nardi, Andrew"
677053,SL,10.95,1535.6,0.007130763219588434,"Nardi, Andrew"
677076,FF,28.150000000000002,69.3,0.40620490620490624,"Andrews, Clayton"
677076,CH,26.5,69.3,0.3823953823953824,"Andrews, Clayton"
677076,SL,11.65,69.3,0.16810966810966813,"Andrews, Clayton"
677076,SI,3.0,69.3,0.043290043290043295,"Andrews, Clayton"
677161,FF,446.5,1581.7,0.28229120566479105,"Kelly, Zack"
677161,FC,366.55,1581.7,0.23174432572548523,"Kelly, Zack"
677161,ST,332.4,1581.7,0.21015363216792057,"Kelly, Zack"
677161,CH,313.85,1581.7,0.19842574445217173,"Kelly, Zack"
677161,SI,87.0,1581.7,0.05500410950243409,"Kelly, Zack"
677161,SL,26.7,1581.7,0.01688057153695391,"Kelly, Zack"
677161,CU,6.0,1581.7,0.0037933868622368337,"Kelly, Zack"
677161,OTHER,2.7,1581.7,0.0017070240880065752,"Kelly, Zack"
677649,OTHER,16.0,19.0,0.8421052631578947,"Duran, Ezequiel"
677649,SL,2.0,19.0,0.10526315789473684,"Duran, Ezequiel"
677649,CU,1.0,19.0,0.05263157894736842,"Duran, Ezequiel"
677651,FF,946.1,2269.45,0.41688514838396973,"Garcia, Luis"
677651,FC,647.85,2269.45,0.2854656414549781,"Garcia, Luis"
677651,ST,234.05,2269.45,0.10313071449029503,"Garcia, Luis"
677651,CU,218.0,2269.45,0.09605851638062086,"Garcia, Luis"
677651,CH,207.5,2269.45,0.09143184472008638,"Garcia, Luis"
677651,SL,9.9,2269.45,0.004362290422789663,"Garcia, Luis"
677651,SI,6.05,2269.45,0.0026658441472603494,"Garcia, Luis"
677865,FC,291.05,829.8,0.35074716799228733,"Bruihl, Justin"
677865,ST,274.3,829.8,0.3305615811038805,"Bruihl, Justin"
677865,SI,264.45,829.8,0.31869125090383227,"Bruihl, Justin"
677944,FF,1678.05,3479.05,0.482329946393412,"Cecconi, Slade"
677944,SL,716.55,3479.05,0.20596139750794037,"Cecconi, Slade"
677944,CU,470.4,3479.05,0.13520932438453023,"Cecconi, Slade"
677944,CH,299.35,3479.05,0.08604360385737486,"Cecconi, Slade"
677944,SI,227.0,3479.05,0.06524769692875929,"Cecconi, Slade"
677944,FC,69.85,3479.05,0.02007731995803452,"Cecconi, Slade"
677944,ST,8.55,3479.05,0.0024575674393871893,"Cecconi, Slade"
677944,FS,8.450000000000001,3479.05,0.002428823960563947,"Cecconi, Slade"
677944,OTHER,0.85,3479.05,0.0002443195699975568,"Cecconi, Slade"
677952,SL,344.0,1102.0,0.3121597096188748,"Ashcraft, Braxton"
677952,FF,327.0,1102.0,0.2967332123411978,"Ashcraft, Braxton"
677952,CU,232.0,1102.0,0.21052631578947367,"Ashcraft, Braxton"
677952,SI,163.0,1102.0,0.14791288566243194,"Ashcraft, Braxton"
677952,CH,36.0,1102.0,0.032667876588021776,"Ashcraft, Braxton"
677955,SI,194.95,617.35,0.31578521098242485,"Hill, Jaden"
677955,CH,155.7,617.35,0.25220701384951805,"Hill, Jaden"
677955,SL,141.95,617.35,0.22993439701951887,"Hill, Jaden"
677955,FF,123.75,617.35,0.2004535514699927,"Hill, Jaden"
677955,OTHER,1.0,617.35,0.0016198266785453956,"Hill, Jaden"
677958,SI,315.6,1238.3,0.25486554146814183,"Rocker, Kumar"
677958,FC,286.0,1238.3,0.2309618024711298,"Rocker, Kumar"
677958,FF,283.05,1238.3,0.22857950415892758,"Rocker, Kumar"
677958,SL,218.4,1238.3,0.17637083097795367,"Rocker, Kumar"
677958,CU,72.7,1238.3,0.05870952111766131,"Rocker, Kumar"
677958,CH,62.55,1238.3,0.0505127998061859,"Rocker, Kumar"
677960,FF,1401.05,2985.75,0.469245583186804,"Weathers, Ryan"
677960,CH,683.1,2985.75,0.22878673700075358,"Weathers, Ryan"
677960,ST,516.45,2985.75,0.17297161517206733,"Weathers, Ryan"
677960,SI,203.85,2985.75,0.06827430293896006,"Weathers, Ryan"
677960,SL,181.29999999999998,2985.75,0.06072176170141505,"Weathers, Ryan"
677961,SI,14.0,39.0,0.358974358974359,"Wilcox, Cole"
677961,SL,10.0,39.0,0.2564102564102564,"Wilcox, Cole"
677961,FF,9.0,39.0,0.23076923076923078,"Wilcox, Cole"
677961,ST,6.0,39.0,0.15384615384615385,"Wilcox, Cole"
677976,SI,167.85,385.05,0.43591741332294504,"Dobnak, Randy"
677976,SL,124.64999999999999,385.05,0.3237241916634203,"Dobnak, Randy"
677976,CH,70.35,385.05,0.18270354499415659,"Dobnak, Randy"
677976,FF,21.349999999999998,385.05,0.05544734450071419,"Dobnak, Randy"
677976,FC,0.85,385.05,0.002207505518763797,"Dobnak, Randy"
678011,OTHER,11.0,11.0,1.0,"Seigler, Anthony"
678020,FF,424.15,773.3,0.5484934695461011,"Halvorsen, Seth"
678020,FS,203.5,773.3,0.26315789473684215,"Halvorsen, Seth"
678020,SL,144.8,773.3,0.18724945040734517,"Halvorsen, Seth"
678020,OTHER,0.85,773.3,0.0010991853097116256,"Halvorsen, Seth"
678022,FF,267.0,637.0,0.41915227629513346,"Perkins, Jack"
678022,ST,209.0,637.0,0.3281004709576138,"Perkins, Jack"
678022,FC,90.0,637.0,0.141287284144427,"Perkins, Jack"
678022,CH,66.0,637.0,0.10361067503924647,"Perkins, Jack"
678022,CU,5.0,637.0,0.007849293563579277,"Perkins, Jack"
678024,SI,650.0,1613.0,0.402975821450713,"Vasil, Mike"
678024,ST,261.0,1613.0,0.16181029138251704,"Vasil, Mike"
678024,FF,229.0,1613.0,0.14197148171109733,"Vasil, Mike"
678024,CU,200.0,1613.0,0.12399256044637322,"Vasil, Mike"
678024,CH,193.0,1613.0,0.11965282083075016,"Vasil, Mike"
678024,FC,80.0,1613.0,0.04959702417854929,"Vasil, Mike"
678061,FF,301.65,642.7,0.4693480628598101,"Kerr, Ray"
678061,CU,284.5,642.7,0.44266376225299514,"Kerr, Ray"
678061,FS,29.85,642.7,0.046444686478917065,"Kerr, Ray"
678061,FC,24.45,642.7,0.03804263264353508,"Kerr, Ray"
678061,SI,2.25,642.7,0.003500855764742492,"Kerr, Ray"
678215,SL,75.0,170.0,0.4411764705882353,"Arias, Luarbert"
678215,FF,54.0,170.0,0.3176470588235294,"Arias, Luarbert"
678215,FS,28.0,170.0,0.16470588235294117,"Arias, Luarbert"
678215,SI,13.0,170.0,0.07647058823529412,"Arias, Luarbert"
678226,SL,602.0,1074.15,0.5604431410883023,"Hernández, Daysbel"
678226,FF,466.2,1074.15,0.43401759530791784,"Hernández, Daysbel"
678226,SI,5.95,1074.15,0.005539263603779733,"Hernández, Daysbel"
678316,FF,50.0,81.0,0.6172839506172839,"Cruz, Omar"
678316,CH,21.0,81.0,0.25925925925925924,"Cruz, Omar"
678316,CU,9.0,81.0,0.1111111111111111,"Cruz, Omar"
678316,SL,1.0,81.0,0.012345679012345678,"Cruz, Omar"
678368,FF,709.35,2180.9,0.3252556284102893,"Bellozo, Valente"
678368,FC,673.75,2180.9,0.30893209225549084,"Bellozo, Valente"
678368,CH,320.2,2180.9,0.14682012013388968,"Bellozo, Valente"
678368,ST,288.9,2180.9,0.13246824705396854,"Bellozo, Valente"
678368,CU,171.6,2180.9,0.07868311247650052,"Bellozo, Valente"
678368,FS,17.1,2180.9,0.007840799669861067,"Bellozo, Valente"
678394,SI,2629.55,7107.45,0.36997094597921903,"Bello, Brayan"
678394,CH,1523.8,7107.45,0.21439475479954131,"Bello, Brayan"
678394,ST,1240.65,7107.45,0.17455627545744257,"Bello, Brayan"
678394,FF,954.65,7107.45,0.13431680841933463,"Bello, Brayan"
678394,FC,452.7,7107.45,0.06369372981871135,"Bello, Brayan"
678394,SL,303.85,7107.45,0.042750916292059744,"Bello, Brayan"
678394,CU,2.25,7107.45,0.00031656923369140834,"Bello, Brayan"
678495,FF,792.95,1519.15,0.5219695224303064,"Rodríguez, Randy"
678495,SL,639.5,1519.15,0.4209590889642234,"Rodríguez, Randy"
678495,SI,45.05,1519.15,0.029654741138136455,"Rodríguez, Randy"
678495,CH,41.65,1519.15,0.027416647467333705,"Rodríguez, Randy"
678606,SI,1110.4,1935.95,0.573568532245151,"Ferrer, José A."
678606,CH,418.8,1935.95,0.2163279010305018,"Ferrer, José A."
678606,FF,286.05,1935.95,0.14775691520958703,"Ferrer, José A."
678606,SL,111.6,1935.95,0.05764611689351481,"Ferrer, José A."
678606,FC,9.1,1935.95,0.004700534621245383,"Ferrer, José A."
678692,FF,431.3,1461.0,0.2952087611225188,"Henriquez, Ronny"
678692,SL,383.65,1461.0,0.26259411362080765,"Henriquez, Ronny"
678692,ST,320.0,1461.0,0.2190280629705681,"Henriquez, Ronny"
678692,CH,296.4,1461.0,0.2028747433264887,"Henriquez, Ronny"
678692,SI,29.65,1461.0,0.0202943189596167,"Henriquez, Ronny"
678821,FF,404.45,564.85,0.7160308046383995,"Peralta, Luis"
678821,CU,151.55,564.85,0.2683013189342303,"Peralta, Luis"
678821,CH,8.85,564.85,0.0156678764273701,"Peralta, Luis"
678906,ST,247.35,688.6,0.35920708684286956,"Teng, Kai-Wei"
678906,FF,149.8,688.6,0.21754284054603545,"Teng, Kai-Wei"
678906,SI,122.0,688.6,0.17717107173976182,"Teng, Kai-Wei"
678906,CU,107.05,688.6,0.15546035434214348,"Teng, Kai-Wei"
678906,CH,62.4,688.6,0.09061864652918966,"Teng, Kai-Wei"
679033,SI,5.8500000000000005,10.35,0.5652173913043479,"Zapata, Juan"
679033,FF,3.15,10.35,0.30434782608695654,"Zapata, Juan"
679033,CH,0.9,10.35,0.08695652173913045,"Zapata, Juan"
679033,SL,0.45,10.35,0.04347826086956522,"Zapata, Juan"
679156,SL,114.75,280.5,0.4090909090909091,"Pennington, Walter"
679156,SI,85.0,280.5,0.30303030303030304,"Pennington, Walter"
679156,FC,75.64999999999999,280.5,0.26969696969696966,"Pennington, Walter"
679156,FF,5.1,280.5,0.01818181818181818,"Pennington, Walter"
679346,SI,60.45,97.5,0.62,"Navarro, Edgar"
679346,SL,34.45,97.5,0.3533333333333334,"Navarro, Edgar"
679346,CH,2.6,97.5,0.02666666666666667,"Navarro, Edgar"
679358,FS,347.0,716.7,0.484163527277801,"Orze, Eric"
679358,FF,189.3,716.7,0.2641272498953537,"Orze, Eric"
679358,SL,180.4,716.7,0.25170922282684527,"Orze, Eric"
679525,FF,1004.15,2709.15,0.3706513112969012,"Marsh, Alec"
679525,CU,431.75,2709.15,0.15936732923610727,"Marsh, Alec"
679525,SL,413.9,2709.15,0.15277854677666425,"Marsh, Alec"
679525,SI,316.55,2709.15,0.11684476680877766,"Marsh, Alec"
679525,CH,313.6,2709.15,0.11575586438550838,"Marsh, Alec"
679525,ST,229.2,2709.15,0.08460218149604119,"Marsh, Alec"
679775,SI,273.0,430.0,0.6348837209302326,"Backhus, Kyle"
679775,ST,116.0,430.0,0.26976744186046514,"Backhus, Kyle"
679775,CH,41.0,430.0,0.09534883720930233,"Backhus, Kyle"
679777,FF,3.6,7.65,0.47058823529411764,"Mikolajchak, Nick"
679777,CH,1.35,7.65,0.17647058823529413,"Mikolajchak, Nick"
679777,FC,1.35,7.65,0.17647058823529413,"Mikolajchak, Nick"
679777,SL,1.35,7.65,0.17647058823529413,"Mikolajchak, Nick"
679845,OTHER,4.25,6.8,0.625,"Loftin, Nick"
679845,SL,1.7,6.8,0.25,"Loftin, Nick"
679845,CU,0.85,6.8,0.125,"Loftin, Nick"
679883,CU,71.0,217.0,0.3271889400921659,"Avila, Luinder"
679883,FF,63.0,217.0,0.2903225806451613,"Avila, Luinder"
679883,SI,52.0,217.0,0.23963133640552994,"Avila, Luinder"
679883,SL,25.0,217.0,0.1152073732718894,"Avila, Luinder"
679883,CH,6.0,217.0,0.027649769585253458,"Avila, Luinder"
679885,SI,524.9499999999999,1394.85,0.3763487113309675,"Martinez, Justin"
679885,FS,330.45,1394.85,0.2369071943219701,"Martinez, Justin"
679885,FF,275.45,1394.85,0.19747643115747213,"Martinez, Justin"
679885,SL,264.0,1394.85,0.1892676631895903,"Martinez, Justin"
679922,FF,12.0,27.0,0.4444444444444444,"Duran, Carlos"
679922,SI,9.0,27.0,0.3333333333333333,"Duran, Carlos"
679922,SL,6.0,27.0,0.2222222222222222,"Duran, Carlos"
680232,FF,22.1,48.75,0.45333333333333337,"Wolf, Jackson"
680232,SL,16.25,48.75,0.3333333333333333,"Wolf, Jackson"
680232,CH,10.4,48.75,0.21333333333333335,"Wolf, Jackson"
680430,FF,2.1,4.2,0.5,"Allgeyer, Nick"
680430,CU,1.5,4.2,0.35714285714285715,"Allgeyer, Nick"
680430,CH,0.6,4.2,0.14285714285714285,"Allgeyer, Nick"
680570,FF,1406.4,2893.35,0.4860801493078957,"Rodriguez, Grayson"
680570,CH,622.35,2893.35,0.21509668723106434,"Rodriguez, Grayson"
680570,CU,345.1,2893.35,0.11927350648901794,"Rodriguez, Grayson"
680570,SL,262.75,2893.35,0.09081168887275995,"Rodriguez, Grayson"
680570,ST,196.95000000000002,2893.35,0.06806988439006688,"Rodriguez, Grayson"
680570,FC,59.800000000000004,2893.35,0.020668083709195227,"Rodriguez, Grayson"
680572,SI,8.5,12.75,0.6666666666666666,"Kloffenstein, Adam"
680572,CU,3.4,12.75,0.26666666666666666,"Kloffenstein, Adam"
680572,FC,0.85,12.75,0.06666666666666667,"Kloffenstein, Adam"
680573,FF,1699.45,3945.7999999999997,0.4306984641897714,"Woods Richardson, Simeon"
680573,SL,1137.6,3945.7999999999997,0.2883065538040448,"Woods Richardson, Simeon"
680573,CH,488.05,3945.7999999999997,0.12368847888894521,"Woods Richardson, Simeon"
680573,CU,433.7,3945.7999999999997,0.10991433929748087,"Woods Richardson, Simeon"
680573,FS,187.0,3945.7999999999997,0.04739216381975772,"Woods Richardson, Simeon"
680604,FC,20.0,50.0,0.4,"Castaño, Blas"
680604,CH,16.0,50.0,0.32,"Castaño, Blas"
680604,ST,6.0,50.0,0.12,"Castaño, Blas"
680604,FF,5.0,50.0,0.1,"Castaño, Blas"
680604,SI,3.0,50.0,0.06,"Castaño, Blas"
680684,FF,196.0,547.0,0.3583180987202925,"Hoglund, Gunnar"
680684,CH,126.0,547.0,0.2303473491773309,"Hoglund, Gunnar"
680684,ST,95.0,547.0,0.1736745886654479,"Hoglund, Gunnar"
680684,SI,91.0,547.0,0.1663619744058501,"Hoglund, Gunnar"
680684,SL,39.0,547.0,0.0712979890310786,"Hoglund, Gunnar"
680686,FF,916.35,3441.9500000000003,0.2662298987492555,"Gray, Josiah"
680686,SL,890.5,3441.9500000000003,0.2587196211449905,"Gray, Josiah"
680686,CU,676.85,3441.9500000000003,0.19664724937898573,"Gray, Josiah"
680686,SI,426.95,3441.9500000000003,0.12404305698804455,"Gray, Josiah"
680686,FC,335.40000000000003,3441.9500000000003,0.09744476241665335,"Gray, Josiah"
680686,ST,113.3,3441.9500000000003,0.03291738694635308,"Gray, Josiah"
680686,CH,82.15,3441.9500000000003,0.02386728453347666,"Gray, Josiah"
680686,OTHER,0.45,3441.9500000000003,0.00013073984224059036,"Gray, Josiah"
680689,CH,344.15,911.25,0.3776680384087791,"Richardson, Lyon"
680689,FF,233.0,911.25,0.25569272976680385,"Richardson, Lyon"
680689,SI,224.3,911.25,0.2461454046639232,"Richardson, Lyon"
680689,CU,88.4,911.25,0.09700960219478738,"Richardson, Lyon"
680689,SL,21.4,911.25,0.023484224965706447,"Richardson, Lyon"
680692,FF,2.6999999999999997,4.5,0.6,"Stiever, Jonathan"
680692,CH,1.2,4.5,0.26666666666666666,"Stiever, Jonathan"
680692,SL,0.6,4.5,0.13333333333333333,"Stiever, Jonathan"
680694,SL,1130.85,3679.1,0.3073713679976081,"Bradish, Kyle"
680694,FF,960.45,3679.1,0.26105569296838904,"Bradish, Kyle"
680694,SI,836.05,3679.1,0.227243075752222,"Bradish, Kyle"
680694,CU,574.75,3679.1,0.15622027126199342,"Bradish, Kyle"
680694,CH,176.35,3679.1,0.04793291837677693,"Bradish, Kyle"
680694,OTHER,0.65,3679.1,0.00017667364301051887,"Bradish, Kyle"
680701,ST,14.0,23.0,0.6086956521739131,"Rooney, John"
680701,SI,5.0,23.0,0.21739130434782608,"Rooney, John"
680701,FF,4.0,23.0,0.17391304347826086,"Rooney, John"
680702,FF,45.0,64.0,0.703125,"Gerber, Joey"
680702,SL,18.0,64.0,0.28125,"Gerber, Joey"
680702,CH,1.0,64.0,0.015625,"Gerber, Joey"
680704,SL,952.7,2219.35,0.4292698312568996,"Sandlin, Nick"
680704,FF,561.45,2219.35,0.2529794759726947,"Sandlin, Nick"
680704,SI,381.85,2219.35,0.1720548809336067,"Sandlin, Nick"
680704,FS,321.7,2219.35,0.14495235091355577,"Sandlin, Nick"
680704,OTHER,1.65,2219.35,0.000743460923243292,"Sandlin, Nick"
680723,FF,193.05,436.15000000000003,0.4426229508196721,"Rom, Drew"
680723,SI,105.3,436.15000000000003,0.24143070044709386,"Rom, Drew"
680723,ST,103.35000000000001,436.15000000000003,0.23695976154992549,"Rom, Drew"
680723,FS,34.45,436.15000000000003,0.07898658718330849,"Rom, Drew"
680729,SL,85.0,167.0,0.5089820359281437,"McDaniels, Garrett"
680729,SI,72.0,167.0,0.4311377245508982,"McDaniels, Garrett"
680729,CU,6.0,167.0,0.03592814371257485,"McDaniels, Garrett"
680729,FF,4.0,167.0,0.023952095808383235,"McDaniels, Garrett"
680730,FF,2441.8,4655.4,0.5245091721441767,"Parker, Mitchell"
680730,CU,1043.7,4655.4,0.2241912617605362,"Parker, Mitchell"
680730,FS,658.3,4655.4,0.14140567942604287,"Parker, Mitchell"
680730,SL,511.6,4655.4,0.10989388666924434,"Parker, Mitchell"
680732,FF,1103.25,2565.65,0.4300079901779276,"Burke, Sean"
680732,KC,614.45,2565.65,0.23949096720129404,"Burke, Sean"
680732,SL,566.8,2565.65,0.22091867557928788,"Burke, Sean"
680732,CH,169.15,2565.65,0.06592871202229454,"Burke, Sean"
680732,SI,112.0,2565.65,0.043653655019195915,"Burke, Sean"
680735,FF,334.65000000000003,802.7,0.4169054441260745,"Cox, Austin"
680735,SL,144.85,802.7,0.18045346954030148,"Cox, Austin"
680735,CU,132.2,802.7,0.16469415721938455,"Cox, Austin"
680735,FC,87.8,802.7,0.10938083966612681,"Cox, Austin"
680735,CH,57.2,802.7,0.07125949919023296,"Cox, Austin"
680735,FS,44.0,802.7,0.054814999377102276,"Cox, Austin"
680735,SI,2.0,802.7,0.002491590880777376,"Cox, Austin"
680736,FF,609.5,1595.2,0.38208375125376126,"Wrobleski, Justin"
680736,SL,342.4,1595.2,0.21464393179538613,"Wrobleski, Justin"
680736,SI,237.75,1595.2,0.14904087261785356,"Wrobleski, Justin"
680736,FC,154.0,1595.2,0.09653961885656971,"Wrobleski, Justin"
680736,CU,147.55,1595.2,0.09249623871614845,"Wrobleski, Justin"
680736,CH,61.5,1595.2,0.0385531594784353,"Wrobleski, Justin"
680736,ST,42.5,1595.2,0.026642427281845536,"Wrobleski, Justin"
680739,FF,326.40000000000003,984.5,0.3315388522092433,"Winder, Josh"
680739,SL,312.3,984.5,0.31721686135093957,"Winder, Josh"
680739,CH,188.65,984.5,0.19162011173184357,"Winder, Josh"
680739,CU,94.75,984.5,0.0962417470797359,"Winder, Josh"
680739,ST,33.3,984.5,0.03382427628237684,"Winder, Josh"
680739,SI,29.1,984.5,0.029558151345860845,"Winder, Josh"
680742,FF,282.95,821.2,0.3445567462250365,"Bowlan, Jonathan"
680742,SL,253.0,821.2,0.3080857282026303,"Bowlan, Jonathan"
680742,SI,141.45,821.2,0.1722479298587433,"Bowlan, Jonathan"
680742,CU,78.3,821.2,0.09534827082318557,"Bowlan, Jonathan"
680742,CH,65.5,821.2,0.07976132489040429,"Bowlan, Jonathan"
680744,FF,152.15,370.59999999999997,0.41055045871559637,"Madden, Ty"
680744,SL,68.0,370.59999999999997,0.1834862385321101,"Madden, Ty"
680744,FC,66.3,370.59999999999997,0.17889908256880735,"Madden, Ty"
680744,FS,53.55,370.59999999999997,0.1444954128440367,"Madden, Ty"
680744,SI,17.0,370.59999999999997,0.045871559633027525,"Madden, Ty"
680744,KC,13.6,370.59999999999997,0.03669724770642202,"Madden, Ty"
680755,SL,321.0,844.0,0.3803317535545024,"Fisher, Braydon"
680755,CU,309.0,844.0,0.36611374407582936,"Fisher, Braydon"
680755,FF,188.0,844.0,0.22274881516587677,"Fisher, Braydon"
680755,FC,25.0,844.0,0.02962085308056872,"Fisher, Braydon"
680755,OTHER,1.0,844.0,0.001184834123222749,"Fisher, Braydon"
680767,FF,1267.75,2098.95,0.6039924724266896,"Vodnik, Victor"
680767,CH,435.45,2098.95,0.20746087329378976,"Vodnik, Victor"
680767,SL,344.9,2098.95,0.16432025536577813,"Vodnik, Victor"
680767,FC,46.0,2098.95,0.02191571976464423,"Vodnik, Victor"
680767,SI,4.85,2098.95,0.0023106791490983586,"Vodnik, Victor"
680837,OTHER,11.0,24.0,0.4583333333333333,"Fitzgerald, Ryan"
680837,SL,11.0,24.0,0.4583333333333333,"Fitzgerald, Ryan"
680837,CU,2.0,24.0,0.08333333333333333,"Fitzgerald, Ryan"
680862,OTHER,18.0,18.0,1.0,"MacIver, Willie"
680863,FC,0.9,0.9,1.0,"Mullen, Sean"
680880,FF,310.75,624.2,0.49783723165652033,"Holman, Grant"
680880,FS,228.45,624.2,0.3659884652355014,"Holman, Grant"
680880,SL,84.0,624.2,0.13457225248317845,"Holman, Grant"
680880,OTHER,1.0,624.2,0.0016020506247997435,"Holman, Grant"
680885,FF,1000.4,3086.95,0.32407392409983965,"Schwellenbach, Spencer"
680885,SL,590.75,3086.95,0.1913701226129351,"Schwellenbach, Spencer"
680885,FC,433.3,3086.95,0.1403650852783492,"Schwellenbach, Spencer"
680885,FS,403.7,3086.95,0.13077633262605484,"Schwellenbach, Spencer"
680885,CU,400.75,3086.95,0.12982069680428904,"Schwellenbach, Spencer"
680885,SI,258.05,3086.95,0.08359383857853221,"Schwellenbach, Spencer"
680891,FF,44.199999999999996,83.3,0.5306122448979591,"Neely, Jack"
680891,SL,39.1,83.3,0.46938775510204084,"Neely, Jack"
680897,FF,283.05,623.9,0.45367847411444145,"Nastrini, Nick"
680897,SL,226.1,623.9,0.36239782016348776,"Nastrini, Nick"
680897,CH,61.199999999999996,623.9,0.09809264305177111,"Nastrini, Nick"
680897,CU,53.55,623.9,0.08583106267029973,"Nastrini, Nick"
680911,OTHER,31.45,31.45,1.0,"Miller, Owen"
680951,FF,50.0,108.0,0.46296296296296297,"Nikhazy, Doug"
680951,SL,31.0,108.0,0.28703703703703703,"Nikhazy, Doug"
680951,CU,12.0,108.0,0.1111111111111111,"Nikhazy, Doug"
680951,CH,8.0,108.0,0.07407407407407407,"Nikhazy, Doug"
680951,ST,6.0,108.0,0.05555555555555555,"Nikhazy, Doug"
680951,OTHER,1.0,108.0,0.009259259259259259,"Nikhazy, Doug"
680983,SI,9.75,23.400000000000002,0.41666666666666663,"Cáceres, Kelvin"
680983,CU,9.1,23.400000000000002,0.38888888888888884,"Cáceres, Kelvin"
680983,CH,3.9000000000000004,23.400000000000002,0.16666666666666666,"Cáceres, Kelvin"
680983,FF,0.65,23.400000000000002,0.027777777777777776,"Cáceres, Kelvin"
681006,ST,158.0,613.0,0.25774877650897227,"Simpson, Josh"
681006,CU,145.0,613.0,0.2365415986949429,"Simpson, Josh"
681006,SI,136.0,613.0,0.22185970636215335,"Simpson, Josh"
681006,FF,72.0,613.0,0.11745513866231648,"Simpson, Josh"
681006,CH,67.0,613.0,0.10929853181076672,"Simpson, Josh"
681006,SL,35.0,613.0,0.057096247960848286,"Simpson, Josh"
681035,FF,353.59999999999997,668.9499999999999,0.5285895806861499,"Scott, Christian"
681035,ST,125.8,668.9499999999999,0.1880559085133418,"Scott, Christian"
681035,SL,118.14999999999999,668.9499999999999,0.17662007623888185,"Scott, Christian"
681035,FS,69.7,668.9499999999999,0.10419313850063534,"Scott, Christian"
681035,FC,1.7,668.9499999999999,0.0025412960609911056,"Scott, Christian"
681066,FF,141.95,278.8,0.5091463414634145,"Bush, Ky"
681066,SL,68.0,278.8,0.24390243902439024,"Bush, Ky"
681066,CU,41.65,278.8,0.14939024390243902,"Bush, Ky"
681066,CH,27.2,278.8,0.09756097560975609,"Bush, Ky"
681146,OTHER,114.0,114.0,1.0,"Bride, Jonah"
681151,FF,83.0,176.0,0.4715909090909091,"Murray, Jayden"
681151,SI,39.0,176.0,0.2215909090909091,"Murray, Jayden"
681151,ST,34.0,176.0,0.19318181818181818,"Murray, Jayden"
681151,FC,10.0,176.0,0.056818181818181816,"Murray, Jayden"
681151,CH,6.0,176.0,0.03409090909090909,"Murray, Jayden"
681151,CU,4.0,176.0,0.022727272727272728,"Murray, Jayden"
681168,SL,131.0,325.0,0.40307692307692305,"Curvelo, Luis"
681168,FF,101.0,325.0,0.31076923076923074,"Curvelo, Luis"
681168,SI,75.0,325.0,0.23076923076923078,"Curvelo, Luis"
681168,CH,18.0,325.0,0.055384615384615386,"Curvelo, Luis"
681190,FF,958.95,3924.8,0.24433092132083165,"Vásquez, Randy"
681190,FC,780.35,3924.8,0.19882541785568691,"Vásquez, Randy"
681190,SI,727.05,3924.8,0.18524510803098246,"Vásquez, Randy"
681190,CU,536.95,3924.8,0.13680951895637994,"Vásquez, Randy"
681190,ST,505.1,3924.8,0.1286944557684468,"Vásquez, Randy"
681190,CH,367.85,3924.8,0.09372452099470037,"Vásquez, Randy"
681190,SL,48.55,3924.8,0.01237005707297187,"Vásquez, Randy"
681217,FF,432.05,1156.6,0.37355178972851466,"Silseth, Chase"
681217,FS,223.05,1156.6,0.1928497319730244,"Silseth, Chase"
681217,ST,222.1,1156.6,0.1920283589832267,"Silseth, Chase"
681217,SI,136.75,1156.6,0.11823448037350857,"Silseth, Chase"
681217,SL,66.0,1156.6,0.05706380771226008,"Silseth, Chase"
681217,FC,49.2,1156.6,0.042538474840048426,"Silseth, Chase"
681217,CU,26.45,1156.6,0.022868753242261803,"Silseth, Chase"
681217,CH,1.0,1156.6,0.0008646031471554557,"Silseth, Chase"
681293,FF,1035.3,2660.25,0.3891739498167465,"Arrighetti, Spencer"
681293,CU,544.3,2660.25,0.20460483037308522,"Arrighetti, Spencer"
681293,FC,485.34999999999997,2660.25,0.18244525890423832,"Arrighetti, Spencer"
681293,ST,301.5,2660.25,0.11333521285593459,"Arrighetti, Spencer"
681293,CH,231.75,2660.25,0.08711587256836763,"Arrighetti, Spencer"
681293,SI,59.5,2660.25,0.022366318954985434,"Arrighetti, Spencer"
681293,SL,2.55,2660.25,0.0009585565266422328,"Arrighetti, Spencer"
681343,FF,1089.0,2419.0,0.45018602728400164,"Smith, Shane"
681343,CH,406.0,2419.0,0.16783794956593634,"Smith, Shane"
681343,CU,353.0,2419.0,0.14592806945018602,"Smith, Shane"
681343,SI,300.0,2419.0,0.12401818933443572,"Smith, Shane"
681343,SL,268.0,2419.0,0.1107895824720959,"Smith, Shane"
681343,ST,3.0,2419.0,0.0012401818933443572,"Smith, Shane"
681347,FF,633.45,1594.8,0.3971971407072988,"Burrows, Mike"
681347,CH,380.3,1594.8,0.23846250313518938,"Burrows, Mike"
681347,SL,305.1,1594.8,0.19130925507900678,"Burrows, Mike"
681347,CU,188.95,1594.8,0.11847880611988963,"Burrows, Mike"
681347,SI,87.0,1594.8,0.0545522949586155,"Burrows, Mike"
681402,FF,336.4,634.65,0.5300559363428662,"Varland, Gus"
681402,SL,260.15,634.65,0.40991097455290315,"Varland, Gus"
681402,CH,31.9,634.65,0.05026392499803041,"Varland, Gus"
681402,SI,6.2,634.65,0.009769164106200268,"Varland, Gus"
681432,FF,353.1,520.75,0.6780604896783485,"Little, Luke"
681432,ST,161.7,520.75,0.31051368218915026,"Little, Luke"
681432,FS,5.1,520.75,0.009793566970715314,"Little, Luke"
681432,SI,0.85,520.75,0.0016322611617858858,"Little, Luke"
681464,FF,26.1,37.800000000000004,0.6904761904761905,"German, Frank"
681464,SL,10.8,37.800000000000004,0.2857142857142857,"German, Frank"
681464,CH,0.9,37.800000000000004,0.023809523809523808,"German, Frank"
681517,FF,679.0,1956.45,0.3470571698740065,"Leahy, Kyle"
681517,SL,438.0,1956.45,0.22387487541209844,"Leahy, Kyle"
681517,CU,279.35,1956.45,0.14278412430678014,"Leahy, Kyle"
681517,ST,278.7,1956.45,0.14245188990262975,"Leahy, Kyle"
681517,CH,180.4,1956.45,0.09220782539804237,"Leahy, Kyle"
681517,SI,101.0,1956.45,0.05162411510644279,"Leahy, Kyle"
681584,OTHER,5.2,5.2,1.0,"Villar, David"
681603,FF,1.8,2.7,0.6666666666666666,"Garcia, Carlos"
681603,SL,0.9,2.7,0.3333333333333333,"Garcia, Carlos"
681676,SL,721.1999999999999,1506.35,0.4787731934809307,"Fernandez, Ryan"
681676,FF,597.95,1506.35,0.3969528993925715,"Fernandez, Ryan"
681676,FC,138.4,1506.35,0.09187771766189798,"Fernandez, Ryan"
681676,CH,42.0,1506.35,0.027881966342483487,"Fernandez, Ryan"
681676,SI,5.95,1506.35,0.0039499452318518275,"Fernandez, Ryan"
681676,OTHER,0.85,1506.35,0.0005642778902645467,"Fernandez, Ryan"
681751,FF,58.0,119.0,0.48739495798319327,"Estrada, Lazaro"
681751,SL,41.0,119.0,0.3445378151260504,"Estrada, Lazaro"
681751,CU,13.0,119.0,0.1092436974789916,"Estrada, Lazaro"
681751,FS,7.0,119.0,0.058823529411764705,"Estrada, Lazaro"
681799,ST,342.55,626.55,0.5467241241720534,"Roberts, Ethan"
681799,FC,236.05,626.55,0.37674567073657333,"Roberts, Ethan"
681799,SI,42.15,626.55,0.06727316255685899,"Roberts, Ethan"
681799,CU,4.95,626.55,0.007900406990663156,"Roberts, Ethan"
681799,FF,0.85,626.55,0.0013566355438512489,"Roberts, Ethan"
681806,FF,420.65000000000003,976.3000000000001,0.43086141554849944,"Wantz, Andrew"
681806,FC,232.65,976.3000000000001,0.23829765440950526,"Wantz, Andrew"
681806,ST,230.3,976.3000000000001,0.23589060739526785,"Wantz, Andrew"
681806,CH,58.45,976.3000000000001,0.05986889275837345,"Wantz, Andrew"
681806,SL,23.099999999999998,976.3000000000001,0.0236607600122913,"Wantz, Andrew"
681806,SI,11.15,976.3000000000001,0.011420669876062686,"Wantz, Andrew"
681807,OTHER,46.800000000000004,46.800000000000004,1.0,"Fry, David"
681808,ST,4.55,7.15,0.6363636363636364,"Vallimont, Chris"
681808,FF,1.9500000000000002,7.15,0.27272727272727276,"Vallimont, Chris"
681808,CH,0.65,7.15,0.09090909090909091,"Vallimont, Chris"
681810,SI,136.1,518.45,0.26251326068087566,"Warren, Austin"
681810,FF,122.4,518.45,0.23608834024496092,"Warren, Austin"
681810,ST,108.9,518.45,0.21004918507088435,"Warren, Austin"
681810,SL,88.2,518.45,0.1701224804706336,"Warren, Austin"
681810,FC,48.9,518.45,0.09431960651943291,"Warren, Austin"
681810,CH,12.95,518.45,0.0249783007040216,"Warren, Austin"
681810,CU,1.0,518.45,0.0019288263091908572,"Warren, Austin"
681857,SL,1016.75,3836.05,0.26505128973814207,"Olson, Reese"
681857,FF,938.55,3836.05,0.24466573689081214,"Olson, Reese"
681857,SI,829.15,3836.05,0.2161468176900718,"Olson, Reese"
681857,CH,824.2,3836.05,0.21485642783592498,"Olson, Reese"
681857,CU,222.4,3836.05,0.05797630374995112,"Olson, Reese"
681857,ST,5.0,3836.05,0.0013034240950978218,"Olson, Reese"
681867,SI,658.95,2151.25,0.3063102847181871,"Criswell, Cooper"
681867,ST,542.5,2151.25,0.25217896571760606,"Criswell, Cooper"
681867,CH,519.05,2151.25,0.24127832655432885,"Criswell, Cooper"
681867,FC,376.5,2151.25,0.17501452643811738,"Criswell, Cooper"
681867,SL,54.25,2151.25,0.025217896571760604,"Criswell, Cooper"
681869,FF,554.35,1376.8,0.4026365485183033,"Dubin, Shawn"
681869,CU,211.9,1376.8,0.15390761185357352,"Dubin, Shawn"
681869,CH,204.85,1376.8,0.1487870424171993,"Dubin, Shawn"
681869,ST,172.7,1376.8,0.1254357931435212,"Dubin, Shawn"
681869,FC,149.3,1376.8,0.10843986054619409,"Dubin, Shawn"
681869,SI,83.7,1376.8,0.060793143521208605,"Dubin, Shawn"
681870,FF,461.9,702.3,0.657696141250178,"Sabrowski, Erik"
681870,CU,123.35,702.3,0.17563719208315534,"Sabrowski, Erik"
681870,SL,117.05,702.3,0.16666666666666669,"Sabrowski, Erik"
681871,FF,32.3,60.35,0.5352112676056338,"Villalobos, Eli"
681871,SL,18.7,60.35,0.30985915492957744,"Villalobos, Eli"
681871,FS,9.35,60.35,0.15492957746478872,"Villalobos, Eli"
681882,SI,251.70000000000002,593.25,0.4242730720606827,"Selby, Colin"
681882,SL,158.05,593.25,0.2664138221660346,"Selby, Colin"
681882,KC,125.15,593.25,0.2109565950273915,"Selby, Colin"
681882,FF,58.35,593.25,0.09835651074589127,"Selby, Colin"
681885,FF,38.7,74.25,0.5212121212121212,"Lee, Evan"
681885,CU,31.05,74.25,0.4181818181818182,"Lee, Evan"
681885,CH,4.5,74.25,0.06060606060606061,"Lee, Evan"
681892,FC,467.25,1375.1,0.33979346956584977,"Funderburk, Kody"
681892,SI,368.45,1375.1,0.26794414951639883,"Funderburk, Kody"
681892,ST,350.1,1375.1,0.2545996654788743,"Funderburk, Kody"
681892,CH,111.3,1375.1,0.0809395680314159,"Funderburk, Kody"
681892,SL,78.0,1375.1,0.05672314740746128,"Funderburk, Kody"
681895,SI,103.0,329.0,0.3130699088145897,"Sisk, Evan"
681895,ST,88.0,329.0,0.2674772036474164,"Sisk, Evan"
681895,FF,66.0,329.0,0.2006079027355623,"Sisk, Evan"
681895,CU,34.0,329.0,0.1033434650455927,"Sisk, Evan"
681895,FC,34.0,329.0,0.1033434650455927,"Sisk, Evan"
681895,SL,4.0,329.0,0.0121580547112462,"Sisk, Evan"
681911,FF,1922.75,3066.5,0.6270177727050383,"Vesia, Alex"
681911,SL,987.7,3066.5,0.32209359204304583,"Vesia, Alex"
681911,CH,153.9,3066.5,0.05018751019077124,"Vesia, Alex"
681911,SI,2.15,3066.5,0.0007011250611446274,"Vesia, Alex"
681916,FF,82.0,165.0,0.49696969696969695,"Smith, Dylan"
681916,ST,56.0,165.0,0.3393939393939394,"Smith, Dylan"
681916,FS,15.0,165.0,0.09090909090909091,"Smith, Dylan"
681916,SI,12.0,165.0,0.07272727272727272,"Smith, Dylan"
681962,OTHER,32.0,32.0,1.0,"Capra, Vinny"
681982,FF,557.65,1909.25,0.2920780411156213,"Anderson, Grant"
681982,SI,478.15,1909.25,0.250438653921697,"Anderson, Grant"
681982,ST,424.0,1909.25,0.22207673170092967,"Anderson, Grant"
681982,SL,350.1,1909.25,0.18337043341626294,"Anderson, Grant"
681982,CH,87.45,1909.25,0.04580332591331675,"Anderson, Grant"
681982,FC,11.9,1909.25,0.006232813932172319,"Anderson, Grant"
681987,OTHER,23.75,28.3,0.8392226148409894,"Eaton, Nate"
681987,SL,2.6,28.3,0.09187279151943463,"Eaton, Nate"
681987,CH,1.9500000000000002,28.3,0.06890459363957598,"Eaton, Nate"
682010,SL,113.10000000000001,221.0,0.511764705882353,"Ramsey, Lane"
682010,FF,107.25,221.0,0.4852941176470588,"Ramsey, Lane"
682010,SI,0.65,221.0,0.0029411764705882353,"Ramsey, Lane"
682016,FF,9.450000000000001,13.950000000000001,0.6774193548387097,"Woods, William"
682016,SL,2.7,13.950000000000001,0.1935483870967742,"Woods, William"
682016,FC,1.8,13.950000000000001,0.12903225806451613,"Woods, William"
682027,SI,3.15,7.2,0.4375,"Alldred, Cam"
682027,SL,2.7,7.2,0.375,"Alldred, Cam"
682027,CH,0.9,7.2,0.125,"Alldred, Cam"
682027,FF,0.45,7.2,0.0625,"Alldred, Cam"
682051,FF,290.6,659.4,0.4407036700030331,"Hill, Garrett"
682051,SL,137.45000000000002,659.4,0.20844707309675467,"Hill, Garrett"
682051,SI,92.35000000000001,659.4,0.14005156202608435,"Hill, Garrett"
682051,CH,72.60000000000001,659.4,0.11010009099181076,"Hill, Garrett"
682051,KC,66.4,659.4,0.10069760388231727,"Hill, Garrett"
682052,FF,716.85,1942.75,0.36898726032685625,"Lopez, Jacob"
682052,SL,600.4,1942.75,0.30904645476772613,"Lopez, Jacob"
682052,FC,263.4,1942.75,0.13558100630549477,"Lopez, Jacob"
682052,CH,255.85,1942.75,0.13169476257881868,"Lopez, Jacob"
682052,SI,106.25,1942.75,0.054690516021104106,"Lopez, Jacob"
682073,OTHER,21.25,22.099999999999998,0.9615384615384617,"Hensley, David"
682073,CU,0.85,22.099999999999998,0.038461538461538464,"Hensley, David"
682120,CU,644.9,1938.85,0.33261985197410837,"Herrin, Tim"
682120,FF,539.6,1938.85,0.27830930706346546,"Herrin, Tim"
682120,SL,498.05,1938.85,0.25687907780385283,"Herrin, Tim"
682120,SI,256.3,1938.85,0.1321917631585734,"Herrin, Tim"
682130,CH,0.9,1.8,0.5,"Carr, Tyler"
682130,SI,0.9,1.8,0.5,"Carr, Tyler"
682144,SL,13.0,31.0,0.41935483870967744,"Sandridge, Jayvien"
682144,FF,12.0,31.0,0.3870967741935484,"Sandridge, Jayvien"
682144,SI,4.0,31.0,0.12903225806451613,"Sandridge, Jayvien"
682144,FS,2.0,31.0,0.06451612903225806,"Sandridge, Jayvien"
682171,ST,416.45,792.75,0.5253232418795333,"Murfee, Penn"
682171,FF,299.6,792.75,0.37792494481236205,"Murfee, Penn"
682171,SI,74.7,792.75,0.09422894985808894,"Murfee, Penn"
682171,CH,2.0,792.75,0.002522863450015768,"Murfee, Penn"
682175,SI,199.45000000000002,325.90000000000003,0.611997545259282,"Jacques, Joe"
682175,ST,109.85000000000001,325.90000000000003,0.33706658484197605,"Jacques, Joe"
682175,FF,7.15,325.90000000000003,0.02193924516722921,"Jacques, Joe"
682175,CH,5.2,325.90000000000003,0.01595581466707579,"Jacques, Joe"
682175,SL,4.25,325.90000000000003,0.013040810064436942,"Jacques, Joe"
682201,FC,0.45,0.9,0.5,"Ross, Austin"
682201,FF,0.45,0.9,0.5,"Ross, Austin"
682227,FF,523.45,1477.95,0.35417300991237866,"Williamson, Brandon"
682227,FC,473.45,1477.95,0.32034236611522715,"Williamson, Brandon"
682227,CH,255.6,1477.95,0.17294225109103825,"Williamson, Brandon"
682227,ST,119.15,1477.95,0.08061842416861192,"Williamson, Brandon"
682227,CU,95.25,1477.95,0.06444737643357352,"Williamson, Brandon"
682227,SL,10.4,1477.95,0.007036773909807503,"Williamson, Brandon"
682227,SI,0.65,1477.95,0.00043979836936296895,"Williamson, Brandon"
682243,FF,2361.1,5074.05,0.4653284851351484,"Miller, Bryce"
682243,SI,726.6,5074.05,0.14319921955834097,"Miller, Bryce"
682243,FS,664.2,5074.05,0.13090135099181127,"Miller, Bryce"
682243,SL,538.7,5074.05,0.10616765699983248,"Miller, Bryce"
682243,ST,374.35,5074.05,0.07377735733782678,"Miller, Bryce"
682243,KC,253.2,5074.05,0.04990096668341857,"Miller, Bryce"
682243,CH,71.5,5074.05,0.014091307732481942,"Miller, Bryce"
682243,FC,71.05,5074.05,0.014002621180319468,"Miller, Bryce"
682243,CU,11.700000000000001,5074.05,0.002305850356224318,"Miller, Bryce"
682243,OTHER,1.65,5074.05,0.0003251840245957371,"Miller, Bryce"
682254,FF,658.75,981.3,0.6713033730765312,"Montgomery, Mason"
682254,SL,322.55,981.3,0.3286966269234689,"Montgomery, Mason"
682274,FF,119.0,314.0,0.37898089171974525,"Hiraldo, Yaramil"
682274,FS,111.0,314.0,0.3535031847133758,"Hiraldo, Yaramil"
682274,SL,82.0,314.0,0.2611464968152866,"Hiraldo, Yaramil"
682274,SI,2.0,314.0,0.006369426751592357,"Hiraldo, Yaramil"
682515,SL,14.0,15.0,0.9333333333333333,"Porter, Logan"
682515,CU,1.0,15.0,0.06666666666666667,"Porter, Logan"
682610,FF,378.84999999999997,1491.25,0.2540486169321039,"Muñoz, Roddery"
682610,SI,336.45,1491.25,0.22561609388097234,"Muñoz, Roddery"
682610,SL,326.7,1491.25,0.21907795473595976,"Muñoz, Roddery"
682610,FC,324.95,1491.25,0.21790444258172673,"Muñoz, Roddery"
682610,CH,124.3,1491.25,0.08335289186923721,"Muñoz, Roddery"
682790,FF,206.0,368.0,0.5597826086956522,"González, Wikelman"
682790,SV,86.0,368.0,0.23369565217391305,"González, Wikelman"
682790,CH,57.0,368.0,0.15489130434782608,"González, Wikelman"
682790,SL,19.0,368.0,0.051630434782608696,"González, Wikelman"
682825,SI,302.0,414.0,0.7294685990338164,"Mey, Luis"
682825,SL,104.0,414.0,0.25120772946859904,"Mey, Luis"
682825,FF,8.0,414.0,0.01932367149758454,"Mey, Luis"
682842,SI,951.75,1717.45,0.5541646045008588,"Uribe, Abner"
682842,SL,719.3,1717.45,0.4188185973390782,"Uribe, Abner"
682842,FF,46.4,1717.45,0.02701679816006288,"Uribe, Abner"
682847,SL,1203.0,4278.55,0.28117002255437007,"Ortiz, Luis"
682847,FF,1188.75,4278.55,0.27783945495553397,"Ortiz, Luis"
682847,SI,1019.7,4278.55,0.23832840565144733,"Ortiz, Luis"
682847,FC,529.15,4278.55,0.12367507683677881,"Ortiz, Luis"
682847,CH,337.3,4278.55,0.07883511937455447,"Ortiz, Luis"
682847,OTHER,0.65,4278.55,0.0001519206273153288,"Ortiz, Luis"
682967,FF,53.95,107.9,0.5,"Sweet, Devin"
682967,SL,27.3,107.9,0.25301204819277107,"Sweet, Devin"
682967,CH,26.650000000000002,107.9,0.24698795180722893,"Sweet, Devin"
682989,SI,194.7,447.85,0.4347437758177961,"Mederos, Victor"
682989,FC,101.4,447.85,0.22641509433962265,"Mederos, Victor"
682989,ST,63.0,447.85,0.14067210003349334,"Mederos, Victor"
682989,FF,33.65,447.85,0.07513676454169922,"Mederos, Victor"
682989,CU,22.25,447.85,0.049681813107067097,"Mederos, Victor"
682989,CH,21.35,447.85,0.0476722116780172,"Mederos, Victor"
682989,SL,6.5,447.85,0.014513788098693758,"Mederos, Victor"
682989,FS,5.0,447.85,0.011164452383610583,"Mederos, Victor"
682990,SI,1429.0,3720.25,0.3841139708352933,"Priester, Quinn"
682990,SL,987.4,3720.25,0.2654122706807338,"Priester, Quinn"
682990,FC,515.65,3720.25,0.13860627645991533,"Priester, Quinn"
682990,CU,403.75,3720.25,0.10852765271151132,"Priester, Quinn"
682990,FF,200.1,3720.25,0.05378670788253478,"Priester, Quinn"
682990,CH,184.35,3720.25,0.04955312143001142,"Priester, Quinn"
682995,FF,23.0,46.0,0.5,"Barco, Hunter"
682995,FS,13.0,46.0,0.2826086956521739,"Barco, Hunter"
682995,SL,10.0,46.0,0.21739130434782608,"Barco, Hunter"
683003,FF,767.55,1549.55,0.4953373560065825,"Jones, Jared"
683003,SL,532.9499999999999,1549.55,0.3439385628085573,"Jones, Jared"
683003,CU,146.2,1549.55,0.09434997257268239,"Jones, Jared"
683003,CH,102.0,1549.55,0.06582556226001098,"Jones, Jared"
683003,SI,0.85,1549.55,0.0005485463521667581,"Jones, Jared"
683004,FF,1268.4,3070.65,0.41307215084754045,"Leiter, Jack"
683004,SL,757.75,3070.65,0.24677185612166805,"Leiter, Jack"
683004,CH,446.15,3070.65,0.14529497012033282,"Leiter, Jack"
683004,CU,301.6,3070.65,0.09822024652760816,"Leiter, Jack"
683004,SI,285.55,3070.65,0.09299334017227623,"Leiter, Jack"
683004,FC,10.2,3070.65,0.0033217722632016018,"Leiter, Jack"
683004,OTHER,1.0,3070.65,0.00032566394737270607,"Leiter, Jack"
683021,OTHER,18.9,19.75,0.9569620253164556,"Stefanic, Michael"
683021,CU,0.85,19.75,0.043037974683544304,"Stefanic, Michael"
683068,FF,33.15,73.1,0.4534883720930233,"Penrod, Zach"
683068,CH,22.099999999999998,73.1,0.3023255813953488,"Penrod, Zach"
683068,SL,17.849999999999998,73.1,0.2441860465116279,"Penrod, Zach"
683155,FF,986.1999999999999,1931.2,0.5106669428334714,"Estes, Joey"
683155,ST,361.0,1931.2,0.18693040596520297,"Estes, Joey"
683155,SL,272.8,1931.2,0.14125932062966032,"Estes, Joey"
683155,CH,218.2,1931.2,0.11298674399337198,"Estes, Joey"
683155,SI,72.0,1931.2,0.03728251864125932,"Estes, Joey"
683155,FC,21.0,1931.2,0.010874067937033969,"Estes, Joey"
683175,FF,354.65,647.65,0.5475951517023083,"Phillips, Connor"
683175,ST,246.05,647.65,0.37991198950050187,"Phillips, Connor"
683175,CU,43.7,647.65,0.06747471628194242,"Phillips, Connor"
683175,CH,3.25,647.65,0.005018142515247433,"Phillips, Connor"
683232,FF,1219.6,2126.2,0.5736054933684508,"Mears, Nick"
683232,SL,619.7,2126.2,0.2914589408334118,"Mears, Nick"
683232,CU,285.6,2126.2,0.134324146364406,"Mears, Nick"
683232,CH,1.3,2126.2,0.0006114194337315399,"Mears, Nick"
683409,FF,634.05,1425.05,0.4449317567804638,"Chivilli, Angel"
683409,CH,534.1,1425.05,0.37479386688186384,"Chivilli, Angel"
683409,SL,256.05,1425.05,0.17967790603838463,"Chivilli, Angel"
683409,OTHER,0.85,1425.05,0.0005964702992877443,"Chivilli, Angel"
683568,FF,53.55,116.45,0.4598540145985401,"Iriarte, Jairo"
683568,SL,46.75,116.45,0.40145985401459855,"Iriarte, Jairo"
683568,CH,16.15,116.45,0.1386861313868613,"Iriarte, Jairo"
683618,FF,117.3,347.15,0.33789428201065824,"Henriquez, Edgardo"
683618,SI,88.0,347.15,0.25349272648710935,"Henriquez, Edgardo"
683618,FC,58.55,347.15,0.16865908108886649,"Henriquez, Edgardo"
683618,SL,53.3,347.15,0.15353593547457872,"Henriquez, Edgardo"
683618,CU,30.0,347.15,0.08641797493878728,"Henriquez, Edgardo"
683627,FF,696.3,1484.15,0.4691574301788902,"Molina, Anthony"
683627,CH,307.35,1484.15,0.20708823232153084,"Molina, Anthony"
683627,SL,267.65,1484.15,0.18033891453020245,"Molina, Anthony"
683627,CU,153.5,1484.15,0.10342620355085402,"Molina, Anthony"
683627,FC,30.35,1484.15,0.02044941549034801,"Molina, Anthony"
683627,SI,29.0,1484.15,0.019539803928174376,"Molina, Anthony"
683766,OTHER,42.0,42.0,1.0,"Koss, Christian"
683769,SL,1105.15,2428.15,0.4551407450116344,"Gaddis, Hunter"
683769,FF,890.85,2428.15,0.36688425344397996,"Gaddis, Hunter"
683769,CH,382.75,2428.15,0.15763029466878076,"Gaddis, Hunter"
683769,CU,32.25,2428.15,0.013281716533163106,"Gaddis, Hunter"
683769,FC,17.150000000000002,2428.15,0.007062990342441777,"Gaddis, Hunter"
683822,FS,29.75,52.699999999999996,0.5645161290322581,"Uwasawa, Naoyuki"
683822,FF,11.9,52.699999999999996,0.22580645161290325,"Uwasawa, Naoyuki"
683822,FC,5.95,52.699999999999996,0.11290322580645162,"Uwasawa, Naoyuki"
683822,CU,4.25,52.699999999999996,0.08064516129032259,"Uwasawa, Naoyuki"
683822,SL,0.85,52.699999999999996,0.016129032258064516,"Uwasawa, Naoyuki"
684007,FF,2160.55,4284.5,0.5042712101762167,"Imanaga, Shota"
684007,FS,1315.45,4284.5,0.3070253238417552,"Imanaga, Shota"
684007,ST,524.6,4284.5,0.12244135838487571,"Imanaga, Shota"
684007,CU,102.39999999999999,4284.5,0.02390010502975843,"Imanaga, Shota"
684007,CH,84.14999999999999,4284.5,0.019640564826700898,"Imanaga, Shota"
684007,SI,75.3,4284.5,0.01757497957754697,"Imanaga, Shota"
684007,SL,11.0,4284.5,0.0025673940949935813,"Imanaga, Shota"
684007,FC,10.2,4284.5,0.0023806745244485937,"Imanaga, Shota"
684007,OTHER,0.85,4284.5,0.00019838954370404946,"Imanaga, Shota"
684320,FF,967.6,2383.7,0.4059235642069053,"Rodríguez, Yariel"
684320,SL,820.4,2383.7,0.34417082686579686,"Rodríguez, Yariel"
684320,FS,255.7,2383.7,0.10727021017745522,"Rodríguez, Yariel"
684320,SI,204.7,2383.7,0.08587490036497882,"Rodríguez, Yariel"
684320,CU,133.45,2383.7,0.05598439400931325,"Rodríguez, Yariel"
684320,OTHER,1.85,2383.7,0.0007761043755506147,"Rodríguez, Yariel"
684974,CH,81.0,176.0,0.4602272727272727,"Yoho, Craig"
684974,FF,67.0,176.0,0.3806818181818182,"Yoho, Craig"
684974,ST,16.0,176.0,0.09090909090909091,"Yoho, Craig"
684974,FC,12.0,176.0,0.06818181818181818,"Yoho, Craig"
685005,SI,17.0,41.0,0.4146341463414634,"Roa, Christian"
685005,SL,12.0,41.0,0.2926829268292683,"Roa, Christian"
685005,FF,9.0,41.0,0.21951219512195122,"Roa, Christian"
685005,CH,3.0,41.0,0.07317073170731707,"Roa, Christian"
685068,CU,30.0,95.0,0.3157894736842105,"Ragsdale, Carson"
685068,FF,27.0,95.0,0.28421052631578947,"Ragsdale, Carson"
685068,SI,22.0,95.0,0.23157894736842105,"Ragsdale, Carson"
685068,FS,9.0,95.0,0.09473684210526316,"Ragsdale, Carson"
685068,SL,7.0,95.0,0.07368421052631578,"Ragsdale, Carson"
685107,FF,247.6,693.45,0.357055303194174,"Veneziano, Anthony"
685107,ST,171.45,693.45,0.24724205061648277,"Veneziano, Anthony"
685107,SL,160.8,693.45,0.2318840579710145,"Veneziano, Anthony"
685107,SI,56.85,693.45,0.08198139736102097,"Veneziano, Anthony"
685107,CH,56.75,693.45,0.08183719085730766,"Veneziano, Anthony"
685116,SI,54.4,134.29999999999998,0.40506329113924056,"Kitchen, Austin"
685116,ST,30.599999999999998,134.29999999999998,0.2278481012658228,"Kitchen, Austin"
685116,CH,23.8,134.29999999999998,0.17721518987341775,"Kitchen, Austin"
685116,CU,15.299999999999999,134.29999999999998,0.1139240506329114,"Kitchen, Austin"
685116,FF,10.2,134.29999999999998,0.0759493670886076,"Kitchen, Austin"
685126,SL,457.55,1289.5,0.35482745250096936,"Eisert, Brandon"
685126,FF,417.0,1289.5,0.3233811554866227,"Eisert, Brandon"
685126,CH,373.25,1289.5,0.28945327646374563,"Eisert, Brandon"
685126,SI,40.0,1289.5,0.031019775106630478,"Eisert, Brandon"
685126,CU,1.7,1289.5,0.0013183404420317952,"Eisert, Brandon"
685299,FF,913.7,1759.95,0.5191624762067104,"Gordon, Tanner"
685299,SL,456.7,1759.95,0.2594960084093298,"Gordon, Tanner"
685299,CH,361.6,1759.95,0.2054603823972272,"Gordon, Tanner"
685299,CU,27.95,1759.95,0.015881132986732577,"Gordon, Tanner"
685314,SI,276.15,554.4,0.4981060606060606,"Saalfrank, Andrew"
685314,CU,237.25,554.4,0.42794011544011545,"Saalfrank, Andrew"
685314,FF,41.0,554.4,0.07395382395382395,"Saalfrank, Andrew"
685326,FF,286.0,502.0,0.5697211155378487,"Brown, McCade"
685326,SL,97.0,502.0,0.19322709163346613,"Brown, McCade"
685326,KC,90.0,502.0,0.17928286852589642,"Brown, McCade"
685326,CH,28.0,502.0,0.055776892430278883,"Brown, McCade"
685326,OTHER,1.0,502.0,0.00199203187250996,"Brown, McCade"
685410,FF,159.25,358.15000000000003,0.4446460980036297,"Battenfield, Peyton"
685410,FC,146.9,358.15000000000003,0.4101633393829401,"Battenfield, Peyton"
685410,CU,38.35,358.15000000000003,0.10707803992740471,"Battenfield, Peyton"
685410,CH,13.65,358.15000000000003,0.038112522686025406,"Battenfield, Peyton"
685503,SI,76.95,384.3,0.20023419203747073,"Arihara, Kohei"
685503,FC,71.25,384.3,0.18540202966432473,"Arihara, Kohei"
685503,FF,68.7,384.3,0.17876658860265418,"Arihara, Kohei"
685503,CH,64.65,384.3,0.16822794691647153,"Arihara, Kohei"
685503,SL,61.8,384.3,0.1608118657298985,"Arihara, Kohei"
685503,FS,35.4,384.3,0.09211553473848555,"Arihara, Kohei"
685503,CU,5.55,384.3,0.014441842310694768,"Arihara, Kohei"
685801,FF,236.6,448.0,0.528125,"Bigge, Hunter"
685801,SL,163.8,448.0,0.36562500000000003,"Bigge, Hunter"
685801,CU,29.55,448.0,0.06595982142857143,"Bigge, Hunter"
685801,ST,10.2,448.0,0.022767857142857142,"Bigge, Hunter"
685801,SI,6.85,448.0,0.015290178571428571,"Bigge, Hunter"
685801,FS,1.0,448.0,0.002232142857142857,"Bigge, Hunter"
686218,FF,954.7,1843.15,0.5179719501939615,"Sheehan, Emmet"
686218,SL,483.75,1843.15,0.262458291511814,"Sheehan, Emmet"
686218,CH,307.05,1843.15,0.1665898054960258,"Sheehan, Emmet"
686218,CU,70.0,1843.15,0.03797846078723924,"Sheehan, Emmet"
686218,ST,26.0,1843.15,0.014106285435260288,"Sheehan, Emmet"
686218,OTHER,1.0,1843.15,0.0005425494398177033,"Sheehan, Emmet"
686218,SI,0.65,1843.15,0.0003526571358815072,"Sheehan, Emmet"
686228,FC,73.0,220.0,0.33181818181818185,"Burgos, Juan"
686228,SI,72.0,220.0,0.32727272727272727,"Burgos, Juan"
686228,ST,70.0,220.0,0.3181818181818182,"Burgos, Juan"
686228,CH,5.0,220.0,0.022727272727272728,"Burgos, Juan"
686249,CH,9.0,24.0,0.375,"Wiles, Nathan"
686249,FF,9.0,24.0,0.375,"Wiles, Nathan"
686249,FC,6.0,24.0,0.25,"Wiles, Nathan"
686294,FF,196.3,316.65000000000003,0.6199273645981367,"Willingham, Amos"
686294,SL,93.55,316.65000000000003,0.29543660192641713,"Willingham, Amos"
686294,FC,17.05,316.65000000000003,0.0538449392073267,"Willingham, Amos"
686294,CH,7.800000000000001,316.65000000000003,0.0246328754144955,"Willingham, Amos"
686294,SI,1.9500000000000002,316.65000000000003,0.006158218853623875,"Willingham, Amos"
686539,SL,517.75,1011.15,0.5120407456856055,"Cronin, Declan"
686539,SI,410.55,1011.15,0.40602284527518173,"Cronin, Declan"
686539,FF,69.55,1011.15,0.06878306878306878,"Cronin, Declan"
686539,ST,13.3,1011.15,0.013153340256143996,"Cronin, Declan"
686563,SI,856.8,3431.8,0.24966489888688148,"Cannon, Jonathan"
686563,FC,726.5,3431.8,0.21169648580919634,"Cannon, Jonathan"
686563,CH,690.15,3431.8,0.20110437671192957,"Cannon, Jonathan"
686563,ST,631.7,3431.8,0.1840724983973425,"Cannon, Jonathan"
686563,FF,521.65,3431.8,0.15200477883326532,"Cannon, Jonathan"
686563,SL,5.0,3431.8,0.001456961361384696,"Cannon, Jonathan"
686580,FC,415.0,1172.35,0.3539898494476906,"Slaten, Justin"
686580,FF,382.2,1172.35,0.32601185652748754,"Slaten, Justin"
686580,ST,223.35,1172.35,0.19051477800997996,"Slaten, Justin"
686580,CU,151.8,1172.35,0.129483516014842,"Slaten, Justin"
686610,FF,1049.8500000000001,1923.15,0.5459012557522814,"Waldichuk, Ken"
686610,ST,504.5,1923.15,0.26233003145880457,"Waldichuk, Ken"
686610,CH,313.2,1923.15,0.16285781140316666,"Waldichuk, Ken"
686610,CU,54.95,1923.15,0.02857291422925929,"Waldichuk, Ken"
686610,SI,0.65,1923.15,0.00033798715648805346,"Waldichuk, Ken"
686613,FF,2828.9,7238.05,0.39083731115424736,"Brown, Hunter"
686613,KC,1276.75,7238.05,0.1763941945689792,"Brown, Hunter"
686613,SI,1116.7,7238.05,0.1542818853144148,"Brown, Hunter"
686613,FC,838.6,7238.05,0.11585993465090735,"Brown, Hunter"
686613,CH,731.9,7238.05,0.1011183951478644,"Brown, Hunter"
686613,SL,417.25,7238.05,0.05764674187108406,"Brown, Hunter"
686613,ST,27.95,7238.05,0.003861537292502815,"Brown, Hunter"
686642,FF,365.0,684.2,0.5334697456883952,"Ellard, Fraser"
686642,SL,166.0,684.2,0.24261911721718793,"Ellard, Fraser"
686642,SI,79.6,684.2,0.11634025138848289,"Ellard, Fraser"
686642,CH,38.3,684.2,0.055977784273604204,"Ellard, Fraser"
686642,FC,35.3,684.2,0.05159310143232972,"Ellard, Fraser"
686651,FF,69.55,145.6,0.47767857142857145,"Stoudt, Levi"
686651,SL,51.35,145.6,0.35267857142857145,"Stoudt, Levi"
686651,CU,13.65,145.6,0.09375,"Stoudt, Levi"
686651,CH,11.05,145.6,0.07589285714285715,"Stoudt, Levi"
686654,SL,125.9,289.65,0.4346625237355429,"Adcock, Ty"
686654,FF,119.5,289.65,0.4125668910754359,"Adcock, Ty"
686654,FC,36.55,289.65,0.12618677714482995,"Adcock, Ty"
686654,FS,5.0,289.65,0.017262213015708617,"Adcock, Ty"
686654,SI,2.7,289.65,0.009321595028482652,"Adcock, Ty"
686676,OTHER,42.0,44.0,0.9545454545454546,"Lee, Korey"
686676,FF,2.0,44.0,0.045454545454545456,"Lee, Korey"
686701,FF,558.0,1312.0,0.4253048780487805,"Bergert, Ryan"
686701,SL,325.0,1312.0,0.24771341463414634,"Bergert, Ryan"
686701,ST,234.0,1312.0,0.17835365853658536,"Bergert, Ryan"
686701,CH,99.0,1312.0,0.07545731707317073,"Bergert, Ryan"
686701,SI,86.0,1312.0,0.06554878048780488,"Bergert, Ryan"
686701,CU,10.0,1312.0,0.007621951219512195,"Bergert, Ryan"
686730,FF,479.25,1755.05,0.27306914332924986,"Spiers, Carson"
686730,ST,408.45,1755.05,0.23272841229594599,"Spiers, Carson"
686730,SI,315.8,1755.05,0.1799378935073075,"Spiers, Carson"
686730,FC,301.0,1755.05,0.17150508532520442,"Spiers, Carson"
686730,CH,239.5,1755.05,0.13646334862254636,"Spiers, Carson"
686730,SL,11.049999999999999,1755.05,0.006296116919745876,"Spiers, Carson"
686747,SI,334.3,681.35,0.49064357525500846,"La Sorsa, Joe"
686747,ST,200.95000000000002,681.35,0.29492918470683205,"La Sorsa, Joe"
686747,CH,78.9,681.35,0.11579951566742497,"La Sorsa, Joe"
686747,FF,39.95,681.35,0.058633595068613785,"La Sorsa, Joe"
686747,FC,27.25,681.35,0.03999412930212079,"La Sorsa, Joe"
686751,FF,133.8,263.3,0.5081655905810862,"Johnson, Seth"
686751,SL,87.45,263.3,0.3321306494492974,"Johnson, Seth"
686751,FS,20.25,263.3,0.07690846942650968,"Johnson, Seth"
686751,CU,20.1,263.3,0.07633877706038739,"Johnson, Seth"
686751,CH,1.7,263.3,0.006456513482719331,"Johnson, Seth"
686752,FF,2502.4,5197.4,0.4814715049832609,"Pepiot, Ryan"
686752,CH,1315.15,5197.4,0.2530399815292262,"Pepiot, Ryan"
686752,SL,905.45,5197.4,0.17421210605302653,"Pepiot, Ryan"
686752,FC,263.4,5197.4,0.050679185746719514,"Pepiot, Ryan"
686752,CU,135.3,5197.4,0.02603224689267711,"Pepiot, Ryan"
686752,SI,74.7,5197.4,0.014372570900835034,"Pepiot, Ryan"
686752,OTHER,1.0,5197.4,0.00019240389425481972,"Pepiot, Ryan"
686753,FF,186.95000000000002,631.35,0.29611150708798606,"Jameson, Drey"
686753,SI,183.95000000000002,631.35,0.29135978458858003,"Jameson, Drey"
686753,SL,152.6,631.35,0.24170428446978695,"Jameson, Drey"
686753,CH,85.7,631.35,0.1357408727330324,"Jameson, Drey"
686753,CU,22.150000000000002,631.35,0.03508355112061456,"Jameson, Drey"
686790,SL,119.75,245.15,0.48847644299408527,"McDonald, Trevor"
686790,SI,98.15,245.15,0.40036712217009995,"McDonald, Trevor"
686790,CH,15.4,245.15,0.06281868243932287,"McDonald, Trevor"
686790,FC,11.0,245.15,0.04487048745665919,"McDonald, Trevor"
686790,FF,0.85,245.15,0.0034672649398327553,"McDonald, Trevor"
686796,FF,95.2,291.55,0.32653061224489793,"Walston, Blake"
686796,FC,49.3,291.55,0.16909620991253643,"Walston, Blake"
686796,ST,49.3,291.55,0.16909620991253643,"Walston, Blake"
686796,CH,47.6,291.55,0.16326530612244897,"Walston, Blake"
686796,CU,39.1,291.55,0.13411078717201166,"Walston, Blake"
686796,SI,11.049999999999999,291.55,0.03790087463556851,"Walston, Blake"
686799,SI,1376.4,2525.15,0.5450765301071223,"Kochanowicz, Jack"
686799,FF,366.2,2525.15,0.14502108785616696,"Kochanowicz, Jack"
686799,SL,365.85,2525.15,0.1448824822287785,"Kochanowicz, Jack"
686799,CH,282.25,2525.15,0.11177553808684632,"Kochanowicz, Jack"
686799,ST,133.45,2525.15,0.05284834564283309,"Kochanowicz, Jack"
686799,OTHER,1.0,2525.15,0.00039601607825277705,"Kochanowicz, Jack"
686826,FF,553.3,1409.25,0.3926201880432854,"Jarvis, Bryce"
686826,SL,335.15,1409.25,0.23782153627816213,"Jarvis, Bryce"
686826,CH,220.15,1409.25,0.15621784637218378,"Jarvis, Bryce"
686826,SI,149.0,1409.25,0.10572999822600675,"Jarvis, Bryce"
686826,FC,118.25,1409.25,0.08390988114245165,"Jarvis, Bryce"
686826,CU,33.4,1409.25,0.023700549937910233,"Jarvis, Bryce"
686839,FF,137.15,423.8,0.3236196319018405,"White, Brendan"
686839,SL,131.95000000000002,423.8,0.3113496932515338,"White, Brendan"
686839,ST,119.60000000000001,423.8,0.28220858895705525,"White, Brendan"
686839,SI,31.200000000000003,423.8,0.0736196319018405,"White, Brendan"
686839,FS,3.9000000000000004,423.8,0.009202453987730062,"White, Brendan"
686842,FF,31.200000000000003,55.9,0.558139534883721,"Moore, McKinley"
686842,ST,20.150000000000002,55.9,0.3604651162790698,"Moore, McKinley"
686842,CH,4.55,55.9,0.08139534883720931,"Moore, McKinley"
686930,FF,230.0,431.0,0.5336426914153132,"Barnett, Mason"
686930,ST,92.0,431.0,0.21345707656612528,"Barnett, Mason"
686930,CU,65.0,431.0,0.15081206496519722,"Barnett, Mason"
686930,CH,44.0,431.0,0.10208816705336426,"Barnett, Mason"
686933,FF,0.45,0.45,1.0,"Stumpo, Mitchell"
686972,FF,61.45,89.05,0.6900617630544639,"Waites, Cole"
686972,SL,26.95,89.05,0.3026389668725435,"Waites, Cole"
686972,SI,0.65,89.05,0.007299270072992701,"Waites, Cole"
686973,FF,1199.15,2729.3,0.439361741105778,"Varland, Louis"
686973,SL,548.6,2729.3,0.2010039204191551,"Varland, Louis"
686973,KC,527.4,2729.3,0.1932363609716777,"Varland, Louis"
686973,CH,239.5,2729.3,0.08775143809768071,"Varland, Louis"
686973,ST,122.65,2729.3,0.0449382625581651,"Varland, Louis"
686973,SI,92.0,2729.3,0.03370827684754332,"Varland, Louis"
686993,FF,582.85,1109.4,0.5253740760771588,"Sterner, Justin"
686993,FC,358.0,1109.4,0.32269695330809445,"Sterner, Justin"
686993,ST,167.55,1109.4,0.1510275824770146,"Sterner, Justin"
686993,OTHER,1.0,1109.4,0.0009013881377321073,"Sterner, Justin"
687003,CH,56.0,129.0,0.43410852713178294,"Van Belle, Brian"
687003,SI,33.0,129.0,0.2558139534883721,"Van Belle, Brian"
687003,ST,19.0,129.0,0.14728682170542637,"Van Belle, Brian"
687003,SL,11.0,129.0,0.08527131782945736,"Van Belle, Brian"
687003,FF,10.0,129.0,0.07751937984496124,"Van Belle, Brian"
687014,FF,66.3,191.25,0.3466666666666667,"Avila, Nick"
687014,FC,59.5,191.25,0.3111111111111111,"Avila, Nick"
687014,KC,33.15,191.25,0.17333333333333334,"Avila, Nick"
687014,SI,24.65,191.25,0.1288888888888889,"Avila, Nick"
687014,SL,7.6499999999999995,191.25,0.039999999999999994,"Avila, Nick"
687064,FF,411.0,940.0,0.4372340425531915,"Young, Brandon"
687064,FS,167.0,940.0,0.1776595744680851,"Young, Brandon"
687064,CU,148.0,940.0,0.1574468085106383,"Young, Brandon"
687064,FC,86.0,940.0,0.09148936170212765,"Young, Brandon"
687064,SL,84.0,940.0,0.08936170212765958,"Young, Brandon"
687064,CH,43.0,940.0,0.045744680851063826,"Young, Brandon"
687064,OTHER,1.0,940.0,0.0010638297872340426,"Young, Brandon"
687074,FF,28.0,66.0,0.42424242424242425,"Owens, Tyler"
687074,FC,18.0,66.0,0.2727272727272727,"Owens, Tyler"
687074,SL,15.0,66.0,0.22727272727272727,"Owens, Tyler"
687074,FS,5.0,66.0,0.07575757575757576,"Owens, Tyler"
687075,SI,101.0,290.0,0.3482758620689655,"Sproat, Brandon"
687075,ST,55.0,290.0,0.1896551724137931,"Sproat, Brandon"
687075,CU,43.0,290.0,0.1482758620689655,"Sproat, Brandon"
687075,CH,41.0,290.0,0.1413793103448276,"Sproat, Brandon"
687075,FF,40.0,290.0,0.13793103448275862,"Sproat, Brandon"
687075,SL,10.0,290.0,0.034482758620689655,"Sproat, Brandon"
687134,FF,687.85,1474.2,0.4665920499253833,"Blalock, Bradley"
687134,SL,260.7,1474.2,0.17684167684167681,"Blalock, Bradley"
687134,FS,227.8,1474.2,0.1545244878578212,"Blalock, Bradley"
687134,CU,177.3,1474.2,0.12026862026862027,"Blalock, Bradley"
687134,FC,119.7,1474.2,0.0811965811965812,"Blalock, Bradley"
687134,OTHER,0.85,1474.2,0.0005765839099172432,"Blalock, Bradley"
687145,FF,89.8,116.65,0.7698242606086583,"Justice, Evan"
687145,SL,26.85,116.65,0.23017573939134162,"Justice, Evan"
687166,FF,19.0,36.0,0.5277777777777778,"Pope, Austin"
687166,SL,9.0,36.0,0.25,"Pope, Austin"
687166,CU,6.0,36.0,0.16666666666666666,"Pope, Austin"
687166,SI,2.0,36.0,0.05555555555555555,"Pope, Austin"
687209,FF,94.0,165.0,0.5696969696969697,"Maxwell, Zach"
687209,FC,40.0,165.0,0.24242424242424243,"Maxwell, Zach"
687209,ST,31.0,165.0,0.18787878787878787,"Maxwell, Zach"
687223,FF,370.0,705.0,0.524822695035461,"Palmquist, Carson"
687223,ST,222.0,705.0,0.3148936170212766,"Palmquist, Carson"
687223,FC,88.0,705.0,0.12482269503546099,"Palmquist, Carson"
687223,CH,25.0,705.0,0.03546099290780142,"Palmquist, Carson"
687287,FC,39.0,87.0,0.4482758620689655,"Monteverde, Patrick"
687287,FF,13.0,87.0,0.14942528735632185,"Monteverde, Patrick"
687287,CU,12.0,87.0,0.13793103448275862,"Monteverde, Patrick"
687287,SI,11.0,87.0,0.12643678160919541,"Monteverde, Patrick"
687287,CH,9.0,87.0,0.10344827586206896,"Monteverde, Patrick"
687287,SL,3.0,87.0,0.034482758620689655,"Monteverde, Patrick"
687330,SI,1209.6,2139.55,0.5653525274006216,"Kelly, Kevin"
687330,ST,638.2,2139.55,0.2982870229721203,"Kelly, Kevin"
687330,FC,212.2,2139.55,0.09917973405622676,"Kelly, Kevin"
687330,FF,78.2,2139.55,0.03654974176812881,"Kelly, Kevin"
687330,CU,1.35,2139.55,0.0006309738029024795,"Kelly, Kevin"
687362,FF,155.3,503.3,0.30856348102523345,"Gillispie, Connor"
687362,ST,127.15,503.3,0.25263262467713093,"Gillispie, Connor"
687362,FC,125.5,503.3,0.24935426187164714,"Gillispie, Connor"
687362,CH,90.35,503.3,0.17951519968209814,"Gillispie, Connor"
687362,CU,5.0,503.3,0.009934432743890324,"Gillispie, Connor"
687377,FF,206.25,534.45,0.38591074936850966,"Ribalta, Orlando"
687377,SL,121.15,534.45,0.2266816353260361,"Ribalta, Orlando"
687377,CH,121.05,534.45,0.226494527083918,"Ribalta, Orlando"
687377,SI,86.0,534.45,0.16091308822153613,"Ribalta, Orlando"
687396,FF,422.25,723.1,0.5839441294426774,"Headrick, Brent"
687396,SL,239.35,723.1,0.33100539344489005,"Headrick, Brent"
687396,FS,61.5,723.1,0.08505047711243258,"Headrick, Brent"
687424,SL,223.4,381.45,0.585659981648971,"Maldonado, Anthony"
687424,FF,146.15,381.45,0.38314326910473195,"Maldonado, Anthony"
687424,FC,11.9,381.45,0.031196749246297027,"Maldonado, Anthony"
687473,FF,756.0,1735.0,0.43573487031700286,"Gusto, Ryan"
687473,CU,261.0,1735.0,0.15043227665706052,"Gusto, Ryan"
687473,FC,190.0,1735.0,0.10951008645533142,"Gusto, Ryan"
687473,SI,186.0,1735.0,0.10720461095100864,"Gusto, Ryan"
687473,ST,177.0,1735.0,0.10201729106628242,"Gusto, Ryan"
687473,CH,165.0,1735.0,0.09510086455331412,"Gusto, Ryan"
687589,SL,4.0,13.0,0.3076923076923077,"Hamel, Dom"
687589,ST,4.0,13.0,0.3076923076923077,"Hamel, Dom"
687589,FF,2.0,13.0,0.15384615384615385,"Hamel, Dom"
687589,CH,1.0,13.0,0.07692307692307693,"Hamel, Dom"
687589,FC,1.0,13.0,0.07692307692307693,"Hamel, Dom"
687589,SI,1.0,13.0,0.07692307692307693,"Hamel, Dom"
687606,FF,166.0,448.0,0.3705357142857143,"Schultz, Paxton"
687606,FC,129.0,448.0,0.28794642857142855,"Schultz, Paxton"
687606,CH,87.0,448.0,0.19419642857142858,"Schultz, Paxton"
687606,SL,66.0,448.0,0.14732142857142858,"Schultz, Paxton"
687765,FC,1374.2,3350.25,0.4101783448996344,"Spence, Mitch"
687765,SL,1025.5,3350.25,0.30609655995821206,"Spence, Mitch"
687765,CU,475.2,3350.25,0.14184016118200135,"Spence, Mitch"
687765,SI,431.84999999999997,3350.25,0.1289008282963958,"Spence, Mitch"
687765,CH,41.65,3350.25,0.012431908066562197,"Spence, Mitch"
687765,OTHER,1.85,3350.25,0.0005521975971942393,"Spence, Mitch"
687792,FF,731.0,1348.1,0.5422446406052964,"Herz, DJ"
687792,CH,330.65,1348.1,0.24527112232030265,"Herz, DJ"
687792,SL,241.4,1348.1,0.17906683480453975,"Herz, DJ"
687792,KC,45.05,1348.1,0.033417402269861285,"Herz, DJ"
687798,FF,218.3,439.25,0.49698349459305635,"Robertson, Nick"
687798,CH,123.10000000000001,439.25,0.2802504268639727,"Robertson, Nick"
687798,ST,58.2,439.25,0.13249857712009108,"Robertson, Nick"
687798,SL,37.1,439.25,0.08446215139442231,"Robertson, Nick"
687798,FC,2.55,439.25,0.005805350028457598,"Robertson, Nick"
687830,FF,184.3,681.4,0.27047255650132085,"Gipson-Long, Sawyer"
687830,SL,168.55,681.4,0.2473583798062812,"Gipson-Long, Sawyer"
687830,CH,151.3,681.4,0.22204285294980924,"Gipson-Long, Sawyer"
687830,SI,124.65,681.4,0.1829321984150279,"Gipson-Long, Sawyer"
687830,FC,52.6,681.4,0.07719401232756092,"Gipson-Long, Sawyer"
687847,FF,37.95,71.75,0.5289198606271778,"Church, Marc"
687847,SL,32.8,71.75,0.45714285714285713,"Church, Marc"
687847,CH,1.0,71.75,0.013937282229965157,"Church, Marc"
687849,SL,118.0,308.0,0.38311688311688313,"Kent, Zak"
687849,FF,93.0,308.0,0.30194805194805197,"Kent, Zak"
687849,CU,77.0,308.0,0.25,"Kent, Zak"
687849,SI,17.0,308.0,0.05519480519480519,"Kent, Zak"
687849,ST,3.0,308.0,0.00974025974025974,"Kent, Zak"
687863,FF,621.05,1113.7,0.5576456855526623,"Hodge, Porter"
687863,ST,378.0,1113.7,0.3394091766184789,"Hodge, Porter"
687863,SL,105.85,1113.7,0.09504354853192061,"Hodge, Porter"
687863,FS,8.8,1113.7,0.007901589296938134,"Hodge, Porter"
687888,FC,297.1,1051.25,0.28261593341260405,"Walter, Brandon"
687888,ST,236.3,1051.25,0.22478002378121284,"Walter, Brandon"
687888,CH,186.7,1051.25,0.17759809750297265,"Walter, Brandon"
687888,FF,166.75,1051.25,0.15862068965517243,"Walter, Brandon"
687888,SI,164.4,1051.25,0.15638525564803807,"Walter, Brandon"
687911,FF,834.4,1391.8,0.5995114240551803,"King, Bryan"
687911,ST,437.8,1391.8,0.3145566891794798,"King, Bryan"
687911,SI,75.25,1391.8,0.054066676246587154,"King, Bryan"
687911,CU,28.349999999999998,1391.8,0.020369305934760742,"King, Bryan"
687911,CH,16.0,1391.8,0.011495904583991953,"King, Bryan"
687922,FF,380.7,743.3,0.5121754338759585,"Lucas, Easton"
687922,CH,111.05,743.3,0.1494013184447733,"Lucas, Easton"
687922,ST,97.95,743.3,0.13177720974034712,"Lucas, Easton"
687922,FC,90.5,743.3,0.12175433875958563,"Lucas, Easton"
687922,SL,63.1,743.3,0.08489169917933541,"Lucas, Easton"
687924,FF,161.5,450.5,0.3584905660377358,"Aguiar, Julian"
687924,CH,85.0,450.5,0.18867924528301888,"Aguiar, Julian"
687924,SI,81.6,450.5,0.1811320754716981,"Aguiar, Julian"
687924,SL,80.75,450.5,0.1792452830188679,"Aguiar, Julian"
687924,CU,41.65,450.5,0.09245283018867924,"Aguiar, Julian"
687931,FF,195.0,408.0,0.47794117647058826,"Whisenhunt, Carson"
687931,CH,152.0,408.0,0.37254901960784315,"Whisenhunt, Carson"
687931,SL,57.0,408.0,0.13970588235294118,"Whisenhunt, Carson"
687931,CU,4.0,408.0,0.00980392156862745,"Whisenhunt, Carson"
688010,FF,10.8,22.5,0.48000000000000004,"Fisher, Nate"
688010,SL,7.65,22.5,0.34,"Fisher, Nate"
688010,CH,3.15,22.5,0.13999999999999999,"Fisher, Nate"
688010,CU,0.9,22.5,0.04,"Fisher, Nate"
688107,ST,142.8,441.15,0.323699421965318,"Gasser, Robert"
688107,SI,109.45,441.15,0.24810155275983228,"Gasser, Robert"
688107,FF,95.0,441.15,0.21534625410857985,"Gasser, Robert"
688107,CH,59.449999999999996,441.15,0.13476141901847444,"Gasser, Robert"
688107,FC,34.45,441.15,0.07809135214779554,"Gasser, Robert"
688125,FC,2.25,4.5,0.5,"Spain, Dylan"
688125,FF,1.8,4.5,0.4,"Spain, Dylan"
688125,SI,0.45,4.5,0.1,"Spain, Dylan"
688138,FC,356.0,1338.0,0.26606875934230195,"Evans, Logan"
688138,ST,315.0,1338.0,0.23542600896860988,"Evans, Logan"
688138,SI,226.0,1338.0,0.16890881913303438,"Evans, Logan"
688138,CH,163.0,1338.0,0.1218236173393124,"Evans, Logan"
688138,FF,147.0,1338.0,0.10986547085201794,"Evans, Logan"
688138,CU,131.0,1338.0,0.09790732436472346,"Evans, Logan"
688158,FF,285.0,777.0,0.3667953667953668,"Morgan, David"
688158,CU,181.0,777.0,0.23294723294723294,"Morgan, David"
688158,SI,166.0,777.0,0.21364221364221364,"Morgan, David"
688158,SL,144.0,777.0,0.18532818532818532,"Morgan, David"
688158,CH,1.0,777.0,0.001287001287001287,"Morgan, David"
688297,SI,417.45,884.6,0.47190820709925385,"Roycroft, Chris"
688297,FF,273.9,884.6,0.3096314718516843,"Roycroft, Chris"
688297,ST,106.25,884.6,0.12011078453538322,"Roycroft, Chris"
688297,FC,87.0,884.6,0.09834953651367849,"Roycroft, Chris"
688427,FF,25.35,65.0,0.39,"Ingram, Kolton"
688427,FC,16.25,65.0,0.25,"Ingram, Kolton"
688427,SL,11.700000000000001,65.0,0.18000000000000002,"Ingram, Kolton"
688427,ST,7.800000000000001,65.0,0.12000000000000001,"Ingram, Kolton"
688427,CH,3.25,65.0,0.05,"Ingram, Kolton"
688427,SI,0.65,65.0,0.01,"Ingram, Kolton"
688497,FF,178.0,319.0,0.5579937304075235,"Rashi, Taylor"
688497,FS,78.0,319.0,0.2445141065830721,"Rashi, Taylor"
688497,SL,35.0,319.0,0.109717868338558,"Rashi, Taylor"
688497,CU,28.0,319.0,0.0877742946708464,"Rashi, Taylor"
688642,FC,176.0,527.0,0.33396584440227706,"Agnos, Zach"
688642,FF,155.0,527.0,0.29411764705882354,"Agnos, Zach"
688642,FS,108.0,527.0,0.2049335863377609,"Agnos, Zach"
688642,ST,86.0,527.0,0.16318785578747627,"Agnos, Zach"
688642,CU,2.0,527.0,0.003795066413662239,"Agnos, Zach"
689017,FF,813.1999999999999,1719.6499999999999,0.47288692466490273,"Knack, Landon"
689017,CH,335.95,1719.6499999999999,0.1953595208327276,"Knack, Landon"
689017,SL,308.6,1719.6499999999999,0.17945512168173758,"Knack, Landon"
689017,KC,233.85,1719.6499999999999,0.13598697409356555,"Knack, Landon"
689017,CU,22.099999999999998,1719.6499999999999,0.012851452330416072,"Knack, Landon"
689017,ST,5.95,1719.6499999999999,0.0034600063966504814,"Knack, Landon"
689147,ST,1060.4,2033.6,0.5214398111723053,"Kerkering, Orion"
689147,FF,632.8,2033.6,0.3111723052714398,"Kerkering, Orion"
689147,SI,340.4,2033.6,0.16738788355625492,"Kerkering, Orion"
689167,SI,19.5,63.050000000000004,0.3092783505154639,"Lindgren, Jeff"
689167,ST,19.5,63.050000000000004,0.3092783505154639,"Lindgren, Jeff"
689167,FF,16.900000000000002,63.050000000000004,0.26804123711340205,"Lindgren, Jeff"
689167,CH,7.15,63.050000000000004,0.1134020618556701,"Lindgren, Jeff"
689172,OTHER,7.15,7.15,1.0,"Wisely, Brett"
689225,FF,1002.3,2362.3,0.42428988697455866,"Brieske, Beau"
689225,CH,585.05,2362.3,0.24766117766583412,"Brieske, Beau"
689225,SL,395.15,2362.3,0.1672734199720611,"Brieske, Beau"
689225,SI,357.75,2362.3,0.1514413918638615,"Brieske, Beau"
689225,CU,22.05,2362.3,0.009334123523684545,"Brieske, Beau"
689254,FC,500.0,861.0,0.5807200929152149,"Fluharty, Mason"
689254,ST,360.0,861.0,0.4181184668989547,"Fluharty, Mason"
689254,SI,1.0,861.0,0.0011614401858304297,"Fluharty, Mason"
689266,FC,312.5,934.1,0.33454662241730004,"Dodd, Dylan"
689266,FF,192.6,934.1,0.20618777432823038,"Dodd, Dylan"
689266,SI,189.0,934.1,0.2023337972379831,"Dodd, Dylan"
689266,SL,157.1,934.1,0.16818327802162508,"Dodd, Dylan"
689266,CH,82.9,934.1,0.08874852799486137,"Dodd, Dylan"
689379,FF,2.25,3.6,0.625,"Anderson, Aidan"
689379,SL,1.35,3.6,0.375,"Anderson, Aidan"
689520,FF,58.0,93.0,0.6236559139784946,"Laweryson, Cody"
689520,CH,25.0,93.0,0.26881720430107525,"Laweryson, Cody"
689520,FC,10.0,93.0,0.10752688172043011,"Laweryson, Cody"
689672,CH,217.6,612.85,0.35506241331484045,"Thorpe, Drew"
689672,FF,197.2,612.85,0.32177531206657417,"Thorpe, Drew"
689672,SL,89.25,612.85,0.14563106796116504,"Thorpe, Drew"
689672,FC,88.39999999999999,612.85,0.14424410540915394,"Thorpe, Drew"
689672,ST,20.4,612.85,0.033287101248266296,"Thorpe, Drew"
689690,FF,264.5,744.75,0.3551527358173884,"Jacob, Alek"
689690,CH,230.25,744.75,0.30916414904330314,"Jacob, Alek"
689690,SI,156.25,744.75,0.2098019469620678,"Jacob, Alek"
689690,ST,93.75,744.75,0.12588116817724068,"Jacob, Alek"
689958,FF,89.55,141.2,0.6342067988668556,"Walters, Andrew"
689958,SL,51.65,141.2,0.3657932011331445,"Walters, Andrew"
689981,FF,100.3,250.75,0.39999999999999997,"Ryan, River"
689981,SL,56.949999999999996,250.75,0.22711864406779658,"Ryan, River"
689981,CU,39.1,250.75,0.15593220338983052,"Ryan, River"
689981,SI,25.5,250.75,0.1016949152542373,"Ryan, River"
689981,CH,21.25,250.75,0.0847457627118644,"Ryan, River"
689981,FC,7.6499999999999995,250.75,0.030508474576271184,"Ryan, River"
690382,SI,68.0,158.0,0.43037974683544306,"Darrell-Hicks, Michael"
690382,FC,53.0,158.0,0.33544303797468356,"Darrell-Hicks, Michael"
690382,ST,30.0,158.0,0.189873417721519,"Darrell-Hicks, Michael"
690382,FF,7.0,158.0,0.04430379746835443,"Darrell-Hicks, Michael"
690544,ST,226.85,481.55,0.47108296127089605,"Horn, Bailey"
690544,FF,134.2,481.55,0.2786834181289585,"Horn, Bailey"
690544,FC,59.5,481.55,0.12355933963243693,"Horn, Bailey"
690544,SI,44.0,481.55,0.0913716125012979,"Horn, Bailey"
690544,CU,17.0,481.55,0.03530266846641055,"Horn, Bailey"
690829,FF,327.15,633.15,0.5167022032693674,"Joyce, Ben"
690829,SI,189.79999999999998,633.15,0.2997709863381505,"Joyce, Ben"
690829,SL,97.7,633.15,0.154307825949617,"Joyce, Ben"
690829,CH,17.849999999999998,633.15,0.028192371475953562,"Joyce, Ben"
690829,ST,0.65,633.15,0.0010266129669114744,"Joyce, Ben"
690916,FF,385.0,930.9,0.41357825760017186,"Fitts, Richard"
690916,SL,269.3,930.9,0.28928993447201634,"Fitts, Richard"
690916,ST,93.7,930.9,0.10065527983671715,"Fitts, Richard"
690916,CU,76.0,930.9,0.08164142227951444,"Fitts, Richard"
690916,SI,62.0,930.9,0.06660221291223548,"Fitts, Richard"
690916,FS,28.9,930.9,0.031045225051025888,"Fitts, Richard"
690916,CH,16.0,930.9,0.017187667848318832,"Fitts, Richard"
690925,FF,277.35,505.8,0.5483392645314353,"Beeter, Clayton"
690925,SL,228.45,505.8,0.4516607354685646,"Beeter, Clayton"
690928,FF,377.0,931.0,0.40494092373791624,"Dobbins, Hunter"
690928,SL,252.0,931.0,0.2706766917293233,"Dobbins, Hunter"
690928,CU,112.0,931.0,0.12030075187969924,"Dobbins, Hunter"
690928,ST,96.0,931.0,0.10311493018259936,"Dobbins, Hunter"
690928,FS,81.0,931.0,0.08700322234156821,"Dobbins, Hunter"
690928,SI,13.0,931.0,0.013963480128893663,"Dobbins, Hunter"
690953,FF,303.0,720.0,0.42083333333333334,"Abel, Mick"
690953,CU,154.0,720.0,0.21388888888888888,"Abel, Mick"
690953,SI,95.0,720.0,0.13194444444444445,"Abel, Mick"
690953,SL,83.0,720.0,0.11527777777777778,"Abel, Mick"
690953,CH,63.0,720.0,0.0875,"Abel, Mick"
690953,ST,22.0,720.0,0.030555555555555555,"Abel, Mick"
690986,FF,1546.25,2671.9,0.5787080354803698,"Harrison, Kyle"
690986,SV,648.3,2671.9,0.2426363262098132,"Harrison, Kyle"
690986,CH,427.75,2671.9,0.16009206931397132,"Harrison, Kyle"
690986,FC,33.6,2671.9,0.012575320932669635,"Harrison, Kyle"
690986,SI,14.15,2671.9,0.00529585688087129,"Harrison, Kyle"
690986,OTHER,1.0,2671.9,0.0003742655039485011,"Harrison, Kyle"
690986,CU,0.85,2671.9,0.0003181256783562259,"Harrison, Kyle"
690990,FF,899.0,1788.0,0.5027964205816555,"Horton, Cade"
690990,ST,387.0,1788.0,0.21644295302013422,"Horton, Cade"
690990,CH,228.0,1788.0,0.12751677852348994,"Horton, Cade"
690990,CU,174.0,1788.0,0.09731543624161074,"Horton, Cade"
690990,SI,98.0,1788.0,0.05480984340044743,"Horton, Cade"
690990,SL,2.0,1788.0,0.0011185682326621924,"Horton, Cade"
690997,SI,206.0,739.0,0.2787550744248985,"McLean, Nolan"
690997,ST,190.0,739.0,0.2571041948579161,"McLean, Nolan"
690997,CU,117.0,739.0,0.15832205683355885,"McLean, Nolan"
690997,FF,98.0,739.0,0.13261163734776726,"McLean, Nolan"
690997,CH,64.0,739.0,0.08660351826792964,"McLean, Nolan"
690997,FC,63.0,739.0,0.08525033829499323,"McLean, Nolan"
690997,OTHER,1.0,739.0,0.0013531799729364006,"McLean, Nolan"
691094,FF,23.9,69.1,0.3458755426917511,"Wynne, Randy"
691094,CH,11.2,69.1,0.16208393632416787,"Wynne, Randy"
691094,SI,10.5,69.1,0.1519536903039074,"Wynne, Randy"
691094,FC,9.65,69.1,0.13965267727930536,"Wynne, Randy"
691094,SL,8.85,69.1,0.12807525325615052,"Wynne, Randy"
691094,CU,5.0,69.1,0.07235890014471781,"Wynne, Randy"
691172,SI,206.6,383.09999999999997,0.5392847820412425,"Zulueta, Yosver"
691172,SL,126.2,383.09999999999997,0.3294179065518142,"Zulueta, Yosver"
691172,FF,37.9,383.09999999999997,0.09892978334638476,"Zulueta, Yosver"
691172,CH,10.7,383.09999999999997,0.027930044374836857,"Zulueta, Yosver"
691172,ST,1.7,383.09999999999997,0.004437483685721744,"Zulueta, Yosver"
691251,FF,116.0,255.0,0.4549019607843137,"Lara, Andry"
691251,SL,83.0,255.0,0.3254901960784314,"Lara, Andry"
691251,SI,41.0,255.0,0.1607843137254902,"Lara, Andry"
691251,FS,15.0,255.0,0.058823529411764705,"Lara, Andry"
691441,FF,51.95,159.5,0.32570532915360506,"Mena, Cristian"
691441,CU,51.7,159.5,0.3241379310344828,"Mena, Cristian"
691441,CH,21.8,159.5,0.13667711598746082,"Mena, Cristian"
691441,SI,17.1,159.5,0.10721003134796239,"Mena, Cristian"
691441,ST,16.95,159.5,0.10626959247648902,"Mena, Cristian"
691548,SI,42.0,78.0,0.5384615384615384,"Muñoz, Rolddy"
691548,SL,35.0,78.0,0.44871794871794873,"Muñoz, Rolddy"
691548,FF,1.0,78.0,0.01282051282051282,"Muñoz, Rolddy"
691587,FF,1312.05,2670.1,0.49138609040859893,"Pérez, Eury"
691587,SL,673.45,2670.1,0.25221901801430663,"Pérez, Eury"
691587,CU,293.1,2670.1,0.1097711696191154,"Pérez, Eury"
691587,CH,228.5,2670.1,0.08557731920152803,"Pérez, Eury"
691587,ST,130.0,2670.1,0.04868731508183214,"Pérez, Eury"
691587,SI,17.0,2670.1,0.006366802741470357,"Pérez, Eury"
691587,FC,16.0,2670.1,0.005992284933148571,"Pérez, Eury"
691594,OTHER,170.0,170.0,1.0,"Sanoja, Javier"
691769,FF,52.0,71.0,0.7323943661971831,"Abner, Philip"
691769,SL,15.0,71.0,0.2112676056338028,"Abner, Philip"
691769,CU,4.0,71.0,0.056338028169014086,"Abner, Philip"
691799,FF,338.0,610.0,0.5540983606557377,"Taylor, Grant"
691799,CU,132.0,610.0,0.21639344262295082,"Taylor, Grant"
691799,FC,102.0,610.0,0.16721311475409836,"Taylor, Grant"
691799,SL,38.0,610.0,0.06229508196721312,"Taylor, Grant"
691951,FF,250.1,491.7,0.5086434817978442,"Aldegheri, Sam"
691951,CH,111.95,491.7,0.2276794793573317,"Aldegheri, Sam"
691951,SL,78.5,491.7,0.1596501932072402,"Aldegheri, Sam"
691951,CU,51.15,491.7,0.1040268456375839,"Aldegheri, Sam"
692024,FF,35.0,84.0,0.4166666666666667,"Carrillo, Alex"
692024,SL,27.0,84.0,0.32142857142857145,"Carrillo, Alex"
692024,FS,22.0,84.0,0.2619047619047619,"Carrillo, Alex"
692030,FF,20.0,41.0,0.4878048780487805,"Corniell, Jose"
692030,FC,12.0,41.0,0.2926829268292683,"Corniell, Jose"
692030,CH,8.0,41.0,0.1951219512195122,"Corniell, Jose"
692030,ST,1.0,41.0,0.024390243902439025,"Corniell, Jose"
692230,FF,89.7,406.05,0.22090875507942373,"Rodriguez, Carlos"
692230,FC,79.55,406.05,0.19591183351803965,"Rodriguez, Carlos"
692230,CH,77.45,406.05,0.19074005664327054,"Rodriguez, Carlos"
692230,SI,53.65,406.05,0.1321265853958872,"Rodriguez, Carlos"
692230,ST,42.4,406.05,0.10442063785248122,"Rodriguez, Carlos"
692230,CU,35.25,406.05,0.08681196896933875,"Rodriguez, Carlos"
692230,SL,28.05,406.05,0.06908016254155892,"Rodriguez, Carlos"
692285,FF,159.7,402.05,0.39721427683123983,"Guerrero, Luis"
692285,SL,124.0,402.05,0.30841935082701155,"Guerrero, Luis"
692285,ST,75.3,402.05,0.187290138042532,"Guerrero, Luis"
692285,CH,42.05,402.05,0.10458898146996641,"Guerrero, Luis"
692285,OTHER,1.0,402.05,0.002487252829250093,"Guerrero, Luis"
693312,FF,814.85,1531.65,0.5320079652662162,"Nicolas, Kyle"
693312,SL,378.3,1531.65,0.24698854176868082,"Nicolas, Kyle"
693312,CU,335.5,1531.65,0.2190448209447328,"Nicolas, Kyle"
693312,SI,2.0,1531.65,0.0013057813469134593,"Nicolas, Kyle"
693312,CH,1.0,1531.65,0.0006528906734567297,"Nicolas, Kyle"
693313,SI,263.0,621.0,0.42351046698872785,"Seymour, Carson"
693313,FF,136.0,621.0,0.21900161030595813,"Seymour, Carson"
693313,SL,131.0,621.0,0.2109500805152979,"Seymour, Carson"
693313,FC,62.0,621.0,0.0998389694041868,"Seymour, Carson"
693313,CU,29.0,621.0,0.04669887278582931,"Seymour, Carson"
693433,FF,2403.8,5037.8,0.4771527253960062,"Woo, Bryan"
693433,SI,1243.15,5037.8,0.24676446067727978,"Woo, Bryan"
693433,SL,575.75,5037.8,0.11428599785620706,"Woo, Bryan"
693433,ST,456.8,5037.8,0.09067450077414745,"Woo, Bryan"
693433,CH,358.3,5037.8,0.07112231529635953,"Woo, Bryan"
693645,FF,750.0,1360.0,0.5514705882352942,"Schlittler, Cam"
693645,FC,268.0,1360.0,0.19705882352941176,"Schlittler, Cam"
693645,CU,197.0,1360.0,0.1448529411764706,"Schlittler, Cam"
693645,SI,101.0,1360.0,0.07426470588235294,"Schlittler, Cam"
693645,ST,29.0,1360.0,0.021323529411764706,"Schlittler, Cam"
693645,SL,15.0,1360.0,0.011029411764705883,"Schlittler, Cam"
693821,SI,2244.65,5493.1,0.40863082776574244,"Elder, Bryce"
693821,SL,1874.3,5493.1,0.3412098814876845,"Elder, Bryce"
693821,FF,705.95,5493.1,0.1285157743350749,"Elder, Bryce"
693821,CH,667.35,5493.1,0.12148877682911288,"Elder, Bryce"
693821,FC,0.85,5493.1,0.0001547395823851741,"Elder, Bryce"
693855,FF,317.0,995.0,0.3185929648241206,"Seymour, Ian"
693855,CH,314.0,995.0,0.3155778894472362,"Seymour, Ian"
693855,FC,214.0,995.0,0.2150753768844221,"Seymour, Ian"
693855,SI,54.0,995.0,0.054271356783919596,"Seymour, Ian"
693855,ST,54.0,995.0,0.054271356783919596,"Seymour, Ian"
693855,SL,26.0,995.0,0.02613065326633166,"Seymour, Ian"
693855,CU,16.0,995.0,0.016080402010050253,"Seymour, Ian"
694037,FF,960.7,1424.65,0.6743410662267926,"Palencia, Daniel"
694037,SL,352.15,1424.65,0.24718351875899341,"Palencia, Daniel"
694037,FS,61.95,1424.65,0.043484364580774225,"Palencia, Daniel"
694037,SI,30.6,1424.65,0.02147895974449865,"Palencia, Daniel"
694037,CU,15.350000000000001,1424.65,0.01077457621170112,"Palencia, Daniel"
694037,CH,3.9000000000000004,1424.65,0.002737514477240024,"Palencia, Daniel"
694297,FF,1916.85,6233.45,0.30751028724061313,"Pfaadt, Brandon"
694297,ST,1442.3,6233.45,0.2313806960832284,"Pfaadt, Brandon"
694297,SI,1297.75,6233.45,0.2081912905373429,"Pfaadt, Brandon"
694297,CH,834.5,6233.45,0.13387449967513979,"Pfaadt, Brandon"
694297,CU,457.3,6233.45,0.0733622632731473,"Pfaadt, Brandon"
694297,FC,267.0,6233.45,0.042833422903849394,"Pfaadt, Brandon"
694297,FS,13.6,6233.45,0.0021817773464133023,"Pfaadt, Brandon"
694297,OTHER,4.15,6233.45,0.0006657629402658239,"Pfaadt, Brandon"
694335,SI,457.0,964.0,0.47406639004149376,"Svanson, Matt"
694335,ST,336.0,964.0,0.34854771784232363,"Svanson, Matt"
694335,FC,158.0,964.0,0.16390041493775934,"Svanson, Matt"
694335,FF,13.0,964.0,0.013485477178423237,"Svanson, Matt"
694350,FF,294.3,547.4,0.5376324442820607,"Brzykcy, Zach"
694350,CU,132.4,547.4,0.24187066130800147,"Brzykcy, Zach"
694350,CH,120.7,547.4,0.22049689440993792,"Brzykcy, Zach"
694359,OTHER,25.0,25.0,1.0,"Kavadas, Niko"
694361,FF,245.55,429.1,0.5722442321137264,"Klein, Will"
694361,CU,95.05,429.1,0.2215101374970869,"Klein, Will"
694361,FC,49.0,429.1,0.11419249592169657,"Klein, Will"
694361,SL,25.5,429.1,0.05942670706129107,"Klein, Will"
694361,ST,14.0,429.1,0.03262642740619902,"Klein, Will"
694363,FF,747.9,1938.1,0.38589340075331513,"Shuster, Jared"
694363,SL,570.55,1938.1,0.29438625457922707,"Shuster, Jared"
694363,CH,553.5,1938.1,0.28558897889685775,"Shuster, Jared"
694363,SI,64.15,1938.1,0.033099427274134466,"Shuster, Jared"
694363,ST,2.0,1938.1,0.0010319384964656106,"Shuster, Jared"
694462,FS,317.25,975.05,0.3253679298497513,"Waldrep, Hurston"
694462,FC,188.0,975.05,0.19281062509614894,"Waldrep, Hurston"
694462,SI,162.0,975.05,0.16614532588072406,"Waldrep, Hurston"
694462,SL,125.5,975.05,0.12871134813599303,"Waldrep, Hurston"
694462,CU,117.25,975.05,0.12025024357725246,"Waldrep, Hurston"
694462,FF,65.05,975.05,0.06671452746013025,"Waldrep, Hurston"
694477,FC,819.0,1988.0,0.4119718309859155,"Patrick, Chad"
694477,SI,460.0,1988.0,0.23138832997987926,"Patrick, Chad"
694477,FF,439.0,1988.0,0.22082494969818914,"Patrick, Chad"
694477,CH,133.0,1988.0,0.06690140845070422,"Patrick, Chad"
694477,SL,105.0,1988.0,0.0528169014084507,"Patrick, Chad"
694477,SV,32.0,1988.0,0.01609657947686117,"Patrick, Chad"
694646,FF,133.9,264.7,0.5058556856819041,"McDermott, Chayce"
694646,SL,68.15,264.7,0.25746127691726484,"McDermott, Chayce"
694646,FC,21.0,264.7,0.07933509633547413,"McDermott, Chayce"
694646,CH,13.6,264.7,0.05137891953154514,"McDermott, Chayce"
694646,FS,10.0,264.7,0.037778617302606725,"McDermott, Chayce"
694646,ST,9.25,264.7,0.03494522100491122,"McDermott, Chayce"
694646,CU,8.8,264.7,0.03324518322629392,"McDermott, Chayce"
694738,SI,1032.25,2593.05,0.3980833381539114,"Roupp, Landen"
694738,CU,984.7,2593.05,0.37974585912342607,"Roupp, Landen"
694738,CH,387.25,2593.05,0.1493415090337633,"Roupp, Landen"
694738,FC,124.0,2593.05,0.047820134590540096,"Roupp, Landen"
694738,FF,33.4,2593.05,0.012880584639709992,"Roupp, Landen"
694738,SL,30.599999999999998,2593.05,0.011800775148955861,"Roupp, Landen"
694738,OTHER,0.85,2593.05,0.0003277993096932184,"Roupp, Landen"
694813,CH,579.7,2113.35,0.27430383041143214,"Stone, Gavin"
694813,FF,552.9,2113.35,0.26162254240897154,"Stone, Gavin"
694813,SI,430.25,2113.35,0.20358672250218848,"Stone, Gavin"
694813,SL,292.2,2113.35,0.1382638938178721,"Stone, Gavin"
694813,FC,150.75,2113.35,0.07133224501384058,"Stone, Gavin"
694813,CU,76.1,2113.35,0.036009179738330135,"Stone, Gavin"
694813,ST,31.45,2113.35,0.014881586107365084,"Stone, Gavin"
694819,FF,642.0,1164.0,0.5515463917525774,"Misiorowski, Jacob"
694819,SL,283.0,1164.0,0.24312714776632302,"Misiorowski, Jacob"
694819,CU,170.0,1164.0,0.14604810996563575,"Misiorowski, Jacob"
694819,CH,69.0,1164.0,0.059278350515463915,"Misiorowski, Jacob"
694851,CH,117.0,245.0,0.4775510204081633,"Hoffmann, Andrew"
694851,FF,102.0,245.0,0.4163265306122449,"Hoffmann, Andrew"
694851,SL,20.0,245.0,0.08163265306122448,"Hoffmann, Andrew"
694851,CU,6.0,245.0,0.024489795918367346,"Hoffmann, Andrew"
694918,FF,120.0,309.0,0.3883495145631068,"Tidwell, Blade"
694918,ST,67.0,309.0,0.2168284789644013,"Tidwell, Blade"
694918,SI,58.0,309.0,0.18770226537216828,"Tidwell, Blade"
694918,SL,53.0,309.0,0.1715210355987055,"Tidwell, Blade"
694918,CH,10.0,309.0,0.032362459546925564,"Tidwell, Blade"
694918,CU,1.0,309.0,0.003236245954692557,"Tidwell, Blade"
694973,FF,1840.9,4709.25,0.39091150395498225,"Skenes, Paul"
694973,FS,878.55,4709.25,0.1865583691670648,"Skenes, Paul"
694973,ST,653.2,4709.25,0.1387057387057387,"Skenes, Paul"
694973,CH,412.9,4709.25,0.08767850506980941,"Skenes, Paul"
694973,CU,339.5,4709.25,0.07209215904868078,"Skenes, Paul"
694973,SI,310.0,4709.25,0.06582789191484843,"Skenes, Paul"
694973,SL,274.2,4709.25,0.05822583213887562,"Skenes, Paul"
695076,FF,115.6,423.3,0.2730923694779116,"Lowder, Rhett"
695076,SL,115.6,423.3,0.2730923694779116,"Lowder, Rhett"
695076,SI,109.64999999999999,423.3,0.2590361445783132,"Lowder, Rhett"
695076,CH,82.45,423.3,0.19477911646586346,"Lowder, Rhett"
695243,FF,1268.55,2235.75,0.5673934921167393,"Miller, Mason"
695243,SL,851.5,2235.75,0.38085653583808565,"Miller, Mason"
695243,CH,65.9,2235.75,0.029475567482947558,"Miller, Mason"
695243,FC,48.1,2235.75,0.021514033322151405,"Miller, Mason"
695243,FS,1.7,2235.75,0.0007603712400760371,"Miller, Mason"
695418,FF,1021.0,2106.0,0.48480531813865146,"Lord, Brad"
695418,SL,430.0,2106.0,0.20417853751187084,"Lord, Brad"
695418,SI,377.0,2106.0,0.17901234567901234,"Lord, Brad"
695418,CH,274.0,2106.0,0.13010446343779677,"Lord, Brad"
695418,ST,3.0,2106.0,0.0014245014245014246,"Lord, Brad"
695418,OTHER,1.0,2106.0,0.0004748338081671415,"Lord, Brad"
695445,SI,229.0,600.0,0.38166666666666665,"Lee, Chase"
695445,ST,209.0,600.0,0.34833333333333333,"Lee, Chase"
695445,FF,126.0,600.0,0.21,"Lee, Chase"
695445,CH,36.0,600.0,0.06,"Lee, Chase"
695505,FF,449.0,778.0,0.577120822622108,"Burns, Chase"
695505,SL,264.0,778.0,0.3393316195372751,"Burns, Chase"
695505,CH,43.0,778.0,0.055269922879177376,"Burns, Chase"
695505,CU,13.0,778.0,0.016709511568123392,"Burns, Chase"
695505,SI,8.0,778.0,0.010282776349614395,"Burns, Chase"
695505,OTHER,1.0,778.0,0.0012853470437017994,"Burns, Chase"
695534,SL,54.0,169.0,0.31952662721893493,"Petty, Chase"
695534,SI,39.0,169.0,0.23076923076923078,"Petty, Chase"
695534,FF,37.0,169.0,0.21893491124260356,"Petty, Chase"
695534,CH,20.0,169.0,0.11834319526627218,"Petty, Chase"
695534,ST,19.0,169.0,0.11242603550295859,"Petty, Chase"
695549,FF,266.65,851.55,0.3131348717045388,"Jobe, Jackson"
695549,SL,253.5,851.55,0.2976924431918267,"Jobe, Jackson"
695549,CH,144.35,851.55,0.16951441489049382,"Jobe, Jackson"
695549,SI,110.0,851.55,0.12917620809112795,"Jobe, Jackson"
695549,CU,62.0,851.55,0.07280840819681757,"Jobe, Jackson"
695549,ST,8.25,851.55,0.009688215606834596,"Jobe, Jackson"
695549,FC,6.8,851.55,0.007985438318360637,"Jobe, Jackson"
696131,FF,206.65,637.55,0.32413144067131994,"Black, Mason"
696131,SI,179.9,637.55,0.2821739471414007,"Black, Mason"
696131,ST,165.79999999999998,637.55,0.2600580346639479,"Black, Mason"
696131,SL,44.199999999999996,637.55,0.06932789585130578,"Black, Mason"
696131,FC,25.4,637.55,0.03984001254803545,"Black, Mason"
696131,CH,15.6,637.55,0.024468669123990275,"Black, Mason"
696136,FF,491.4,1247.9,0.39378155300905515,"Wicks, Jordan"
696136,CH,331.2,1247.9,0.265405881881561,"Wicks, Jordan"
696136,SI,176.0,1247.9,0.14103694206266526,"Wicks, Jordan"
696136,SL,86.1,1247.9,0.06899591313406522,"Wicks, Jordan"
696136,CU,74.65,1247.9,0.05982049843737479,"Wicks, Jordan"
696136,ST,51.5,1247.9,0.041269332478563986,"Wicks, Jordan"
696136,FC,37.050000000000004,1247.9,0.02968987899671448,"Wicks, Jordan"
696147,SL,308.5,540.4,0.5708734270910437,"Bachman, Sam"
696147,SI,192.65,540.4,0.35649518874907477,"Bachman, Sam"
696147,CH,32.25,540.4,0.0596780162842339,"Bachman, Sam"
696147,FF,6.0,540.4,0.011102886750555145,"Bachman, Sam"
696147,OTHER,1.0,540.4,0.0018504811250925242,"Bachman, Sam"
696149,FF,249.0,461.0,0.5401301518438177,"Chandler, Bubba"
696149,CH,104.0,461.0,0.22559652928416485,"Chandler, Bubba"
696149,SL,80.0,461.0,0.1735357917570499,"Chandler, Bubba"
696149,CU,28.0,461.0,0.06073752711496746,"Chandler, Bubba"
696270,FC,97.0,219.0,0.4429223744292237,"Johnson, Ryan"
696270,ST,58.0,219.0,0.2648401826484018,"Johnson, Ryan"
696270,SI,41.0,219.0,0.1872146118721461,"Johnson, Ryan"
696270,SL,13.0,219.0,0.0593607305936073,"Johnson, Ryan"
696270,FS,10.0,219.0,0.045662100456621,"Johnson, Ryan"
697812,SI,64.0,145.0,0.4413793103448276,"Rock, Joe"
697812,SL,38.0,145.0,0.2620689655172414,"Rock, Joe"
697812,FF,33.0,145.0,0.22758620689655173,"Rock, Joe"
697812,CH,10.0,145.0,0.06896551724137931,"Rock, Joe"
699134,FF,52.0,127.0,0.4094488188976378,"Rodriguez, Bradgley"
699134,SI,32.0,127.0,0.25196850393700787,"Rodriguez, Bradgley"
699134,CH,30.0,127.0,0.23622047244094488,"Rodriguez, Bradgley"
699134,FC,13.0,127.0,0.10236220472440945,"Rodriguez, Bradgley"
699479,CU,1.8,4.95,0.36363636363636365,"Broadway, Taylor"
699479,SI,1.8,4.95,0.36363636363636365,"Broadway, Taylor"
699479,FF,1.35,4.95,0.27272727272727276,"Broadway, Taylor"
699911,FF,98.0,186.0,0.5268817204301075,"Darnell, Dugan"
699911,FS,50.0,186.0,0.26881720430107525,"Darnell, Dugan"
699911,SL,38.0,186.0,0.20430107526881722,"Darnell, Dugan"
700187,FF,220.4,414.8,0.5313404050144648,"Taylor, Troy"
700187,ST,165.75,414.8,0.3995901639344262,"Taylor, Troy"
700187,SI,22.4,414.8,0.054001928640308575,"Taylor, Troy"
700187,CH,6.25,414.8,0.015067502410800385,"Taylor, Troy"
700241,FF,424.85,1729.35,0.24567033856651346,"McGreevy, Michael"
700241,SI,420.2,1729.35,0.2429814670251829,"McGreevy, Michael"
700241,ST,346.15,1729.35,0.2001619105444242,"McGreevy, Michael"
700241,CU,193.15,1729.35,0.11168936305548328,"McGreevy, Michael"
700241,FC,172.05,1729.35,0.09948824702923065,"McGreevy, Michael"
700241,CH,169.95,1729.35,0.09827391794604909,"McGreevy, Michael"
700241,SL,3.0,1729.35,0.001734755833116489,"McGreevy, Michael"
700249,FF,1171.1,3057.65,0.38300655732343464,"Povich, Cade"
700249,CU,641.2,3057.65,0.20970353048910112,"Povich, Cade"
700249,CH,415.35,3057.65,0.13583961539090478,"Povich, Cade"
700249,SI,333.6,3057.65,0.10910339639919546,"Povich, Cade"
700249,ST,267.05,3057.65,0.08733831537291711,"Povich, Cade"
700249,FC,121.39999999999999,3057.65,0.039703694013376284,"Povich, Cade"
700249,SL,107.95,3057.65,0.035304891011070594,"Povich, Cade"
700270,FF,265.2,458.65,0.5782186852719939,"Díaz, Yilber"
700270,SL,129.8,458.65,0.28300446963915843,"Díaz, Yilber"
700270,KC,61.949999999999996,458.65,0.13507031505505288,"Díaz, Yilber"
700270,SI,1.7,458.65,0.003706530033794833,"Díaz, Yilber"
700363,FF,521.95,1027.7,0.5078816775323538,"Smith-Shawver, AJ"
700363,FS,249.65,1027.7,0.24292108592001557,"Smith-Shawver, AJ"
700363,CU,143.6,1027.7,0.13972949304271673,"Smith-Shawver, AJ"
700363,SL,89.75,1027.7,0.08733093315169796,"Smith-Shawver, AJ"
700363,CH,22.75,1027.7,0.022136810353215918,"Smith-Shawver, AJ"
700412,FF,3.6,6.3,0.5714285714285715,"Haase, Aaron"
700412,CH,0.9,6.3,0.14285714285714288,"Haase, Aaron"
700412,CU,0.9,6.3,0.14285714285714288,"Haase, Aaron"
700412,SI,0.45,6.3,0.07142857142857144,"Haase, Aaron"
700412,SL,0.45,6.3,0.07142857142857144,"Haase, Aaron"
700669,FF,365.55,845.25,0.4324755989352263,"Graceffo, Gordon"
700669,SL,218.0,845.25,0.25791186039633246,"Graceffo, Gordon"
700669,CU,208.6,845.25,0.24679089026915113,"Graceffo, Gordon"
700669,CH,42.1,845.25,0.049807749186631174,"Graceffo, Gordon"
700669,SI,11.0,845.25,0.013013901212658977,"Graceffo, Gordon"
701121,FF,96.0,182.0,0.5274725274725275,"VanWey, Logan"
701121,ST,43.0,182.0,0.23626373626373626,"VanWey, Logan"
701121,CH,22.0,182.0,0.12087912087912088,"VanWey, Logan"
701121,SI,15.0,182.0,0.08241758241758242,"VanWey, Logan"
701121,FC,6.0,182.0,0.03296703296703297,"VanWey, Logan"
701487,FF,238.0,544.0,0.4375,"Ohl, Pierson"
701487,CH,205.0,544.0,0.37683823529411764,"Ohl, Pierson"
701487,FC,64.0,544.0,0.11764705882352941,"Ohl, Pierson"
701487,CU,32.0,544.0,0.058823529411764705,"Ohl, Pierson"
701487,OTHER,5.0,544.0,0.009191176470588236,"Ohl, Pierson"
701519,FF,195.0,663.0,0.29411764705882354,"Adams, Travis"
701519,SL,133.0,663.0,0.20060331825037708,"Adams, Travis"
701519,FC,123.0,663.0,0.18552036199095023,"Adams, Travis"
701519,CH,111.0,663.0,0.167420814479638,"Adams, Travis"
701519,SI,74.0,663.0,0.11161387631975868,"Adams, Travis"
701519,CU,27.0,663.0,0.04072398190045249,"Adams, Travis"
701542,FF,1317.0,3275.3,0.4021005709400665,"Warren, Will"
701542,SI,716.85,3275.3,0.21886544743992917,"Warren, Will"
701542,ST,697.7,3275.3,0.21301865477971485,"Warren, Will"
701542,CH,325.6,3275.3,0.09941074100082435,"Warren, Will"
701542,CU,202.0,3275.3,0.061673739810093726,"Warren, Will"
701542,FC,16.15,3275.3,0.004930846029371354,"Warren, Will"
701552,SL,235.0,361.0,0.6509695290858726,"Granillo, Andre"
701552,FF,102.0,361.0,0.28254847645429365,"Granillo, Andre"
701552,CH,20.0,361.0,0.055401662049861494,"Granillo, Andre"
701552,SI,4.0,361.0,0.0110803324099723,"Granillo, Andre"
701581,FF,653.7,1816.1499999999999,0.35993722985436233,"Festa, David"
701581,SL,532.65,1816.1499999999999,0.2932852462626986,"Festa, David"
701581,CH,517.8,1816.1499999999999,0.28510860887041267,"Festa, David"
701581,SI,112.0,1816.1499999999999,0.061668915012526505,"Festa, David"
701619,FF,6.75,12.15,0.5555555555555556,"Ruiz, Alfredo"
701619,CU,3.6,12.15,0.2962962962962963,"Ruiz, Alfredo"
701619,SI,1.35,12.15,0.11111111111111112,"Ruiz, Alfredo"
701619,CH,0.45,12.15,0.037037037037037035,"Ruiz, Alfredo"
701643,SI,229.20000000000002,515.65,0.44448753999806073,"Hartwig, Grant"
701643,ST,163.8,515.65,0.3176573257054204,"Hartwig, Grant"
701643,FC,94.05,515.65,0.18239115679239795,"Hartwig, Grant"
701643,CH,24.35,515.65,0.04722195287501212,"Hartwig, Grant"
701643,FF,4.25,515.65,0.008242024629108892,"Hartwig, Grant"
701656,FF,200.0,410.0,0.4878048780487805,"Henderson, Logan"
701656,CH,164.0,410.0,0.4,"Henderson, Logan"
701656,FC,32.0,410.0,0.07804878048780488,"Henderson, Logan"
701656,SL,14.0,410.0,0.03414634146341464,"Henderson, Logan"
702056,FF,143.0,317.0,0.45110410094637227,"Yesavage, Trey"
702056,FS,92.0,317.0,0.2902208201892745,"Yesavage, Trey"
702056,SL,82.0,317.0,0.2586750788643533,"Yesavage, Trey"
702070,FF,571.0,2164.0,0.26386321626617376,"Cameron, Noah"
702070,FC,468.0,2164.0,0.21626617375231053,"Cameron, Noah"
702070,CU,417.0,2164.0,0.19269870609981515,"Cameron, Noah"
702070,CH,402.0,2164.0,0.18576709796672827,"Cameron, Noah"
702070,SL,306.0,2164.0,0.1414048059149723,"Cameron, Noah"
702352,SI,779.55,1906.8,0.40882630585273755,"Bivens, Spencer"
702352,FC,400.05,1906.8,0.20980176211453747,"Bivens, Spencer"
702352,CH,280.4,1906.8,0.14705265366058318,"Bivens, Spencer"
702352,ST,258.55,1906.8,0.1355936647786868,"Bivens, Spencer"
702352,FF,116.7,1906.8,0.06120201384518566,"Bivens, Spencer"
702352,SV,69.0,1906.8,0.03618628067967275,"Bivens, Spencer"
702352,SL,2.55,1906.8,0.0013373190685966015,"Bivens, Spencer"
702674,FF,344.8,737.1,0.4677791344458011,"Dana, Caden"
702674,SL,201.75,737.1,0.2737077737077737,"Dana, Caden"
702674,CH,124.3,737.1,0.16863383530050197,"Dana, Caden"
702674,CU,57.75,737.1,0.07834757834757834,"Dana, Caden"
702674,FC,8.5,737.1,0.011531678198344865,"Dana, Caden"
702752,FC,21.0,29.0,0.7241379310344828,"Pintaro, Jonathan"
702752,FF,6.0,29.0,0.20689655172413793,"Pintaro, Jonathan"
702752,CH,2.0,29.0,0.06896551724137931,"Pintaro, Jonathan"
702795,FF,123.15,260.75,0.4722914669223394,"Loutos, Ryan"
702795,SL,55.4,260.75,0.212464046021093,"Loutos, Ryan"
702795,CH,39.85,260.75,0.15282837967401727,"Loutos, Ryan"
702795,ST,30.35,260.75,0.11639501438159157,"Loutos, Ryan"
702795,SI,12.0,260.75,0.046021093000958774,"Loutos, Ryan"
703231,FF,6.8,13.6,0.5,"Meeker, James"
703231,FC,5.1,13.6,0.375,"Meeker, James"
703231,SL,1.7,13.6,0.125,"Meeker, James"
800048,FF,225.0,625.0,0.36,"Messick, Parker"
800048,CH,146.0,625.0,0.2336,"Messick, Parker"
800048,SL,91.0,625.0,0.1456,"Messick, Parker"
800048,SI,84.0,625.0,0.1344,"Messick, Parker"
800048,CU,79.0,625.0,0.1264,"Messick, Parker"
800049,FF,313.35,985.4,0.3179926933225087,"Mazur, Adam"
800049,SL,306.6,985.4,0.31114268317434546,"Mazur, Adam"
800049,CU,115.89999999999999,985.4,0.11761721128475745,"Mazur, Adam"
800049,SI,96.7,985.4,0.09813273797442663,"Mazur, Adam"
800049,CH,92.0,985.4,0.09336310127866856,"Mazur, Adam"
800049,ST,60.85,985.4,0.06175157296529329,"Mazur, Adam"
800311,FF,169.0,293.0,0.5767918088737202,"Fuentes, Didier"
800311,ST,80.0,293.0,0.27303754266211605,"Fuentes, Didier"
800311,CU,35.0,293.0,0.11945392491467577,"Fuentes, Didier"
800311,FS,9.0,293.0,0.030716723549488054,"Fuentes, Didier"
801139,FF,202.0,311.0,0.6495176848874598,"Tolle, Payton"
801139,FC,42.0,311.0,0.13504823151125403,"Tolle, Payton"
801139,SL,29.0,311.0,0.0932475884244373,"Tolle, Payton"
801139,CH,20.0,311.0,0.06430868167202572,"Tolle, Payton"
801139,CU,18.0,311.0,0.05787781350482315,"Tolle, Payton"
801216,FF,16.0,46.0,0.34782608695652173,"Montes De Oca, Christian"
801216,SL,14.0,46.0,0.30434782608695654,"Montes De Oca, Christian"
801216,SI,12.0,46.0,0.2608695652173913,"Montes De Oca, Christian"
801216,CH,4.0,46.0,0.08695652173913043,"Montes De Oca, Christian"
801389,FF,4.05,8.1,0.5,"Snyder, Jack"
801389,SL,2.7,8.1,0.33333333333333337,"Snyder, Jack"
801389,SI,0.9,8.1,0.11111111111111112,"Snyder, Jack"
801389,CH,0.45,8.1,0.05555555555555556,"Snyder, Jack"
801403,FF,867.0,1778.0,0.4876265466816648,"Dollander, Chase"
801403,CU,379.0,1778.0,0.21316085489313835,"Dollander, Chase"
801403,SL,219.0,1778.0,0.12317210348706412,"Dollander, Chase"
801403,SI,175.0,1778.0,0.0984251968503937,"Dollander, Chase"
801403,CH,138.0,1778.0,0.07761529808773904,"Dollander, Chase"
801434,FF,80.0,136.0,0.5882352941176471,"Gervase, Paul"
801434,SL,40.0,136.0,0.29411764705882354,"Gervase, Paul"
801434,FC,16.0,136.0,0.11764705882352941,"Gervase, Paul"
802419,FF,81.0,200.0,0.405,"Harrington, Thomas"
802419,FS,47.0,200.0,0.235,"Harrington, Thomas"
802419,ST,39.0,200.0,0.195,"Harrington, Thomas"
802419,FC,20.0,200.0,0.1,"Harrington, Thomas"
802419,SI,13.0,200.0,0.065,"Harrington, Thomas"
802686,FF,42.0,50.0,0.84,"Harris, Hayden"
802686,ST,6.0,50.0,0.12,"Harris, Hayden"
802686,FS,2.0,50.0,0.04,"Harris, Hayden"
804636,FF,213.0,371.0,0.5741239892183289,"Tong, Jonah"
804636,CH,102.0,371.0,0.2749326145552561,"Tong, Jonah"
804636,CU,46.0,371.0,0.12398921832884097,"Tong, Jonah"
804636,SL,10.0,371.0,0.026954177897574125,"Tong, Jonah"
805123,FF,278.0,507.0,0.5483234714003945,"Blubaugh, AJ"
805123,ST,108.0,507.0,0.21301775147928995,"Blubaugh, AJ"
805123,CH,98.0,507.0,0.1932938856015779,"Blubaugh, AJ"
805123,CU,17.0,507.0,0.03353057199211045,"Blubaugh, AJ"
805123,FC,6.0,507.0,0.011834319526627219,"Blubaugh, AJ"
805299,SI,145.0,277.0,0.5234657039711191,"Garcia, Brandyn"
805299,ST,84.0,277.0,0.30324909747292417,"Garcia, Brandyn"
805299,SL,42.0,277.0,0.15162454873646208,"Garcia, Brandyn"
805299,CH,6.0,277.0,0.021660649819494584,"Garcia, Brandyn"
805427,SI,34.0,78.0,0.4358974358974359,"Sommers, Drew"
805427,SL,33.0,78.0,0.4230769230769231,"Sommers, Drew"
805427,FF,10.0,78.0,0.1282051282051282,"Sommers, Drew"
805427,CH,1.0,78.0,0.01282051282051282,"Sommers, Drew"
805673,FF,817.95,1962.45,0.4168004280363831,"Matthews, Zebby"
805673,SL,500.1,1962.45,0.25483451807689367,"Matthews, Zebby"
805673,FC,273.6,1962.45,0.1394175647787205,"Matthews, Zebby"
805673,CH,191.45,1962.45,0.09755662564651328,"Matthews, Zebby"
805673,CU,121.35,1962.45,0.06183597034319345,"Matthews, Zebby"
805673,SI,58.0,1962.45,0.029554893118296007,"Matthews, Zebby"
806185,FF,1053.15,2373.8,0.4436557418485129,"Birdsong, Hayden"
806185,SL,506.9,2373.8,0.21353947257561712,"Birdsong, Hayden"
806185,CH,418.6,2373.8,0.17634173055859803,"Birdsong, Hayden"
806185,CU,375.15,2373.8,0.15803774538714296,"Birdsong, Hayden"
806185,SV,20.0,2373.8,0.008425309630128906,"Birdsong, Hayden"
806188,CU,259.0,908.0,0.2852422907488987,"Gibson, Cade"
806188,SI,215.0,908.0,0.236784140969163,"Gibson, Cade"
806188,CH,132.0,908.0,0.14537444933920704,"Gibson, Cade"
806188,ST,129.0,908.0,0.1420704845814978,"Gibson, Cade"
806188,SL,87.0,908.0,0.09581497797356828,"Gibson, Cade"
806188,FF,86.0,908.0,0.0947136563876652,"Gibson, Cade"
806960,FF,423.0,821.0,0.5152253349573691,"Morales, Luis"
806960,ST,220.0,821.0,0.2679658952496955,"Morales, Luis"
806960,CH,107.0,821.0,0.13032886723507917,"Morales, Luis"
806960,SL,64.0,821.0,0.0779537149817296,"Morales, Luis"
806960,SI,7.0,821.0,0.008526187576126675,"Morales, Luis"
808963,FF,254.0,526.0,0.4828897338403042,"Sasaki, Roki"
808963,OTHER,187.0,526.0,0.35551330798479086,"Sasaki, Roki"
808963,ST,83.0,526.0,0.15779467680608364,"Sasaki, Roki"
808963,SI,2.0,526.0,0.0038022813688212928,"Sasaki, Roki"
808967,FF,1454.15,3944.3,0.36867124711609156,"Yamamoto, Yoshinobu"
808967,FS,959.0,3944.3,0.24313566412291154,"Yamamoto, Yoshinobu"
808967,CU,774.4,3944.3,0.19633395025733336,"Yamamoto, Yoshinobu"
808967,FC,376.15,3944.3,0.09536546408741728,"Yamamoto, Yoshinobu"
808967,SI,253.85,3944.3,0.0643586948254443,"Yamamoto, Yoshinobu"
808967,SL,124.05,3944.3,0.03145044748117536,"Yamamoto, Yoshinobu"
808967,ST,2.7,3944.3,0.0006845321096265498,"Yamamoto, Yoshinobu"
813349,FF,114.0,401.0,0.28428927680798005,"Early, Connelly"
813349,CH,73.0,401.0,0.18204488778054864,"Early, Connelly"
813349,CU,73.0,401.0,0.18204488778054864,"Early, Connelly"
813349,SI,60.0,401.0,0.14962593516209477,"Early, Connelly"
813349,SL,43.0,401.0,0.10723192019950124,"Early, Connelly"
813349,ST,38.0,401.0,0.09476309226932668,"Early, Connelly"
814005,FF,87.55,202.29999999999998,0.4327731092436975,"Bloss, Jake"
814005,SL,46.75,202.29999999999998,0.23109243697478993,"Bloss, Jake"
814005,CU,26.349999999999998,202.29999999999998,0.13025210084033614,"Bloss, Jake"
814005,ST,21.25,202.29999999999998,0.1050420168067227,"Bloss, Jake"
814005,CH,16.15,202.29999999999998,0.07983193277310924,"Bloss, Jake"
814005,SI,4.25,202.29999999999998,0.02100840336134454,"Bloss, Jake"
815083,FF,202.0,405.0,0.49876543209876545,"Farris, Mitch"
815083,CH,108.0,405.0,0.26666666666666666,"Farris, Mitch"
815083,SL,95.0,405.0,0.2345679012345679,"Farris, Mitch"
820862,SL,317.0,645.0,0.49147286821705427,"Fermin, José"
820862,FF,304.0,645.0,0.47131782945736433,"Fermin, José"
820862,SI,22.0,645.0,0.034108527131782945,"Fermin, José"
820862,CH,2.0,645.0,0.0031007751937984496,"Fermin, José"
829272,FF,261.0,674.0,0.38724035608308605,"Ogasawara, Shinnosuke"
829272,CH,150.0,674.0,0.22255192878338279,"Ogasawara, Shinnosuke"
829272,KC,129.0,674.0,0.1913946587537092,"Ogasawara, Shinnosuke"
829272,SL,125.0,674.0,0.18545994065281898,"Ogasawara, Shinnosuke"
829272,SI,6.0,674.0,0.008902077151335312,"Ogasawara, Shinnosuke"
829272,ST,3.0,674.0,0.004451038575667656,"Ogasawara, Shinnosuke"
